{
"type": "FeatureCollection",
"name": "deptos_light",
"crs": { "type": "name", "properties": { "name": "urn:ogc:def:crs:OGC:1.3:CRS84" } },
"features": [
{ "type": "Feature", "properties": { "dpto_ccdgo": "05", "dpto_cnmbr": "ANTIOQUIA" }, "geometry": { "type": "Polygon", "coordinates": [ [ [ -76.413545686169982, 8.873828895129506 ], [ -76.381166834571673, 8.794208979517173 ], [ -76.419565911642565, 8.754994156959327 ], [ -76.367887884340519, 8.720674675103933 ], [ -76.345626205301016, 8.639821540507072 ], [ -76.314003168937347, 8.656489664529035 ], [ -76.266057423629547, 8.638807096502816 ], [ -76.269213972204511, 8.62364854939961 ], [ -76.250715105326833, 8.610307220105854 ], [ -76.265442273002463, 8.584190249968064 ], [ -76.222811069355316, 8.573270137415939 ], [ -76.236802587193949, 8.554440042565064 ], [ -76.2099963697313, 8.522922530484557 ], [ -76.218668462663459, 8.443560472886759 ], [ -76.180445273170449, 8.397311060802428 ], [ -76.242877291938612, 8.369986245513861 ], [ -76.303430392961218, 8.311179062063362 ], [ -76.303275822422052, 8.284522207602855 ], [ -76.324119900423, 8.264744126165418 ], [ -76.353356158785459, 8.194239021457561 ], [ -76.331147758867928, 8.151459391754051 ], [ -76.36815124274392, 8.152946084971097 ], [ -76.374852223759433, 8.1115444459604 ], [ -76.408526641065976, 8.099717150131042 ], [ -76.408723798071776, 8.073925119755112 ], [ -76.424971537155727, 8.074293808404455 ], [ -76.427648595192579, 8.019794602638163 ], [ -76.411573710971652, 8.006952016590901 ], [ -76.421117385121306, 7.911825226456528 ], [ -76.463539856062653, 7.873088240636987 ], [ -76.481272542037402, 7.821720748601328 ], [ -76.483497340189103, 7.758035070568318 ], [ -76.496631204301423, 7.74971559990414 ], [ -76.485563114849242, 7.68931944636673 ], [ -76.51453012814352, 7.586664648676609 ], [ -76.494363689427303, 7.541824172474653 ], [ -76.452542281721549, 7.50112587087442 ], [ -76.45573018781306, 7.483870593141852 ], [ -76.416286210232272, 7.418504610539292 ], [ -76.386126889958973, 7.393613164411247 ], [ -75.845496013626303, 7.347087268628401 ], [ -75.832109755955685, 7.402072374417413 ], [ -75.817658880637225, 7.415823578352534 ], [ -75.825081124959013, 7.442187750680418 ], [ -75.787779235779169, 7.459836913927848 ], [ -75.775125624875159, 7.501377449660119 ], [ -75.787253859259806, 7.512223404429815 ], [ -75.766781663421625, 7.529083543496771 ], [ -75.776398344610925, 7.544913898017176 ], [ -75.760894255766289, 7.577312092154559 ], [ -75.765253723127103, 7.601943784821305 ], [ -75.748629597724005, 7.613541763932045 ], [ -75.711868757084403, 7.58128682155222 ], [ -75.682790334639776, 7.583446756797088 ], [ -75.671296190078465, 7.597969970807608 ], [ -75.619385267166933, 7.582678508869093 ], [ -75.570898535302661, 7.624923534551298 ], [ -75.55522432876387, 7.624305805757257 ], [ -75.534593152553214, 7.721743720414231 ], [ -75.495701278189415, 7.721711545430096 ], [ -75.477288393627703, 7.773308402693334 ], [ -75.456161793448075, 7.792756247897814 ], [ -75.465569886560502, 7.827691736475458 ], [ -75.422436270944274, 7.819389263746624 ], [ -75.404348103362054, 7.857527887566807 ], [ -75.346754324738242, 7.874967567116276 ], [ -75.329145997138994, 7.92693550165118 ], [ -75.337345677364851, 7.938782706857975 ], [ -75.336715725185002, 7.948100172462136 ], [ -75.309284569942463, 7.947435992646104 ], [ -75.266858733909373, 7.99932180313222 ], [ -75.244027576424855, 8.007604295516591 ], [ -75.235816085140186, 8.029131049659355 ], [ -75.247059613012254, 8.042105460884695 ], [ -75.226761549442415, 8.062976713842248 ], [ -75.18765586509079, 8.04428864454759 ], [ -75.133544067080891, 8.053926693979342 ], [ -75.12550815435344, 8.040137066373941 ], [ -75.0929976473588, 8.070596875144897 ], [ -75.080892594018565, 8.053219657303551 ], [ -75.047405906789663, 8.042404003630855 ], [ -74.968359277581385, 8.090578644345458 ], [ -74.92792783781573, 8.074597632350409 ], [ -74.867110425276451, 8.159158406336878 ], [ -74.865138965711481, 8.199782244727235 ], [ -74.833859963714474, 8.201932673992154 ], [ -74.773561000779864, 8.121778833485504 ], [ -74.760698204418873, 8.130456261516098 ], [ -74.728585988280713, 8.118374935396721 ], [ -74.718081065705348, 8.098132567419562 ], [ -74.673942690829676, 8.077895071908319 ], [ -74.667681088746178, 8.060034020171058 ], [ -74.630918953633284, 8.054645816598532 ], [ -74.614630704989281, 8.031822737670558 ], [ -74.602570888147852, 8.037378417888133 ], [ -74.520450621338171, 7.903287836008861 ], [ -74.525299094200136, 7.782569428899833 ], [ -74.513581171936721, 7.781025399765842 ], [ -74.507038408623373, 7.722627095622487 ], [ -74.475321530577048, 7.70555226352316 ], [ -74.476467162853339, 7.682159137516087 ], [ -74.530606671216844, 7.671204667970213 ], [ -74.564129401578612, 7.640252022380416 ], [ -74.568383536896874, 7.518105557834653 ], [ -74.589760276759876, 7.511876212482359 ], [ -74.598509621274786, 7.465657039511234 ], [ -74.588706096645694, 7.445478094440253 ], [ -74.563238502973832, 7.43285708342432 ], [ -74.559019895155075, 7.414476262456176 ], [ -74.5181137870116, 7.38488226951062 ], [ -74.49096935357494, 7.343460020435947 ], [ -74.419405670595552, 7.388585668848735 ], [ -74.411876653332342, 7.439584230588037 ], [ -74.422299964797389, 7.442204515951897 ], [ -74.412448717130815, 7.460350819850167 ], [ -74.379814965672551, 7.46596404888569 ], [ -74.370094368186699, 7.479960931466938 ], [ -74.319930949271395, 7.441663765652552 ], [ -74.402911071579808, 7.330232802426993 ], [ -74.387003575969061, 7.278867955932038 ], [ -74.409099405213681, 7.194124391707533 ], [ -74.370016403341026, 7.125205812768778 ], [ -74.372010273195258, 7.098079352839528 ], [ -74.351444966005317, 7.081589765529271 ], [ -74.355695755096463, 7.009898842378935 ], [ -74.322158883444274, 7.018860238876957 ], [ -74.305814631085866, 6.999159856383622 ], [ -74.277209601410277, 7.012199929118608 ], [ -74.245768978890169, 7.002673942811251 ], [ -73.915852335309921, 7.295583789516741 ], [ -73.92239731836213, 7.218552697547089 ], [ -73.938768012651963, 7.17676936047472 ], [ -73.931100237007797, 7.119065792366212 ], [ -73.888175250790994, 7.070210070918316 ], [ -73.885707900132729, 7.002032470627059 ], [ -73.934034753308595, 6.955847134524672 ], [ -74.01064647813422, 6.913279397802622 ], [ -74.077234998746178, 6.841886664360296 ], [ -74.115146009056161, 6.765573502046281 ], [ -74.177310803967202, 6.724945430790918 ], [ -74.229177791141524, 6.711423022551159 ], [ -74.259013257717015, 6.673367708556794 ], [ -74.312221822345123, 6.654311719571295 ], [ -74.330225787175436, 6.629572731143178 ], [ -74.359393886709711, 6.632838418823787 ], [ -74.406806125738342, 6.591356235003928 ], [ -74.39379523210323, 6.500460643485265 ], [ -74.404681266139903, 6.470891262601504 ], [ -74.369497962719549, 6.412217322770052 ], [ -74.390253478440968, 6.394085117043122 ], [ -74.423532637605888, 6.38997770277896 ], [ -74.450387594999711, 6.331878704950396 ], [ -74.535917901684741, 6.267952350992997 ], [ -74.573415733347133, 6.21566124188729 ], [ -74.611710035331328, 6.12664456002935 ], [ -74.584513331581604, 6.088208060911786 ], [ -74.561747844589945, 6.078295787046385 ], [ -74.571631258257526, 6.034521128642365 ], [ -74.563317409254637, 5.997633861705124 ], [ -74.612376760974939, 5.969879922659998 ], [ -74.585386636667522, 5.903061804158678 ], [ -74.638041590704404, 5.866365644068889 ], [ -74.664960425552408, 5.768536585557616 ], [ -74.680560264102837, 5.779162468178692 ], [ -74.713674925438454, 5.772378031810357 ], [ -74.729443485700017, 5.70646776762834 ], [ -74.771544072052222, 5.689813935813932 ], [ -74.805705467360724, 5.698640870576389 ], [ -74.84079997943104, 5.738209580230834 ], [ -74.865121185342844, 5.74720747890114 ], [ -74.993301027609618, 5.715334121395187 ], [ -75.00895971124794, 5.682035391519039 ], [ -75.047928883008638, 5.660875497952535 ], [ -75.093652791912575, 5.655369819800061 ], [ -75.091623341558204, 5.585212499029984 ], [ -75.129840044311379, 5.553236625702096 ], [ -75.137608892183664, 5.527219586032861 ], [ -75.181407267029783, 5.523468707100861 ], [ -75.220726819759705, 5.502936206411952 ], [ -75.275929513855374, 5.418558388851975 ], [ -75.282580623061449, 5.475688820572677 ], [ -75.317733348703541, 5.462543965564518 ], [ -75.310823410403316, 5.508665876065707 ], [ -75.328847827193954, 5.524572573073022 ], [ -75.340209317431572, 5.60300942358128 ], [ -75.365288832303236, 5.601569847936831 ], [ -75.383110996839719, 5.621509730458876 ], [ -75.368394028643991, 5.640842852625354 ], [ -75.376892558840098, 5.674191474972157 ], [ -75.428931724445476, 5.696602869152095 ], [ -75.478161411252472, 5.664284378101859 ], [ -75.519894262068647, 5.695120346816313 ], [ -75.535490154316903, 5.690976257004815 ], [ -75.54337074281807, 5.720071071020542 ], [ -75.598441561429979, 5.737454049762423 ], [ -75.599599049680819, 5.680911988970514 ], [ -75.572358979726232, 5.66470785773895 ], [ -75.589762352936816, 5.643035726422982 ], [ -75.569125484995993, 5.539935356810353 ], [ -75.578226925365414, 5.515694597792085 ], [ -75.616624868761505, 5.532308178761425 ], [ -75.689450435989045, 5.51941258039213 ], [ -75.730266798770856, 5.56409897653544 ], [ -75.771492151352732, 5.53729197125053 ], [ -75.785679687132358, 5.539968863997151 ], [ -75.832494166931667, 5.488838933424403 ], [ -75.862274996131418, 5.506332880243463 ], [ -75.868024126004855, 5.49024212547426 ], [ -75.90502306530027, 5.479859218466514 ], [ -75.930799791067273, 5.508874616856279 ], [ -75.959267910197923, 5.505081593429149 ], [ -75.982859120273645, 5.518872461608898 ], [ -76.008254260268529, 5.563683030176283 ], [ -76.005150473385584, 5.621918151624938 ], [ -76.086953990380323, 5.688642278424835 ], [ -76.063061598306035, 5.727421777947385 ], [ -76.070942769814337, 5.743528400570432 ], [ -76.061181676243166, 5.757955677127073 ], [ -76.081105876863489, 5.767021608861326 ], [ -76.070944382291543, 5.780652079126011 ], [ -76.085880018567991, 5.793031374865961 ], [ -76.081415883918453, 5.815699241857144 ], [ -76.099272409041987, 5.831112900822872 ], [ -76.099024400164069, 5.849198835190913 ], [ -76.081570890140881, 5.882772820767625 ], [ -76.060490267570799, 5.886344125432906 ], [ -76.051127992167665, 5.951328246480274 ], [ -76.104852580947181, 6.018401827187338 ], [ -76.121996083017109, 6.020075873189281 ], [ -76.143820725932699, 5.997631204486349 ], [ -76.172651579674266, 6.017391195636177 ], [ -76.196956524269865, 6.080175259052906 ], [ -76.209468045837184, 6.184548608014537 ], [ -76.237673641998299, 6.20834531146774 ], [ -76.258882644704556, 6.20966888846547 ], [ -76.285185592306277, 6.193406707155681 ], [ -76.326405148953313, 6.202591712472352 ], [ -76.389812347231725, 6.19149480414494 ], [ -76.419871942750945, 6.165732955389979 ], [ -76.468677942409784, 6.176573804131533 ], [ -76.475464490719162, 6.160058127928012 ], [ -76.583514112574164, 6.193451433410962 ], [ -76.643888691258098, 6.168326266121024 ], [ -76.672553723950898, 6.174348210071877 ], [ -76.686883277201957, 6.16150918944088 ], [ -76.716942690362998, 6.171485179063557 ], [ -76.723068651222036, 6.236981177635702 ], [ -76.756476283947961, 6.252152620065053 ], [ -76.748976223002671, 6.279602082088494 ], [ -76.78190796294615, 6.288815354714792 ], [ -76.790245407117141, 6.320236732610217 ], [ -76.777652567290545, 6.32788029055306 ], [ -76.789000765146284, 6.349873833045654 ], [ -76.771385431580541, 6.363242742437222 ], [ -76.787375410566426, 6.377900221452034 ], [ -76.765074370014759, 6.389292349654784 ], [ -76.795263148764661, 6.419970674691027 ], [ -76.761779373876266, 6.432153514111665 ], [ -76.789381121123824, 6.433010119503142 ], [ -76.795834219923961, 6.443651069578436 ], [ -76.782280809900271, 6.47456502649479 ], [ -76.770573860566742, 6.46485682666833 ], [ -76.767985008177959, 6.477991453450537 ], [ -76.800365176707487, 6.507960544530056 ], [ -76.819988780132974, 6.487249712843742 ], [ -76.81935671960548, 6.525476529735544 ], [ -76.841101355803119, 6.521451173044733 ], [ -76.863922147619348, 6.571496095094846 ], [ -76.882989634151954, 6.559968933827645 ], [ -76.89451679362287, 6.570152703941093 ], [ -76.88970741637155, 6.605267221507612 ], [ -76.857993960010901, 6.618439917125231 ], [ -76.872442046956451, 6.629918438174332 ], [ -76.909028637648248, 6.629385437647111 ], [ -76.898083118024374, 6.668218244139445 ], [ -76.909352246105755, 6.670159881409746 ], [ -76.924847296094811, 6.64689827066173 ], [ -76.937486992982258, 6.654588691953668 ], [ -76.938967896552697, 6.686344162552638 ], [ -76.952284502393979, 6.675123777996091 ], [ -76.964122578913987, 6.680883391217095 ], [ -76.933648121303065, 6.71091879418708 ], [ -76.967163887020831, 6.743130709925474 ], [ -76.957850129664848, 6.792514987032976 ], [ -76.972169690048702, 6.79812313698988 ], [ -76.970304946831277, 6.812734933042841 ], [ -76.933527197189619, 6.811847695075757 ], [ -76.916578341332297, 6.845472007908041 ], [ -76.899881650861005, 6.829034874167313 ], [ -76.877700668446096, 6.85216442797181 ], [ -76.835285324743893, 6.828684088057554 ], [ -76.834323211239905, 6.838473696873175 ], [ -76.817939487774765, 6.837682637108658 ], [ -76.830557406787477, 6.858589209156419 ], [ -76.798044385406342, 6.861634287495462 ], [ -76.785537938426103, 6.877529085409041 ], [ -76.800094037090901, 6.94856463313841 ], [ -76.813382927188627, 6.963514637080534 ], [ -76.828766721639397, 6.95597086318065 ], [ -76.818838296950275, 6.973834027757156 ], [ -76.842520665438713, 6.988321922677458 ], [ -76.834637081053643, 6.999268601128652 ], [ -76.675568017000671, 7.029853724981609 ], [ -76.645487334411712, 7.008360916403854 ], [ -76.615607799148165, 7.016789559411547 ], [ -76.603185358188682, 7.000489473658141 ], [ -76.592937381837089, 7.01162560515704 ], [ -76.584045926425972, 6.98312265921434 ], [ -76.571308744286171, 6.979676932837636 ], [ -76.547810576391896, 7.001996050201459 ], [ -76.530610554075849, 7.060098948518111 ], [ -76.538755380431837, 7.068741166154751 ], [ -76.5082646246737, 7.138619408889789 ], [ -76.484249568447922, 7.132855554718977 ], [ -76.530365709965224, 7.254962212187755 ], [ -76.562675065142855, 7.27347517813447 ], [ -76.578950252272193, 7.30417790143327 ], [ -76.617862389950005, 7.315115033480309 ], [ -76.660699084280452, 7.448136988527514 ], [ -76.801160770272929, 7.572092594123487 ], [ -76.94295760267488, 7.588860167116569 ], [ -76.960373829889136, 7.640718706525577 ], [ -77.121677022902134, 7.787407648382812 ], [ -77.127710332347249, 7.826989071903625 ], [ -77.095208316235414, 7.825067170635837 ], [ -77.031394152961184, 7.880097018849868 ], [ -77.012310874931643, 7.933825247604129 ], [ -77.021424210801513, 7.948792058140289 ], [ -77.000080446322215, 7.958428874184111 ], [ -76.995654647307958, 8.021151465836965 ], [ -76.959915144349623, 8.03690349888025 ], [ -76.939071066348674, 8.062839622735837 ], [ -76.955599821135365, 8.122733719138949 ], [ -76.949332585712284, 8.172336840397113 ], [ -76.966511367346413, 8.191789281386262 ], [ -76.980189751990395, 8.255281793631509 ], [ -76.96228386440265, 8.256126837696076 ], [ -76.948416199187591, 8.252749445319186 ], [ -76.941789516990184, 8.248512859502425 ], [ -76.950469730698956, 8.251960638531191 ], [ -76.955842099655513, 8.235491205838724 ], [ -76.968519314710704, 8.243317730089551 ], [ -76.957358670862732, 8.184764904814406 ], [ -76.934733414591904, 8.188838595397588 ], [ -76.943695792949541, 8.210625186545059 ], [ -76.926572550600383, 8.207783457304005 ], [ -76.926208226868482, 8.192336108793352 ], [ -76.919577525605291, 8.196197945921005 ], [ -76.912582499711846, 8.193356215781648 ], [ -76.910250825312346, 8.190805946963421 ], [ -76.926936876128934, 8.189858705080848 ], [ -76.909449310946229, 8.177617409543128 ], [ -76.931681757884746, 8.173635923910814 ], [ -76.932450424428055, 8.158471980623434 ], [ -76.943239555321156, 8.16665167691127 ], [ -76.950336402638243, 8.144764710628927 ], [ -76.952742872624526, 8.126583757784278 ], [ -76.931869051380829, 8.091529185742726 ], [ -76.88862995909318, 8.114379745953787 ], [ -76.893562084039331, 8.132302874919963 ], [ -76.829336235118774, 8.141120292024437 ], [ -76.835923400395359, 8.135040576473248 ], [ -76.822057842629647, 8.138276705964183 ], [ -76.812705995776923, 8.131658560463936 ], [ -76.854051588853679, 8.119979843406039 ], [ -76.854668021377734, 8.091269093616289 ], [ -76.821572414222828, 8.094375314037237 ], [ -76.873155234401906, 8.068060687429973 ], [ -76.829970449808002, 8.050386741440764 ], [ -76.837451982985783, 8.042436705028205 ], [ -76.853405590953457, 8.056847521740799 ], [ -76.87163785560864, 8.053172893667529 ], [ -76.834189132187021, 8.019827307628745 ], [ -76.874510024287417, 8.021356313326008 ], [ -76.890479207257897, 8.045473662590579 ], [ -76.924827179206318, 8.024643583048492 ], [ -76.93275213373812, 7.943677534622013 ], [ -76.922248000782474, 7.91759394680513 ], [ -76.862486470666227, 7.900559466162196 ], [ -76.779466211598958, 7.907844414561235 ], [ -76.748366643731401, 7.922084051770137 ], [ -76.7625568367298, 7.944038379176053 ], [ -76.740898818855783, 7.945636224625001 ], [ -76.744572486629409, 7.961933250714091 ], [ -76.726028138910976, 7.983472668417566 ], [ -76.747377319337431, 8.020745719855954 ], [ -76.729292636322953, 8.026575986528655 ], [ -76.738239740613665, 8.041551359812932 ], [ -76.719560721852133, 8.040275734923306 ], [ -76.714761014074213, 8.061643606610083 ], [ -76.736046925206495, 8.092514053590964 ], [ -76.743064233828306, 8.063090490953563 ], [ -76.740288254131883, 8.112989073734063 ], [ -76.762530086675952, 8.11992039285321 ], [ -76.7390211749223, 8.166190459019008 ], [ -76.754462931416299, 8.237602599680232 ], [ -76.774321775954377, 8.266530890164091 ], [ -76.753616982747531, 8.324926945822479 ], [ -76.758631155385615, 8.395033247633759 ], [ -76.773326237010338, 8.420312981869637 ], [ -76.788058198998442, 8.42115080167687 ], [ -76.825077410591007, 8.496617266126671 ], [ -76.934922889199242, 8.547700318977332 ], [ -76.922638125048252, 8.527456927818237 ], [ -76.915281379640987, 8.534594873092118 ], [ -76.907279675685118, 8.532258973912507 ], [ -76.914994357797525, 8.531365177340335 ], [ -76.921592814007909, 8.527277087649994 ], [ -76.927288715963414, 8.526346347832321 ], [ -76.938261788735645, 8.553369862544637 ], [ -76.891426016152195, 8.592095609532729 ], [ -76.885245185253609, 8.623096324909998 ], [ -76.784422482380933, 8.634246250051163 ], [ -76.649674306235909, 8.671171763690435 ], [ -76.634203455083252, 8.690347557487614 ], [ -76.631769345710268, 8.731315175122951 ], [ -76.524054724756297, 8.773565872772409 ], [ -76.510302094294957, 8.803937630405668 ], [ -76.413545686169982, 8.873828895129506 ] ] ] } },
{ "type": "Feature", "properties": { "dpto_ccdgo": "08", "dpto_cnmbr": "ATLÁNTICO" }, "geometry": { "type": "Polygon", "coordinates": [ [ [ -74.854570210597728, 11.10537038698048 ], [ -74.836423718950925, 11.055243658885482 ], [ -74.763169374716711, 10.994271077530387 ], [ -74.753849613914895, 10.936128187083721 ], [ -74.71838811191077, 10.909236330462651 ], [ -74.736502319877218, 10.888761198030082 ], [ -74.741645152926083, 10.84063497924274 ], [ -74.725114003228953, 10.771728066733729 ], [ -74.722841676974269, 10.672575687244588 ], [ -74.747058680026782, 10.649198855791459 ], [ -74.724210574912604, 10.608704047918044 ], [ -74.738919239973541, 10.542295216559255 ], [ -74.798399089633278, 10.496174783787817 ], [ -74.818064119799374, 10.424832653383978 ], [ -74.861906612740881, 10.386521716385264 ], [ -74.861227900866879, 10.352653582624269 ], [ -74.908123627060149, 10.253286072622865 ], [ -74.983193290962049, 10.343352720594748 ], [ -75.045961712902567, 10.376285258241753 ], [ -75.074278993098687, 10.409353653607425 ], [ -75.130028925131853, 10.397587516029636 ], [ -75.168283353563766, 10.451791990604658 ], [ -75.233745703017291, 10.479513751970686 ], [ -75.241219442405452, 10.519547726431057 ], [ -75.222964103605534, 10.552837823490478 ], [ -75.237044984123145, 10.569719308342281 ], [ -75.223623931978864, 10.630810391950737 ], [ -75.241959024171649, 10.654441823226337 ], [ -75.249526561224911, 10.722965118870695 ], [ -75.209091135631127, 10.817347494298904 ], [ -75.157181720093831, 10.831485611918367 ], [ -75.130804758440206, 10.862783948369675 ], [ -75.050771096442077, 10.895825900007219 ], [ -75.026055658265477, 10.944263822768411 ], [ -75.033191973095995, 10.951811940924479 ], [ -75.05836342611866, 10.931248705251861 ], [ -75.050744319438763, 10.946263781408401 ], [ -75.008800636552337, 10.977386491691817 ], [ -74.963109812626726, 10.986149905631622 ], [ -74.921635288746074, 11.028787976903219 ], [ -74.921289384085412, 11.045503624536579 ], [ -74.846807735379173, 11.058423650812918 ], [ -74.854570210597728, 11.10537038698048 ] ] ] } },
{ "type": "Feature", "properties": { "dpto_ccdgo": "11", "dpto_cnmbr": "BOGOTÁ, D.C." }, "geometry": { "type": "Polygon", "coordinates": [ [ [ -74.086700577794431, 4.832435594639755 ], [ -74.049915308349512, 4.835303454096552 ], [ -74.003584975958461, 4.818559121436779 ], [ -74.018375733627067, 4.768095324517355 ], [ -74.007166769361447, 4.742340567068943 ], [ -74.014826327210812, 4.697251834053869 ], [ -74.002006113723155, 4.674608249442481 ], [ -74.031386071204565, 4.646030170146126 ], [ -74.009358451992114, 4.638864340245298 ], [ -74.009211174880591, 4.626173756451844 ], [ -73.986125793069732, 4.629074973975038 ], [ -74.00534559177504, 4.560592184297561 ], [ -74.029597816899582, 4.557873900742879 ], [ -74.042278980951892, 4.512401837425998 ], [ -74.072550426333407, 4.513124280221201 ], [ -74.075900719211575, 4.463157376017364 ], [ -74.112147426654872, 4.433134908797749 ], [ -74.114443419044562, 4.385657286738896 ], [ -74.096196543279632, 4.379441172682963 ], [ -74.09822521120077, 4.34561924829702 ], [ -74.152711009602513, 4.254555422852924 ], [ -74.123320755623126, 4.181093073551373 ], [ -74.110048522999023, 4.181912748273722 ], [ -74.109590053055342, 4.132493363180328 ], [ -74.13059216999352, 4.115985796075348 ], [ -74.120087681304767, 4.097571626024078 ], [ -74.132657332900465, 4.080419494731216 ], [ -74.12692213590816, 4.04847785263285 ], [ -74.15067459819744, 4.00484907266241 ], [ -74.160258534870252, 4.017847856997408 ], [ -74.217382981113303, 4.010896176647834 ], [ -74.244270840228978, 3.954433984233159 ], [ -74.260140558058708, 3.948251980134021 ], [ -74.256425803107902, 3.927865629170084 ], [ -74.273587164598212, 3.924904565834987 ], [ -74.297521755964908, 3.883284768088796 ], [ -74.316758946068035, 3.881282313028579 ], [ -74.296616634322902, 3.818903846472486 ], [ -74.335625828756349, 3.821664898851863 ], [ -74.363312200964401, 3.786147374269871 ], [ -74.393893028172897, 3.769914574181547 ], [ -74.387158905585238, 3.752702313208879 ], [ -74.397373031593304, 3.753727095932013 ], [ -74.4015638491083, 3.737422218561033 ], [ -74.422853595151594, 3.742002919592951 ], [ -74.439587157003075, 3.73063309927145 ], [ -74.450674854896931, 3.74986418890999 ], [ -74.395268817093211, 3.823803950944692 ], [ -74.359557240084371, 3.913744737658269 ], [ -74.356891561016312, 3.970980327148281 ], [ -74.374581917442811, 3.98587475497436 ], [ -74.329886608206664, 4.130540258007946 ], [ -74.265652725646078, 4.091665981655816 ], [ -74.245641633614014, 4.103247642856411 ], [ -74.231759615105943, 4.216688180296351 ], [ -74.2042691377697, 4.239706635767798 ], [ -74.205529425710324, 4.268892236293449 ], [ -74.221884560268734, 4.282058170286514 ], [ -74.217957841369525, 4.360812533279936 ], [ -74.178069562085, 4.486343493187049 ], [ -74.187733807309883, 4.529172266165646 ], [ -74.173632590714647, 4.540850216061616 ], [ -74.183781025568578, 4.596452106514488 ], [ -74.204276450960265, 4.599683094942962 ], [ -74.222568672818511, 4.629401793013916 ], [ -74.194214326307588, 4.655092540057471 ], [ -74.185176390591209, 4.646960931523367 ], [ -74.158500006740041, 4.662848382110416 ], [ -74.174847616105296, 4.67664065345973 ], [ -74.167559226257424, 4.68818682758508 ], [ -74.176977737140533, 4.702908756281297 ], [ -74.158099412601302, 4.725475611231601 ], [ -74.126098273236551, 4.729396763266417 ], [ -74.131999122394234, 4.740562830247717 ], [ -74.112948077739361, 4.790133287837808 ], [ -74.087289188573607, 4.795979225633141 ], [ -74.086700577794431, 4.832435594639755 ] ] ] } },
{ "type": "Feature", "properties": { "dpto_ccdgo": "13", "dpto_cnmbr": "BOLÍVAR" }, "geometry": { "type": "MultiPolygon", "coordinates": [ [ [ [ -76.176071710333247, 9.398861845409987 ], [ -76.178738735078696, 9.378030410309124 ], [ -76.190631175886381, 9.384905576593395 ], [ -76.176071710333247, 9.398861845409987 ] ] ], [ [ [ -75.747704325955738, 9.734384137126812 ], [ -75.74647314525015, 9.736737246244303 ], [ -75.739685012311327, 9.737606334634908 ], [ -75.747704325955738, 9.734384137126812 ] ] ], [ [ [ -75.875470316736255, 9.783176653060993 ], [ -75.868893485686954, 9.780616351849661 ], [ -75.875946918290083, 9.779899537004207 ], [ -75.875470316736255, 9.783176653060993 ] ] ], [ [ [ -75.859208418395497, 9.786494210405763 ], [ -75.859234333913776, 9.785300489477372 ], [ -75.859949329669348, 9.786280607928942 ], [ -75.859208418395497, 9.786494210405763 ] ] ], [ [ [ -75.854750703112074, 9.794857440737228 ], [ -75.853944253397799, 9.794375001027781 ], [ -75.854436800958922, 9.794082326980069 ], [ -75.854750703112074, 9.794857440737228 ] ] ], [ [ [ -75.857485901957091, 9.795751577771183 ], [ -75.856676468935348, 9.795389245605884 ], [ -75.857171812954221, 9.794942561568162 ], [ -75.857485901957091, 9.795751577771183 ] ] ], [ [ [ -75.856034430812088, 9.796146569113036 ], [ -75.854551163772214, 9.795861122915831 ], [ -75.855856893027749, 9.795411999950174 ], [ -75.856034430812088, 9.796146569113036 ] ] ], [ [ [ -75.853687895570999, 9.797664039534487 ], [ -75.85383066313625, 9.796480258472675 ], [ -75.854042434845041, 9.797617640614771 ], [ -75.853687895570999, 9.797664039534487 ] ] ], [ [ [ -75.851235261125453, 9.804563519639622 ], [ -75.847412424386789, 9.793273935106615 ], [ -75.827845431937362, 9.790430151416848 ], [ -75.856062702613201, 9.788392706050175 ], [ -75.850026143060802, 9.796913439922584 ], [ -75.856171978263035, 9.799998652325536 ], [ -75.851235261125453, 9.804563519639622 ] ] ], [ [ [ -75.727612372907288, 10.145940992823469 ], [ -75.728841094922018, 10.146286000066377 ], [ -75.728110613096874, 10.147397270857338 ], [ -75.727612372907288, 10.145940992823469 ] ] ], [ [ [ -75.690734373894998, 10.150346942647205 ], [ -75.691133863105051, 10.149427456932434 ], [ -75.690910646850398, 10.150475205104037 ], [ -75.690734373894998, 10.150346942647205 ] ] ], [ [ [ -75.689889514883532, 10.149750533586836 ], [ -75.690548249108019, 10.150164354530371 ], [ -75.69007559026312, 10.150647081700964 ], [ -75.689889514883532, 10.149750533586836 ] ] ], [ [ [ -75.6916284947593, 10.150692869765784 ], [ -75.691303740050557, 10.149726900689542 ], [ -75.691691076841721, 10.149741677089434 ], [ -75.6916284947593, 10.150692869765784 ] ] ], [ [ [ -75.689058108154143, 10.150870910607042 ], [ -75.689668276720738, 10.151359689732564 ], [ -75.689178769959256, 10.151399418655966 ], [ -75.689058108154143, 10.150870910607042 ] ] ], [ [ [ -75.674384449569402, 10.161261111940689 ], [ -75.675740143160795, 10.160657334892464 ], [ -75.677822258188939, 10.160820718809942 ], [ -75.674384449569402, 10.161261111940689 ] ] ], [ [ [ -75.775897848749821, 10.162720588877857 ], [ -75.776319768012115, 10.16271666593191 ], [ -75.775979117601707, 10.162858930440171 ], [ -75.775897848749821, 10.162720588877857 ] ] ], [ [ [ -75.666643853735366, 10.163953688386382 ], [ -75.667159269726881, 10.163136338505803 ], [ -75.667163404675421, 10.163972611412907 ], [ -75.666643853735366, 10.163953688386382 ] ] ], [ [ [ -75.659714027617156, 10.164110415782277 ], [ -75.660092518690703, 10.164088186952851 ], [ -75.659844515202735, 10.164342954760356 ], [ -75.659714027617156, 10.164110415782277 ] ] ], [ [ [ -75.67242630304753, 10.163591571816916 ], [ -75.671612452107752, 10.163293946251365 ], [ -75.67235030731058, 10.160973049847318 ], [ -75.67242630304753, 10.163591571816916 ] ] ], [ [ [ -75.664066495299721, 10.164602047061077 ], [ -75.663409202872458, 10.165043227116648 ], [ -75.663269002694335, 10.164762772861424 ], [ -75.664066495299721, 10.164602047061077 ] ] ], [ [ [ -75.654761892682075, 10.165053597276533 ], [ -75.655314498956045, 10.164739227100769 ], [ -75.655321202190009, 10.16512262836954 ], [ -75.654761892682075, 10.165053597276533 ] ] ], [ [ [ -75.661903242573828, 10.165411189028335 ], [ -75.661473767575671, 10.165427313800516 ], [ -75.66170941742206, 10.165159296730391 ], [ -75.661903242573828, 10.165411189028335 ] ] ], [ [ [ -75.662941774921649, 10.166720999333391 ], [ -75.663573583022298, 10.166649761077903 ], [ -75.663338862933017, 10.167244710374836 ], [ -75.662941774921649, 10.166720999333391 ] ] ], [ [ [ -75.667229184762846, 10.166000543613189 ], [ -75.666360064931155, 10.16705571456991 ], [ -75.666064396796173, 10.166882241665453 ], [ -75.667229184762846, 10.166000543613189 ] ] ], [ [ [ -75.796075090614295, 10.169340381889672 ], [ -75.786237525198715, 10.167449982767353 ], [ -75.783409618345843, 10.159159022856336 ], [ -75.790200013244373, 10.157553963929901 ], [ -75.796075090614295, 10.169340381889672 ] ] ], [ [ [ -75.652978403943507, 10.171274120267437 ], [ -75.653614378433815, 10.167086437875401 ], [ -75.663011414174605, 10.169359945415554 ], [ -75.668145020619761, 10.167870442266077 ], [ -75.669265632100519, 10.163550191788696 ], [ -75.669135096904256, 10.166928166274301 ], [ -75.66770858457096, 10.168743124818992 ], [ -75.652978403943507, 10.171274120267437 ] ] ], [ [ [ -75.768761626445837, 10.175438959381909 ], [ -75.766567348580224, 10.174331856777188 ], [ -75.768008270800465, 10.173911789842581 ], [ -75.768761626445837, 10.175438959381909 ] ] ], [ [ [ -75.758858829813903, 10.176424573730726 ], [ -75.758396750436532, 10.176086925492475 ], [ -75.758923222901387, 10.176384239342372 ], [ -75.758858829813903, 10.176424573730726 ] ] ], [ [ [ -75.771308805057117, 10.177860766317165 ], [ -75.770495634142549, 10.177848078501993 ], [ -75.770995529928541, 10.176679438556366 ], [ -75.771308805057117, 10.177860766317165 ] ] ], [ [ [ -75.772045469991212, 10.177383774894233 ], [ -75.771441512381443, 10.17822623360534 ], [ -75.77149873690729, 10.177217613383748 ], [ -75.772045469991212, 10.177383774894233 ] ] ], [ [ [ -75.770026646715166, 10.178408179426276 ], [ -75.770335584774102, 10.178767100685741 ], [ -75.770108536303383, 10.178841503708462 ], [ -75.770026646715166, 10.178408179426276 ] ] ], [ [ [ -75.765624091627387, 10.178970240476092 ], [ -75.765687436380119, 10.178699507796663 ], [ -75.765748899160826, 10.178951262652296 ], [ -75.765624091627387, 10.178970240476092 ] ] ], [ [ [ -75.759096269105726, 10.177815444478366 ], [ -75.758278592238128, 10.177058989642797 ], [ -75.75906011278505, 10.177079583537038 ], [ -75.759096269105726, 10.177815444478366 ] ] ], [ [ [ -75.757844222316123, 10.175207564858411 ], [ -75.751134957928798, 10.17607623463374 ], [ -75.754787262849618, 10.173387724864615 ], [ -75.757844222316123, 10.175207564858411 ] ] ], [ [ [ -75.77789906143903, 10.18020973329957 ], [ -75.776710848984351, 10.17906092278135 ], [ -75.778236473420236, 10.179969240631678 ], [ -75.77789906143903, 10.18020973329957 ] ] ], [ [ [ -75.749734704270566, 10.180184949659502 ], [ -75.748577977791683, 10.180513454837493 ], [ -75.749542982974901, 10.178784206419008 ], [ -75.749097759598953, 10.177399033689829 ], [ -75.749294474633245, 10.175227896444444 ], [ -75.749645859919838, 10.174982012083866 ], [ -75.749734704270566, 10.180184949659502 ] ] ], [ [ [ -75.775556220073383, 10.178718485620459 ], [ -75.77633313315755, 10.178453126667339 ], [ -75.776881584719945, 10.181169986391131 ], [ -75.775556220073383, 10.178718485620459 ] ] ], [ [ [ -75.774969811964979, 10.181267512965979 ], [ -75.774932360272601, 10.181089994046271 ], [ -75.775042201861538, 10.181147613831179 ], [ -75.774969811964979, 10.181267512965979 ] ] ], [ [ [ -75.748878082709382, 10.182234386646456 ], [ -75.749003873000561, 10.181952463644601 ], [ -75.748964695643167, 10.182300418262322 ], [ -75.748878082709382, 10.182234386646456 ] ] ], [ [ [ -75.718244542317962, 10.1831523245628 ], [ -75.716443000122752, 10.182491839520445 ], [ -75.718568664612235, 10.182815937560187 ], [ -75.718244542317962, 10.1831523245628 ] ] ], [ [ [ -75.72288737357951, 10.183118608068353 ], [ -75.721179382910861, 10.183005998767909 ], [ -75.722582710606446, 10.181792242697767 ], [ -75.72288737357951, 10.183118608068353 ] ] ], [ [ [ -75.748878601936042, 10.182689269614301 ], [ -75.723746735004511, 10.181271745830999 ], [ -75.747493755295466, 10.172372563105899 ], [ -75.74811241564322, 10.180367550352775 ], [ -75.748878601936042, 10.182689269614301 ] ] ], [ [ [ -75.717558635831153, 10.184341243992115 ], [ -75.717992349982467, 10.184195600917374 ], [ -75.717716431324732, 10.184519787890412 ], [ -75.717558635831153, 10.184341243992115 ] ] ], [ [ [ -75.726270377736569, 10.184481367813378 ], [ -75.726742906325626, 10.184295435266018 ], [ -75.726781134162991, 10.184723521467632 ], [ -75.726270377736569, 10.184481367813378 ] ] ], [ [ [ -75.728232870311217, 10.18480287061818 ], [ -75.727848912984825, 10.184198084761105 ], [ -75.728428014190854, 10.18472030908959 ], [ -75.728232870311217, 10.18480287061818 ] ] ], [ [ [ -75.73664457287606, 10.185358733287602 ], [ -75.736561689750317, 10.185180049252036 ], [ -75.736694934267632, 10.185308328776831 ], [ -75.73664457287606, 10.185358733287602 ] ] ], [ [ [ -75.737396422943846, 10.185311929227383 ], [ -75.737564996432809, 10.185280030924552 ], [ -75.737473940428117, 10.185385567783145 ], [ -75.737396422943846, 10.185311929227383 ] ] ], [ [ [ -75.582632892257323, 10.309711372097819 ], [ -75.578207784946414, 10.306113298514061 ], [ -75.579922488730574, 10.30494785657338 ], [ -75.582632892257323, 10.309711372097819 ] ] ], [ [ [ -75.578408237873589, 10.312138123364319 ], [ -75.578115514418471, 10.313636359043649 ], [ -75.575225353368467, 10.312709583494476 ], [ -75.578408237873589, 10.312138123364319 ] ] ], [ [ [ -75.575372535258566, 10.381356956341357 ], [ -75.570198914225443, 10.373545540867362 ], [ -75.540605589626068, 10.362860302016562 ], [ -75.537455153193207, 10.35702446668299 ], [ -75.551647447352764, 10.355862100576315 ], [ -75.538299861287612, 10.34916510808409 ], [ -75.548948394946933, 10.336112194820206 ], [ -75.574455139026725, 10.341542992045847 ], [ -75.580755951705271, 10.334728216851236 ], [ -75.574919110257554, 10.327697334674925 ], [ -75.582126818752215, 10.318005477911399 ], [ -75.593410557943344, 10.34767270966214 ], [ -75.575372535258566, 10.381356956341357 ] ] ], [ [ [ -75.255546379760347, 10.799602462767961 ], [ -75.222208064690221, 10.796604342999547 ], [ -75.230363630413933, 10.783157283709167 ], [ -75.21988959373931, 10.77720257421932 ], [ -75.249526561224911, 10.722965118870695 ], [ -75.241959024171649, 10.654441823226337 ], [ -75.223623931978864, 10.630810391950737 ], [ -75.237044984123145, 10.569719308342281 ], [ -75.222964103605534, 10.552837823490478 ], [ -75.241219442405452, 10.519547726431057 ], [ -75.233745703017291, 10.479513751970686 ], [ -75.168283353563766, 10.451791990604658 ], [ -75.130028925131853, 10.397587516029636 ], [ -75.074324766790482, 10.409374174738117 ], [ -75.045961712902567, 10.376285258241753 ], [ -75.002879872627318, 10.359145742898784 ], [ -74.964595443135977, 10.325544360480688 ], [ -74.910746317216024, 10.254449405317541 ], [ -74.943667397741876, 10.124427454705652 ], [ -74.926692994675761, 10.108120633378855 ], [ -74.84847632141657, 10.085029282258883 ], [ -74.788296969257317, 10.011257989508385 ], [ -74.820394992002662, 9.967333129075861 ], [ -74.872625374050131, 9.936749178423565 ], [ -74.882369864046666, 9.872851248980972 ], [ -74.873290636337003, 9.848504208400039 ], [ -74.815597299147555, 9.78989428166838 ], [ -74.805230418096983, 9.761811293963989 ], [ -74.815288847975921, 9.731168807244522 ], [ -74.787645983906657, 9.696864822238423 ], [ -74.805752767291381, 9.675530603265592 ], [ -74.776974538697743, 9.626194693288083 ], [ -74.773580494237081, 9.587267881619614 ], [ -74.807054037306216, 9.547422054055579 ], [ -74.775759024623198, 9.500481670778743 ], [ -74.806770582675597, 9.465303786899888 ], [ -74.805698828805475, 9.447455071736213 ], [ -74.763337321181154, 9.463752472423097 ], [ -74.732074876046397, 9.418828271373263 ], [ -74.698890721883345, 9.426862109888887 ], [ -74.672406186888736, 9.413078677070633 ], [ -74.66018044030227, 9.385967377122181 ], [ -74.618447120565179, 9.371501502621962 ], [ -74.615280595292745, 9.340995333558821 ], [ -74.56568066125817, 9.314363190873229 ], [ -74.516778901113696, 9.234521721789175 ], [ -74.463833151407812, 9.271320158748816 ], [ -74.435574779181707, 9.274291699143424 ], [ -74.40303060779496, 9.213748526311143 ], [ -74.348899169902381, 9.233281268665889 ], [ -74.296453851378828, 9.202676296520872 ], [ -74.298246908979479, 9.159834908490673 ], [ -74.248277824561114, 9.164652782014594 ], [ -74.220075332980116, 9.136127052083117 ], [ -74.228439108589669, 9.124046038577706 ], [ -74.176586895120295, 9.089289781110027 ], [ -74.157293109312548, 9.057377077363263 ], [ -74.134660724005983, 9.064402751103424 ], [ -74.117939227436636, 9.04888141369379 ], [ -74.140694534711429, 9.040799773987185 ], [ -74.137467601281287, 9.028731709706925 ], [ -74.113280942444931, 9.040996687549324 ], [ -74.097995835193331, 9.015818200713195 ], [ -74.07750791702847, 9.026282563422489 ], [ -74.057095850870041, 9.018505769047177 ], [ -74.035593827366029, 9.044391840531867 ], [ -74.026969274214935, 9.026165734731743 ], [ -74.003201204583434, 9.029646765825579 ], [ -73.984738398805007, 9.009678255769176 ], [ -74.001684841785561, 9.010144373975242 ], [ -74.003860891921249, 8.998821162779384 ], [ -73.977665586830824, 8.983928362701825 ], [ -73.959136258955937, 8.995924506904846 ], [ -73.89395999260563, 8.977930376838698 ], [ -73.86632792629473, 8.952659439811397 ], [ -73.866556746244555, 8.887049171850693 ], [ -73.795277155700148, 8.816771946555852 ], [ -73.789270677157333, 8.749205325112129 ], [ -73.815716895381286, 8.721492233393805 ], [ -73.808883684047203, 8.696108988001873 ], [ -73.819815012074969, 8.65301769205376 ], [ -73.774904433087556, 8.560550084366081 ], [ -73.774301532795732, 8.497054660678678 ], [ -73.746004312894172, 8.46205796174711 ], [ -73.757632357743489, 8.334247862756726 ], [ -73.746749943021996, 8.31685121973018 ], [ -73.760327241064772, 8.299872526307405 ], [ -73.750266650735853, 8.271879639697861 ], [ -73.77955551717821, 8.208128716075462 ], [ -73.773705660928272, 8.147235045492819 ], [ -73.861472192344536, 8.07850126452826 ], [ -73.87168018375263, 8.018769997781664 ], [ -73.865650168432296, 7.976920538363496 ], [ -73.83158918958128, 7.935872869992779 ], [ -73.821627457131513, 7.823028138843068 ], [ -73.798136883600648, 7.774987191803772 ], [ -73.831850681284038, 7.729819637847905 ], [ -73.810943904419503, 7.706175996661267 ], [ -73.815666095611448, 7.688156861070977 ], [ -73.797759385166273, 7.650859330521531 ], [ -73.818425769974226, 7.642814403193273 ], [ -73.810311482769009, 7.616571711934686 ], [ -73.828711809771335, 7.602441177898918 ], [ -73.849234384967474, 7.534666159719674 ], [ -73.866577419190662, 7.533136508133209 ], [ -73.881541559932145, 7.506280773696903 ], [ -73.913080976550987, 7.4935966487954 ], [ -73.917350693160245, 7.472630128527705 ], [ -73.895357304279003, 7.431371639764888 ], [ -73.915852335309921, 7.295583789516741 ], [ -74.247293130087826, 7.001971002456399 ], [ -74.277209601410277, 7.012199929118608 ], [ -74.305814631085866, 6.999159856383622 ], [ -74.322158883444274, 7.018860238876957 ], [ -74.355695755096463, 7.009898842378935 ], [ -74.351444966005317, 7.081589765529271 ], [ -74.372010273195258, 7.098079352839528 ], [ -74.370016403341026, 7.125205812768778 ], [ -74.409099405213681, 7.194124391707533 ], [ -74.387003575969061, 7.278867955932038 ], [ -74.386302719707317, 7.299260640922109 ], [ -74.403375344644815, 7.319493867635656 ], [ -74.397727519663306, 7.347909257412855 ], [ -74.373841685295815, 7.364225166104263 ], [ -74.322910596069676, 7.446816856571622 ], [ -74.370094368186699, 7.479960931466938 ], [ -74.379814965672551, 7.46596404888569 ], [ -74.412448717130815, 7.460350819850167 ], [ -74.422299964797389, 7.442204515951897 ], [ -74.411876653332342, 7.439584230588037 ], [ -74.419405670595552, 7.388585668848735 ], [ -74.49096935357494, 7.343460020435947 ], [ -74.59842158720511, 7.461902738893611 ], [ -74.590229700768873, 7.511040884603638 ], [ -74.568383536896874, 7.518105557834653 ], [ -74.561083819284192, 7.646454134384862 ], [ -74.530606671216844, 7.671204667970213 ], [ -74.476467162853339, 7.682159137516087 ], [ -74.475321530577048, 7.70555226352316 ], [ -74.507038408623373, 7.722627095622487 ], [ -74.513581171936721, 7.781025399765842 ], [ -74.525299094200136, 7.782569428899833 ], [ -74.519797957034939, 7.900795848136063 ], [ -74.536615089223915, 7.916082727764699 ], [ -74.538915698957794, 7.946922180148613 ], [ -74.574105973310338, 7.979395866966017 ], [ -74.603136378968145, 8.037841375818561 ], [ -74.614630704989281, 8.031822737670558 ], [ -74.630918953633284, 8.054645816598532 ], [ -74.667681088746178, 8.060034020171058 ], [ -74.673942690829676, 8.077895071908319 ], [ -74.718081065705348, 8.098132567419562 ], [ -74.728585988280713, 8.118374935396721 ], [ -74.784810512334786, 8.131495469397491 ], [ -74.83323049393033, 8.212309710504799 ], [ -74.82583417860161, 8.230044178737934 ], [ -74.817071981879678, 8.224695784937278 ], [ -74.794919713237448, 8.246557221078923 ], [ -74.808772998209918, 8.274282126550936 ], [ -74.770882393147929, 8.279409693617501 ], [ -74.764350494966607, 8.294539112824388 ], [ -74.73475429665433, 8.298181816543657 ], [ -74.727472805873333, 8.281022453807019 ], [ -74.71272340038513, 8.304056774437338 ], [ -74.668038500834825, 8.295327871103348 ], [ -74.653487851354896, 8.278995641806805 ], [ -74.649251097552906, 8.313462779863093 ], [ -74.614013960749617, 8.347002819874817 ], [ -74.614535947024365, 8.406543810716219 ], [ -74.577420710841295, 8.385612456824971 ], [ -74.561064044654131, 8.390072938921531 ], [ -74.539732084047046, 8.426392519554188 ], [ -74.535406301739556, 8.480637178498773 ], [ -74.556333857551465, 8.508562217097502 ], [ -74.568687866594701, 8.50755452932785 ], [ -74.576548940079078, 8.544230559952736 ], [ -74.563944264040913, 8.549162071348951 ], [ -74.562581999267934, 8.569054795874276 ], [ -74.594710957321354, 8.592295992391232 ], [ -74.586707926552776, 8.630780519075424 ], [ -74.609130290968437, 8.725738044017577 ], [ -74.599925765244791, 8.744225690029475 ], [ -74.610733818266112, 8.755937903494322 ], [ -74.571473838260033, 8.773037246145776 ], [ -74.575175908988911, 8.785549392940631 ], [ -74.539659315959454, 8.805290829373494 ], [ -74.564654046868725, 8.83695639740553 ], [ -74.586010962694274, 8.841172966945171 ], [ -74.579443960120329, 8.872765656396805 ], [ -74.589536631110207, 8.871822909687463 ], [ -74.606026860716895, 8.93101121627741 ], [ -74.623359441236801, 8.930498907560914 ], [ -74.639360847700516, 8.977455863869613 ], [ -74.683827410648746, 9.011506880395121 ], [ -74.736857576007424, 9.015829403612003 ], [ -74.75049141405924, 9.042356199882004 ], [ -74.781851254614764, 9.037660867440335 ], [ -74.823764952611384, 9.057419909070147 ], [ -74.863256036984922, 9.148477618779072 ], [ -74.903027549562466, 9.16348223494407 ], [ -74.904669290324478, 9.229612942279322 ], [ -74.930998740044856, 9.254840198691156 ], [ -74.925721110188647, 9.278960976827898 ], [ -74.944511226384861, 9.295801294552305 ], [ -74.932871210576536, 9.328404489790801 ], [ -74.950514105375476, 9.34794744330347 ], [ -74.915108086062446, 9.413943384374095 ], [ -74.890778329080604, 9.430964062391748 ], [ -74.935661855281694, 9.448166120291233 ], [ -74.966878827660537, 9.434422380463793 ], [ -75.032229271195035, 9.466568755066843 ], [ -75.028948844843683, 9.509836700364799 ], [ -75.01239443235545, 9.528293674275211 ], [ -75.039885659785568, 9.540426696683763 ], [ -75.077852678301497, 9.532755737407916 ], [ -75.103475147939946, 9.565844137372549 ], [ -75.131971246919079, 9.579991743903873 ], [ -75.133387012697995, 9.596426073102029 ], [ -75.167217386645348, 9.6134184442842 ], [ -75.181059507346561, 9.601913083349661 ], [ -75.189332587176182, 9.629266062641493 ], [ -75.164505658102428, 9.646466147839067 ], [ -75.232676227276556, 9.646671534317692 ], [ -75.270559492198572, 9.670003010694357 ], [ -75.276457125384923, 9.686258789706025 ], [ -75.314728351427732, 9.652764226043494 ], [ -75.327082391912029, 9.616707619334941 ], [ -75.356245832779507, 9.647309142844817 ], [ -75.362546511608969, 9.630689168560451 ], [ -75.374377770808849, 9.63076987596483 ], [ -75.383507087720375, 9.650607013594403 ], [ -75.37142756541914, 9.674629472841582 ], [ -75.380750801805561, 9.68220967165867 ], [ -75.370116512743039, 9.692423674597116 ], [ -75.377959707942409, 9.720356970516514 ], [ -75.359974189132856, 9.737500230040556 ], [ -75.338261453034647, 9.828226992948572 ], [ -75.376768294787837, 9.849402360906527 ], [ -75.39358453764396, 9.880814634369349 ], [ -75.421781513564724, 9.884455492947533 ], [ -75.396696345590499, 9.893831778486721 ], [ -75.427592429612673, 9.892876220892914 ], [ -75.430853765850657, 9.912734033265304 ], [ -75.446096440247743, 9.913207662291429 ], [ -75.449739902145836, 9.894749853845449 ], [ -75.465507150866017, 9.891769969891801 ], [ -75.482048903386897, 9.929895498959697 ], [ -75.46918593544757, 9.924713811049106 ], [ -75.477750635600216, 9.935089343780769 ], [ -75.464180146792728, 9.961382157478901 ], [ -75.48009600033555, 9.978449511995876 ], [ -75.476109761713133, 10.018560556579162 ], [ -75.49082343937738, 10.038253769612535 ], [ -75.515545648161719, 10.025131778543143 ], [ -75.543322736811035, 10.040149365492926 ], [ -75.497477587586502, 10.145482636965912 ], [ -75.573624494069293, 10.08642805998395 ], [ -75.580743410315563, 10.125492894312538 ], [ -75.56412369833896, 10.123587263344151 ], [ -75.529486898931907, 10.166443550843496 ], [ -75.544631548188761, 10.159681288507374 ], [ -75.554493183083252, 10.178277514872534 ], [ -75.538151050750628, 10.187716507360085 ], [ -75.536139161575761, 10.172825026010434 ], [ -75.520850117005068, 10.173352248569154 ], [ -75.524643801592902, 10.22112126188053 ], [ -75.537336026610149, 10.227214398272737 ], [ -75.546225953087458, 10.216778631656652 ], [ -75.546847416181095, 10.228788990812019 ], [ -75.526579059023049, 10.234021669833758 ], [ -75.523194649001482, 10.236981608477258 ], [ -75.543252510957757, 10.244287363671495 ], [ -75.637590884176291, 10.177004725966491 ], [ -75.637214524806609, 10.187980750604732 ], [ -75.638661410048428, 10.175348601368702 ], [ -75.669043409383391, 10.137605189876053 ], [ -75.67948799297136, 10.142632397079078 ], [ -75.690408125286751, 10.130284517246297 ], [ -75.704395201851014, 10.14161737635599 ], [ -75.654122333012651, 10.163818423556366 ], [ -75.604940562381103, 10.23655960836658 ], [ -75.586185820970627, 10.226180821934335 ], [ -75.622217627870498, 10.251406879992597 ], [ -75.583935021062302, 10.261569931345853 ], [ -75.594604215091294, 10.267656934036392 ], [ -75.58848948228399, 10.296087625728362 ], [ -75.578623876832751, 10.299947512611974 ], [ -75.580959476873147, 10.279088087781126 ], [ -75.561494384000866, 10.26330076080049 ], [ -75.531890717987665, 10.279576748328886 ], [ -75.544461185254306, 10.281419093833433 ], [ -75.52821553116172, 10.291282082489843 ], [ -75.530475704099217, 10.304184808996647 ], [ -75.526028846761278, 10.294113987747139 ], [ -75.503126159966939, 10.301087943638606 ], [ -75.508981156380969, 10.37417787627955 ], [ -75.537445840351268, 10.393854468670245 ], [ -75.52467142391157, 10.392169668029135 ], [ -75.524023303290619, 10.404870278825891 ], [ -75.539668313661139, 10.405856235433147 ], [ -75.549095811297491, 10.422250091902201 ], [ -75.554566330260172, 10.397918002892789 ], [ -75.544840523439802, 10.390337209390484 ], [ -75.566424025103288, 10.396584404281732 ], [ -75.552117342977624, 10.409033461445649 ], [ -75.554041005843146, 10.425464315059147 ], [ -75.510565396834181, 10.456364890660373 ], [ -75.492221125648541, 10.486403878809627 ], [ -75.502430321698398, 10.501484528440885 ], [ -75.494518769142985, 10.534989764097487 ], [ -75.512670690211735, 10.571081515622931 ], [ -75.461459417123535, 10.58970294604009 ], [ -75.451535129179604, 10.627606892890187 ], [ -75.398643765321026, 10.662792519354694 ], [ -75.394244588799722, 10.682668890037251 ], [ -75.315852530121276, 10.69470615106194 ], [ -75.277716579688274, 10.712877519773206 ], [ -75.265165873577018, 10.739787997586603 ], [ -75.271228378292165, 10.779312861335491 ], [ -75.255546379760347, 10.799602462767961 ] ] ] ] } },
{ "type": "Feature", "properties": { "dpto_ccdgo": "15", "dpto_cnmbr": "BOYACÁ" }, "geometry": { "type": "Polygon", "coordinates": [ [ [ -72.173677001323824, 7.053076988416263 ], [ -72.122129124738763, 7.027676095606495 ], [ -72.075693923836184, 7.045367526418349 ], [ -71.94885388215414, 7.011323087362586 ], [ -71.992936535386718, 6.929419843819684 ], [ -72.050603565392066, 6.768895849211924 ], [ -72.100122388678415, 6.747193736599436 ], [ -72.091427148837909, 6.645960285925511 ], [ -72.112816313309509, 6.612115458973156 ], [ -72.130895136608729, 6.520588905567511 ], [ -72.177884010086359, 6.496758420941151 ], [ -72.174746442030198, 6.463005667785525 ], [ -72.213754438110129, 6.465485814955099 ], [ -72.235082614111889, 6.421961236945679 ], [ -72.267872166802192, 6.441579419931778 ], [ -72.268813213897715, 6.419170179913569 ], [ -72.279507600300633, 6.421038866738161 ], [ -72.286661305630616, 6.403408288750467 ], [ -72.282716030217841, 6.379385894182085 ], [ -72.315492849278883, 6.357713134943178 ], [ -72.321649177710242, 6.331840171685616 ], [ -72.354020068432192, 6.34354241384287 ], [ -72.396147140733376, 6.2741570474526 ], [ -72.387243167288773, 6.261007194214207 ], [ -72.418553320189687, 6.185394031168423 ], [ -72.392528840666444, 6.188325490499755 ], [ -72.393104683680349, 6.161569469139392 ], [ -72.373912130899271, 6.147698649937385 ], [ -72.389178307039515, 6.123736822528606 ], [ -72.364081479821948, 6.099325887425609 ], [ -72.375379157284158, 6.092501593674737 ], [ -72.36663860728288, 6.07683482878615 ], [ -72.321204092675032, 6.088204322120612 ], [ -72.318027235870261, 6.077561160391291 ], [ -72.365505679889793, 6.036703418480869 ], [ -72.339782518909203, 5.998492617665033 ], [ -72.326706193733287, 5.906575943586934 ], [ -72.335685114580087, 5.889566467569869 ], [ -72.415549558098348, 5.904011359204949 ], [ -72.450894072409767, 5.878371555661801 ], [ -72.463067599887154, 5.849102678547982 ], [ -72.401400180985718, 5.836672447392519 ], [ -72.391927972365409, 5.818948801172339 ], [ -72.307595745238018, 5.792798588850981 ], [ -72.300467472132311, 5.758265914150952 ], [ -72.280384799586443, 5.749550322063419 ], [ -72.249669736119699, 5.685253601402398 ], [ -72.221904474698874, 5.67258145464645 ], [ -72.272138093416288, 5.662216045037798 ], [ -72.26268896882226, 5.633537192652605 ], [ -72.287471283031834, 5.605640444719738 ], [ -72.300896107204949, 5.505972368964664 ], [ -72.338099565205709, 5.500800712548773 ], [ -72.387429849031662, 5.563445178557373 ], [ -72.420904496131186, 5.563237949632629 ], [ -72.442394680728626, 5.519263597378465 ], [ -72.489857016145606, 5.481831436210139 ], [ -72.503433915336075, 5.443027438711968 ], [ -72.583978119961444, 5.381988633501513 ], [ -72.567237634788512, 5.373372618844241 ], [ -72.57975046071067, 5.350334191113167 ], [ -72.620314040963308, 5.351217524100566 ], [ -72.654781576974699, 5.304399831924797 ], [ -72.700566652215059, 5.273278446657568 ], [ -72.720258238398742, 5.288556389838623 ], [ -72.725581844966143, 5.318019246614444 ], [ -72.756889950604887, 5.33137454292538 ], [ -72.798322194344678, 5.380142862718052 ], [ -72.841764276403978, 5.363594531829642 ], [ -72.859545022284692, 5.340390428576969 ], [ -72.882710314693611, 5.363227945239739 ], [ -72.900678188780319, 5.295342090137478 ], [ -72.89620702211306, 5.262083710819421 ], [ -72.973890668793899, 5.150364405225896 ], [ -72.928591672341156, 5.099673011863096 ], [ -72.908440178009869, 5.102479662762629 ], [ -72.90382123386911, 5.067931974507248 ], [ -72.975283644295928, 4.974758154797947 ], [ -73.016540366072547, 5.002663960451077 ], [ -73.03051301837678, 4.982305618081678 ], [ -73.049129136153681, 4.922256656491826 ], [ -73.041483652221075, 4.878326794235898 ], [ -73.077719153172268, 4.810741989079767 ], [ -73.044989843349526, 4.750483136854796 ], [ -73.062109194193795, 4.731848808416554 ], [ -73.071847821780068, 4.739188134577999 ], [ -73.104206645423176, 4.660494027028618 ], [ -73.121687666373873, 4.67155925983557 ], [ -73.149025887232938, 4.655244906129156 ], [ -73.222433629703914, 4.67737777294174 ], [ -73.234655947418219, 4.695153026517863 ], [ -73.223036830033266, 4.733288925745589 ], [ -73.268512394987397, 4.740731744198452 ], [ -73.283204165419363, 4.722278313246398 ], [ -73.304017642285771, 4.729588655242108 ], [ -73.320850507581213, 4.779294445934229 ], [ -73.371836364438934, 4.80082302545507 ], [ -73.365164003771213, 4.82476935062459 ], [ -73.394499499102153, 4.85329400257681 ], [ -73.402003490179936, 4.87993349887719 ], [ -73.469616383882965, 4.892720183618063 ], [ -73.520870701578929, 4.878956318817301 ], [ -73.538677288417716, 4.896568796635902 ], [ -73.544679511637639, 4.944186178698017 ], [ -73.506994974876136, 4.996357717452547 ], [ -73.522403612255857, 5.029223524593768 ], [ -73.496248283125794, 5.039308011026287 ], [ -73.479858073819173, 5.063143964600489 ], [ -73.494535165767672, 5.106353610986614 ], [ -73.477203624599383, 5.148094482864979 ], [ -73.511940940176942, 5.162297359186545 ], [ -73.508318091037779, 5.185204729799752 ], [ -73.522365757219632, 5.192967775448698 ], [ -73.52454293114863, 5.214020199878839 ], [ -73.514791303133165, 5.232694448581863 ], [ -73.534180754205011, 5.282298948755039 ], [ -73.548034344604957, 5.299638271136009 ], [ -73.577614227701986, 5.30161686871984 ], [ -73.599366077377169, 5.318812744408598 ], [ -73.592724051942469, 5.398848535413047 ], [ -73.678429620977397, 5.434323504969486 ], [ -73.676718170893764, 5.459455869567234 ], [ -73.696276738935808, 5.44663603876262 ], [ -73.719531418278279, 5.458814276110336 ], [ -73.720245619922537, 5.47807057519078 ], [ -73.743161811101288, 5.468552080838917 ], [ -73.747076806078383, 5.489626504129575 ], [ -73.768831042579166, 5.486596283038881 ], [ -73.804670545176293, 5.571397784153696 ], [ -73.889870682103719, 5.51241627889019 ], [ -73.906798694334896, 5.528175820956937 ], [ -73.901200689958728, 5.447743072196962 ], [ -73.9125170982079, 5.432232338509333 ], [ -73.942179010132179, 5.434081865152005 ], [ -73.947973278587995, 5.417556347896753 ], [ -73.972685145060268, 5.419559903394002 ], [ -73.991388393200964, 5.374647048075307 ], [ -74.0209686787436, 5.366294196886866 ], [ -74.022277881787033, 5.386888338223121 ], [ -74.073575195581782, 5.408165564435583 ], [ -74.092753248644271, 5.428945907814017 ], [ -74.096931808637407, 5.470635294507487 ], [ -74.117297579182491, 5.472976495548038 ], [ -74.125473283354324, 5.42896988925793 ], [ -74.182387131089286, 5.463738197634669 ], [ -74.201923750576441, 5.497010590682365 ], [ -74.243959466835406, 5.476346197441674 ], [ -74.253873557096085, 5.487615957038858 ], [ -74.240291679438371, 5.539196022979427 ], [ -74.297775243672106, 5.574968362081324 ], [ -74.314957095750344, 5.620507804488115 ], [ -74.275977464896471, 5.692185245711885 ], [ -74.303987034133343, 5.709234396753433 ], [ -74.287166855754776, 5.746492562197395 ], [ -74.312983101137661, 5.782246934081005 ], [ -74.301024511932951, 5.79765987169897 ], [ -74.316845954260828, 5.797007956591225 ], [ -74.31523434032249, 5.815169962154826 ], [ -74.333096555379598, 5.837042840147369 ], [ -74.384693382101716, 5.784391721921502 ], [ -74.430913553103437, 5.75801370474743 ], [ -74.466454053016605, 5.775924357002659 ], [ -74.485986356993692, 5.770862469412091 ], [ -74.516391789799798, 5.791422759506517 ], [ -74.538590524735525, 5.786088096465949 ], [ -74.554000256264146, 5.760553598015821 ], [ -74.587440098110221, 5.759036880383189 ], [ -74.597370606892468, 5.743395920520025 ], [ -74.62708056075644, 5.762456077691767 ], [ -74.642919568755417, 5.735407752389886 ], [ -74.661024700136977, 5.752378123813171 ], [ -74.638041590704404, 5.866365644068889 ], [ -74.585386636667522, 5.903061804158678 ], [ -74.612376760974939, 5.969879922659998 ], [ -74.594110565127835, 5.985965580384193 ], [ -74.568977415401093, 5.986948755805132 ], [ -74.56272437337077, 6.00189147889604 ], [ -74.571631258257526, 6.034521128642365 ], [ -74.561747844589945, 6.078295787046385 ], [ -74.584513331581604, 6.088208060911786 ], [ -74.610694790029186, 6.133197177869011 ], [ -74.574926077427847, 6.192109185813506 ], [ -74.573415733347133, 6.21566124188729 ], [ -74.52657102162118, 6.273641080793387 ], [ -74.508418122286287, 6.216470541059873 ], [ -74.469628506825984, 6.201394079377801 ], [ -74.479475846817991, 6.159641996515795 ], [ -74.452625542701014, 6.135675445761504 ], [ -74.451694646576357, 6.099285650055318 ], [ -74.40798644558862, 6.086456656427472 ], [ -74.383058811698049, 6.040277892404987 ], [ -74.347552275316218, 6.038518749826695 ], [ -74.337325631274666, 6.064977650475069 ], [ -74.298073392955871, 6.084108162857582 ], [ -74.258716230429968, 6.065524406915199 ], [ -74.260084649565783, 6.012481524996883 ], [ -74.222224889980282, 5.967910212116329 ], [ -74.23889663331795, 5.943694758659731 ], [ -74.22449041508446, 5.923237040981174 ], [ -74.231140689755023, 5.905005996239723 ], [ -74.274980918041877, 5.868483359360086 ], [ -74.266081142427936, 5.83459078960728 ], [ -74.197303856017356, 5.852941547532166 ], [ -74.20007265188076, 5.876657088134738 ], [ -74.180416438686166, 5.911088567537418 ], [ -74.133333124349178, 5.875921147243374 ], [ -74.103076635030789, 5.876997637035416 ], [ -74.079259439192185, 5.818500395062839 ], [ -74.026030333670462, 5.806822432590368 ], [ -74.02506369175552, 5.780755361211497 ], [ -73.982611220652984, 5.720910168233153 ], [ -73.962430848157283, 5.739438012089429 ], [ -73.924515721763441, 5.743026232943256 ], [ -73.87454942392128, 5.727865180436765 ], [ -73.883144417984397, 5.708311623202063 ], [ -73.874345149557826, 5.708007828002239 ], [ -73.824407455893777, 5.740557321910196 ], [ -73.812531616864021, 5.714967980370051 ], [ -73.76360922509599, 5.772915101709046 ], [ -73.726721862936074, 5.770441102614181 ], [ -73.714382500935187, 5.781700865750929 ], [ -73.644009723561794, 5.715205778089977 ], [ -73.600171532655622, 5.868990527014074 ], [ -73.635900282771445, 5.911162379468165 ], [ -73.602988552816839, 5.937484854662325 ], [ -73.584791829135895, 6.008185209251035 ], [ -73.539646736671841, 6.037425696884219 ], [ -73.515202860320358, 6.099078778660332 ], [ -73.497415416595516, 6.10803216038295 ], [ -73.43807888876205, 6.071378101669148 ], [ -73.414832704793923, 6.073094708086543 ], [ -73.370708697584348, 6.005232175064318 ], [ -73.407407693658854, 5.889543720412124 ], [ -73.444486097089282, 5.902000821995732 ], [ -73.456903326917654, 5.890356060384334 ], [ -73.451088734960649, 5.867043890615199 ], [ -73.473477579613132, 5.816830868488655 ], [ -73.435893214967052, 5.798198038441454 ], [ -73.430809308752885, 5.767068564736954 ], [ -73.390480137772215, 5.751068437475777 ], [ -73.379030273901492, 5.763402487733723 ], [ -73.345749401647993, 5.842248862540083 ], [ -73.351471713195565, 5.872571855089272 ], [ -73.329240044198741, 5.851541376519014 ], [ -73.270480279254741, 5.853546006402241 ], [ -73.246890905336898, 5.815959385187617 ], [ -73.204953271710451, 5.826582487520673 ], [ -73.18398077943732, 5.850447154867436 ], [ -73.207251826995673, 5.888838828914942 ], [ -73.220982615801745, 5.890703180466544 ], [ -73.208305801395511, 5.921504988020155 ], [ -73.224738701373383, 5.94113991381981 ], [ -73.218756768416938, 5.980575586467943 ], [ -73.199314540381806, 6.003134278420732 ], [ -73.142639103916622, 5.961076946883531 ], [ -73.100776754560854, 5.962260958812561 ], [ -73.067816449965221, 5.982041703756949 ], [ -73.062197046803647, 6.011052394072528 ], [ -73.032009384660512, 6.023000190908437 ], [ -73.011243446676815, 5.963105015627848 ], [ -72.96265532727557, 6.027425194014581 ], [ -72.952735915390917, 6.067449350779333 ], [ -72.922772349852096, 6.087929397000407 ], [ -72.915975070259776, 6.107376271125273 ], [ -72.87251881277399, 6.125122362669081 ], [ -72.868434047751009, 6.144522181205243 ], [ -72.831270654643845, 6.14878329284539 ], [ -72.803737568383099, 6.21596797547874 ], [ -72.775016098089282, 6.210482882237442 ], [ -72.744677535027904, 6.229182198448393 ], [ -72.75791633143217, 6.315094798775856 ], [ -72.725589274039464, 6.372056533040027 ], [ -72.73797620726242, 6.440268768802977 ], [ -72.724883536328605, 6.456701817002489 ], [ -72.73592265868308, 6.490688268862092 ], [ -72.765377179985705, 6.499138643032131 ], [ -72.778448903987055, 6.528686290956947 ], [ -72.808579137686593, 6.538807342443889 ], [ -72.808863740365098, 6.559205823368801 ], [ -72.764603037308063, 6.582838993784116 ], [ -72.743429406692655, 6.558923404496563 ], [ -72.719137196624672, 6.552697765596029 ], [ -72.649069809860293, 6.436400568004735 ], [ -72.605613463441273, 6.448836782843047 ], [ -72.568095312769287, 6.483649796813861 ], [ -72.539237454750491, 6.487973173430932 ], [ -72.549468620016398, 6.521468814174344 ], [ -72.536322809199589, 6.540418788397079 ], [ -72.542665031550825, 6.582811495433041 ], [ -72.485535246615768, 6.657101121007051 ], [ -72.498889173893531, 6.795241513535271 ], [ -72.48403867371934, 6.808145092543907 ], [ -72.47705870719534, 6.842202642521723 ], [ -72.501570215961863, 6.874249798122548 ], [ -72.497199464853736, 6.92073841648629 ], [ -72.42901087456238, 6.88141287917636 ], [ -72.387281404109274, 6.873908938404565 ], [ -72.350045701055706, 6.892893168111325 ], [ -72.313425799908316, 6.93222380336449 ], [ -72.28142958870518, 7.010064290626555 ], [ -72.252509887917938, 7.007483551827923 ], [ -72.255417341550924, 6.983979265504116 ], [ -72.234103956322087, 6.97926417280535 ], [ -72.200967818047559, 7.006687168642788 ], [ -72.199659554642665, 7.041193449920448 ], [ -72.173677001323824, 7.053076988416263 ] ] ] } },
{ "type": "Feature", "properties": { "dpto_ccdgo": "17", "dpto_cnmbr": "CALDAS" }, "geometry": { "type": "Polygon", "coordinates": [ [ [ -74.671537329365322, 5.771473079051828 ], [ -74.651958956150452, 5.709524042577942 ], [ -74.627455957131417, 5.696037734963289 ], [ -74.637043771834385, 5.651273004766409 ], [ -74.628512412680038, 5.63173663860503 ], [ -74.64458908814305, 5.619443246129186 ], [ -74.653051364102055, 5.574720973939806 ], [ -74.641014538760317, 5.540218213162557 ], [ -74.674572597195379, 5.514650658480278 ], [ -74.649347780609048, 5.442932351963354 ], [ -74.676400122282644, 5.438085982957648 ], [ -74.666693320235538, 5.405912861894035 ], [ -74.684838508425912, 5.400236049153726 ], [ -74.685088348071815, 5.367185332647028 ], [ -74.706610575600962, 5.370968684804108 ], [ -74.701077216739122, 5.353180184660244 ], [ -74.734275758331194, 5.286864726961539 ], [ -74.754465438278999, 5.281705116963285 ], [ -74.826671138720485, 5.319335664931974 ], [ -74.854133097218664, 5.315009013054752 ], [ -74.872815196305794, 5.294913988664543 ], [ -74.939376964169014, 5.313030420860809 ], [ -74.98634668465121, 5.288688820481636 ], [ -75.010110445959128, 5.293377342789729 ], [ -75.056626924696786, 5.275524317505899 ], [ -75.116234929913674, 5.160564423180864 ], [ -75.171578241904399, 5.170964781773489 ], [ -75.198411425016673, 5.162063218511047 ], [ -75.235017051922853, 5.126000107994676 ], [ -75.287908293610485, 5.138306511679429 ], [ -75.344752431125528, 5.08078494688406 ], [ -75.348792757354317, 5.057294908750356 ], [ -75.319412164763492, 5.032937608502379 ], [ -75.318008281010293, 5.015353392603463 ], [ -75.33556870501053, 4.974640814965445 ], [ -75.352724618214268, 4.966741006993681 ], [ -75.352462877678022, 4.940566934501125 ], [ -75.31872212242979, 4.888072056783858 ], [ -75.32481155686196, 4.863300878998527 ], [ -75.375499070399599, 4.802684967723203 ], [ -75.426866772642825, 4.816390873175624 ], [ -75.480085241204847, 4.916464207126097 ], [ -75.537457612782418, 4.91653321216793 ], [ -75.564594177869196, 4.937803213224837 ], [ -75.617061079332984, 4.931405170415928 ], [ -75.623078866775927, 4.970959859154243 ], [ -75.639505013214091, 4.974998157883712 ], [ -75.655539598080964, 4.945802033586107 ], [ -75.702384785016079, 4.945500300021529 ], [ -75.746812971006477, 5.046819019748403 ], [ -75.772426318245948, 5.020078296709605 ], [ -75.770617211331682, 5.007478611715468 ], [ -75.781391785912319, 5.010384384599143 ], [ -75.778534043290165, 4.993165879431994 ], [ -75.796240844289343, 4.966341520478579 ], [ -75.792188903733006, 4.937768377428673 ], [ -75.814807085765324, 4.919438477503028 ], [ -75.867118513882303, 4.93329365702351 ], [ -75.860726901219152, 4.942129236280882 ], [ -75.89216009286929, 4.961530422952297 ], [ -75.903867040406169, 5.023616511904971 ], [ -75.922034224762058, 5.042051382750218 ], [ -75.917351668170397, 5.078686350452355 ], [ -75.899875781993956, 5.118437496408273 ], [ -75.888378466377162, 5.116562187198115 ], [ -75.891828254040604, 5.130996997931043 ], [ -75.875034033401164, 5.132230477427199 ], [ -75.845848520909556, 5.105580898428087 ], [ -75.836568821408093, 5.114781864125139 ], [ -75.833822695447225, 5.150083376048491 ], [ -75.802375204403006, 5.200359328804122 ], [ -75.823664143758492, 5.270118110782483 ], [ -75.786945878805739, 5.284818182552113 ], [ -75.763144598431779, 5.273368957384418 ], [ -75.749272341025346, 5.284523874467554 ], [ -75.734807511266126, 5.264365800870557 ], [ -75.692638346572153, 5.255185182030923 ], [ -75.666229176696675, 5.268471334061048 ], [ -75.64814603519244, 5.307572011197986 ], [ -75.666170872395014, 5.354000321117085 ], [ -75.680347701146275, 5.356270327919701 ], [ -75.698433577124433, 5.38779449292847 ], [ -75.725226509391746, 5.397141540078517 ], [ -75.809174757633116, 5.362126563111368 ], [ -75.86067798521799, 5.371708953781977 ], [ -75.850641512877019, 5.412476716768566 ], [ -75.864671242383338, 5.44506332280542 ], [ -75.865402300028961, 5.501869118395154 ], [ -75.832494166931667, 5.488838933424403 ], [ -75.785679687132358, 5.539968863997151 ], [ -75.771492151352732, 5.53729197125053 ], [ -75.730266798770856, 5.56409897653544 ], [ -75.689107794910456, 5.519317401116983 ], [ -75.616791430920955, 5.532308178761425 ], [ -75.595947352021653, 5.517948129479257 ], [ -75.571029055227598, 5.520572496791084 ], [ -75.589762352936816, 5.641865032926938 ], [ -75.572358979726232, 5.66470785773895 ], [ -75.599599049680819, 5.680911988970514 ], [ -75.599262472235239, 5.737311282197164 ], [ -75.54337074281807, 5.720071071020542 ], [ -75.535490154316903, 5.690976257004815 ], [ -75.519894262068647, 5.695120346816313 ], [ -75.478161411252472, 5.664284378101859 ], [ -75.428931724445476, 5.696602869152095 ], [ -75.376892558840098, 5.674191474972157 ], [ -75.368394028643991, 5.640842852625354 ], [ -75.383110996839719, 5.621509730458876 ], [ -75.365288832303236, 5.601569847936831 ], [ -75.340209317431572, 5.60300942358128 ], [ -75.328847827193954, 5.524572573073022 ], [ -75.310823410403316, 5.508665876065707 ], [ -75.317733348703541, 5.462543965564518 ], [ -75.282580623061449, 5.475688820572677 ], [ -75.275929513855374, 5.418558388851975 ], [ -75.220726819759705, 5.502936206411952 ], [ -75.181407267029783, 5.523468707100861 ], [ -75.137608892183664, 5.527219586032861 ], [ -75.129840044311379, 5.553236625702096 ], [ -75.091623341558204, 5.585212499029984 ], [ -75.099182581764921, 5.642319513449232 ], [ -75.087097476429733, 5.660814147461291 ], [ -75.047928883008638, 5.660875497952535 ], [ -75.01055669161866, 5.681097335815853 ], [ -74.993301027609618, 5.715334121395187 ], [ -74.873360004298547, 5.747711073054099 ], [ -74.841091268275477, 5.738430957632601 ], [ -74.805705467360724, 5.698640870576389 ], [ -74.771544072052222, 5.689813935813932 ], [ -74.729443485700017, 5.70646776762834 ], [ -74.713931903103287, 5.772178155602073 ], [ -74.671537329365322, 5.771473079051828 ] ] ] } },
{ "type": "Feature", "properties": { "dpto_ccdgo": "18", "dpto_cnmbr": "CAQUETÁ" }, "geometry": { "type": "Polygon", "coordinates": [ [ [ -76.051630101404271, 1.046408928967765 ], [ -76.159506948346348, 1.116163261586995 ], [ -76.18380274628845, 1.104818319228804 ], [ -76.260348151138714, 1.12261125435872 ], [ -76.280459478168382, 1.13791121436662 ], [ -76.285081518804418, 1.171229261630043 ], [ -76.302722641225898, 1.176715721209943 ], [ -76.289454741179838, 1.206021525399562 ], [ -76.303149943197582, 1.236244582988658 ], [ -76.253690857026982, 1.275915544360087 ], [ -76.224639870051305, 1.323207135955131 ], [ -76.214113775964449, 1.320557871815374 ], [ -76.223006224014739, 1.337885638259252 ], [ -76.203446411805089, 1.354134899089994 ], [ -76.201166536102789, 1.422269585029263 ], [ -76.175831299412039, 1.45105504865901 ], [ -76.186478093033315, 1.459567053594841 ], [ -76.183787490187797, 1.488204289694687 ], [ -76.149168851137006, 1.536861823768322 ], [ -76.169746814701057, 1.587981578217417 ], [ -76.124378134079564, 1.566068916504249 ], [ -76.119815896136288, 1.552125171111012 ], [ -76.074579368578156, 1.584832056270326 ], [ -76.03437752939891, 1.582767257181456 ], [ -75.980847798834475, 1.624355932769846 ], [ -75.979993573082083, 1.657589866214597 ], [ -75.952651186731714, 1.66380025620101 ], [ -75.912236604764075, 1.711959046129737 ], [ -75.84402044695122, 1.722648843934172 ], [ -75.830320250296495, 1.747400987301759 ], [ -75.799402964220121, 1.749987460949755 ], [ -75.737149243211604, 1.782464397874406 ], [ -75.730669797701523, 1.82334896799209 ], [ -75.707912631810927, 1.839681591649329 ], [ -75.689621681968106, 1.879438003533627 ], [ -75.651758622867931, 1.901053837385853 ], [ -75.641038525762781, 1.958031066702678 ], [ -75.616136049211775, 1.997007417803577 ], [ -75.588059046986018, 2.011118373042061 ], [ -75.534984281136246, 2.117660721256949 ], [ -75.442364011827976, 2.147015310293535 ], [ -75.426271049895831, 2.188126654895522 ], [ -75.439657426144208, 2.220711411299748 ], [ -75.410405195723285, 2.245648226877359 ], [ -75.388556872299603, 2.312624406773787 ], [ -75.371772092062997, 2.32605032419706 ], [ -75.348087386156351, 2.323784419105277 ], [ -75.329624099778812, 2.365308384500582 ], [ -75.310147186864583, 2.361613165227959 ], [ -75.279544638375228, 2.422712472919329 ], [ -75.250589919433708, 2.44445409796102 ], [ -75.227103283221879, 2.511670358198363 ], [ -75.180558088016653, 2.507708338175457 ], [ -75.172631453633926, 2.523832734878831 ], [ -75.181393633287826, 2.531079013468992 ], [ -75.154131538421495, 2.581194712938409 ], [ -75.132691700842656, 2.595151387793825 ], [ -75.155520106785275, 2.645046838146388 ], [ -75.133332094149353, 2.691488890503577 ], [ -75.154093446229865, 2.704123760738775 ], [ -75.146811568274643, 2.722372114232873 ], [ -75.070344334882691, 2.742146321233432 ], [ -74.988955381738776, 2.858004808239722 ], [ -74.935695410977587, 2.908643174907372 ], [ -74.910625452391514, 2.883541823771214 ], [ -74.878334041974313, 2.914999952672513 ], [ -74.836875920445493, 2.908541554706542 ], [ -74.800003052614215, 2.938333515837155 ], [ -74.769374844626611, 2.87312495053725 ], [ -74.67292022755845, 2.888333320940721 ], [ -74.666664118677318, 2.804999826273513 ], [ -74.65666962194814, 2.803750036952003 ], [ -74.643333430123107, 2.755833392592621 ], [ -74.617500311670824, 2.753750081905919 ], [ -74.637496953391747, 2.70083331816416 ], [ -74.615837107444634, 2.696250204255473 ], [ -74.615837107444634, 2.683333403831932 ], [ -74.585830693130958, 2.665416708604981 ], [ -74.59791564934568, 2.638333560981746 ], [ -74.624168391862838, 2.625833269263105 ], [ -74.647918697295381, 2.601666688688546 ], [ -74.645835870800965, 2.587499859093148 ], [ -74.681663508440352, 2.558333391800015 ], [ -74.677497857248113, 2.523750063755676 ], [ -74.647499081315345, 2.493749857704871 ], [ -74.662918085261765, 2.488333221532634 ], [ -74.6729202293551, 2.425000190920215 ], [ -74.692916869279316, 2.420000071537832 ], [ -74.733749383782822, 2.346666810245496 ], [ -74.748336785166941, 2.274166819688159 ], [ -74.730003356655402, 2.279999972650192 ], [ -74.715835579336158, 2.263333323663073 ], [ -74.709167483872818, 2.283750054775873 ], [ -74.693336486157648, 2.28416657066732 ], [ -74.701248169867199, 2.271666527782278 ], [ -74.650001525586447, 2.240000007535329 ], [ -74.665000913552831, 2.211250074100026 ], [ -74.644165032685351, 2.210833309374979 ], [ -74.627082823614444, 2.192499880864103 ], [ -74.610832216207484, 2.20833349806816 ], [ -74.591667177947215, 2.201666598263664 ], [ -74.589164739964303, 2.169999839064598 ], [ -74.604164128828984, 2.156666514664717 ], [ -74.580001836814176, 2.124583246760746 ], [ -74.550834656257223, 2.131666661558449 ], [ -74.538749691059309, 2.110000125852872 ], [ -74.485420233758873, 2.149166583975514 ], [ -74.484169007131754, 2.110000125852872 ], [ -74.462081907722052, 2.08916663809992 ], [ -74.392501826844978, 2.084166525904033 ], [ -74.361942877224294, 2.059513748862465 ], [ -74.241896080797517, 2.056417303916301 ], [ -74.190002437892531, 1.985416777934518 ], [ -74.15333557278467, 1.979583377037291 ], [ -74.149581901886449, 1.997499940211811 ], [ -74.125000001976446, 1.992916575672987 ], [ -74.105003361153877, 1.972500087105543 ], [ -74.040000918051305, 1.970833298598527 ], [ -73.656668332696029, 1.617731943723975 ], [ -73.658345787807264, 1.576350894116036 ], [ -73.547258512194901, 1.438015102586581 ], [ -73.547647113815003, 1.406161515219167 ], [ -73.472108932304991, 1.358454794732555 ], [ -73.456077048674331, 1.294573247878994 ], [ -73.428253638360445, 1.295942497058796 ], [ -73.43187025498321, 1.258920562671663 ], [ -73.40874095360482, 1.241436497328658 ], [ -73.424167849257231, 1.223537486350459 ], [ -73.407271705684479, 1.205746665856375 ], [ -73.421100452257122, 1.191067728767286 ], [ -73.410974910986454, 1.174014971885356 ], [ -73.392985006598167, 1.171941516623477 ], [ -73.39749869056169, 1.153091169238402 ], [ -73.355652111143286, 1.120253417404124 ], [ -73.343567766681758, 1.12340328699948 ], [ -73.333713966899438, 1.113195759122805 ], [ -73.340540409422374, 1.099177493925794 ], [ -73.282012596856134, 1.066795452408442 ], [ -73.278847470261724, 1.047291788542654 ], [ -73.251555838765341, 1.048763000181715 ], [ -73.234903303220392, 1.008697859546137 ], [ -73.216331622441032, 0.996972358191022 ], [ -73.20647211475881, 1.006718395087378 ], [ -73.17857046561295, 1.000162200153387 ], [ -73.172922053132766, 0.981514871286019 ], [ -73.189501896048682, 0.966986426381427 ], [ -73.180672595121564, 0.970958348541601 ], [ -73.164253637906313, 0.9403720290301 ], [ -73.146949217796362, 0.943331994623052 ], [ -73.154817164296503, 0.933465442347113 ], [ -73.144520528862131, 0.919930552006484 ], [ -73.109279220279348, 0.924003668565773 ], [ -73.078490511968653, 0.906623353330821 ], [ -73.077529155745026, 0.894454602200035 ], [ -73.051597827099442, 0.911860219403423 ], [ -73.038265329149795, 0.902423742200624 ], [ -73.026577257028748, 0.921499082709399 ], [ -73.009728219350393, 0.910544678740609 ], [ -73.006211676028329, 0.933288349229182 ], [ -72.987414626629231, 0.928532163963288 ], [ -72.996370422127256, 0.952009504400381 ], [ -72.96047134411134, 0.960838803530562 ], [ -72.954222525064552, 0.983582476714077 ], [ -72.936715717054767, 0.984088454997685 ], [ -72.932498376759895, 1.015151868340131 ], [ -72.907871384081659, 1.008687722050061 ], [ -72.867189419254942, 1.024461644359332 ], [ -72.874531847301796, 1.036406263851506 ], [ -72.865151807699704, 1.041711076749708 ], [ -72.879344825901967, 1.046172743725103 ], [ -72.858020167705661, 1.04223804777993 ], [ -72.860830667889331, 1.071923936655603 ], [ -72.883349786328097, 1.070026848672359 ], [ -72.869121637682099, 1.086538528267948 ], [ -72.88370109795278, 1.098623669535342 ], [ -72.850045379992082, 1.10466624331316 ], [ -72.872072661437642, 1.135406068859395 ], [ -72.869086507238251, 1.146648063305685 ], [ -72.849799460597183, 1.143099806734031 ], [ -72.859249761985154, 1.164775775655947 ], [ -72.826893899191589, 1.1488964602186 ], [ -72.816249135764508, 1.168078111934422 ], [ -72.823907744992198, 1.178231036571369 ], [ -72.771281160672913, 1.182271131034449 ], [ -72.778026357700242, 1.147877654890193 ], [ -72.749605191750277, 1.128836530339599 ], [ -72.738749641168738, 1.151109729382729 ], [ -72.722764932602843, 1.149599087061189 ], [ -72.725856479930314, 1.186100434749848 ], [ -72.699191876595194, 1.182200868350223 ], [ -72.694378897995023, 1.163756971225836 ], [ -72.669189805639348, 1.16319487424342 ], [ -72.662198691013771, 1.150793549998556 ], [ -72.647373312246486, 1.180795618258407 ], [ -72.62257066285764, 1.136249216578842 ], [ -72.510916668427001, 1.0680111623158 ], [ -72.455681889178777, 1.079863665790394 ], [ -72.423659439063556, 1.022663494205335 ], [ -72.39946043017892, 1.003933851744573 ], [ -72.410478608295819, 0.986819485656361 ], [ -72.400465090623641, 0.967362853124818 ], [ -72.377022357809665, 0.960206793308828 ], [ -72.391600033126451, 0.919090272610038 ], [ -72.374032065068434, 0.917408228900732 ], [ -72.354408271199986, 0.935069645178352 ], [ -72.339924041408494, 0.926659448191425 ], [ -72.346932538448641, 0.902924000007953 ], [ -72.332354863131854, 0.879375447366609 ], [ -72.343568460013103, 0.868629082603666 ], [ -72.327589082952613, 0.839940964088941 ], [ -72.316655827138788, 0.853023495729648 ], [ -72.323944664348005, 0.875357243067821 ], [ -72.291705572753017, 0.877786856369135 ], [ -72.287033241692313, 0.862274710528812 ], [ -72.301330577738383, 0.841155770290413 ], [ -72.286752902421597, 0.818728576528656 ], [ -72.31011456221654, 0.809290466187433 ], [ -72.269654450000758, 0.76310517859419 ], [ -72.260988332666614, 0.773349108930139 ], [ -72.27034076162812, 0.79409849633915 ], [ -72.248695818743499, 0.788537374123197 ], [ -72.221851268340515, 0.747279620182923 ], [ -72.230519209256101, 0.718189483698627 ], [ -72.220091789791923, 0.705600300018581 ], [ -72.200378414055365, 0.701969929279683 ], [ -72.190791147325115, 0.726988759311456 ], [ -72.163933662968361, 0.713330187027347 ], [ -72.163377937741302, 0.7338507868259 ], [ -72.140293824352625, 0.718058155289349 ], [ -72.126700918069389, 0.740122003585304 ], [ -72.109824700043816, 0.704924909218849 ], [ -72.081128562261199, 0.704924909218849 ], [ -72.070359302117993, 0.692710992556226 ], [ -72.069308643402508, 0.671303808764637 ], [ -72.084280541102601, 0.65777656488981 ], [ -71.997933796327743, 0.657393984681879 ], [ -71.994960456606066, 0.633076318135849 ], [ -71.98147424061915, 0.630633934374267 ], [ -72.01173858481269, 0.596015770533778 ], [ -71.992405377305602, 0.590729333587675 ], [ -71.989762932282531, 0.563016231089667 ], [ -71.9531017499217, 0.540008505104524 ], [ -71.938645149635363, 0.569961068966237 ], [ -71.913180745883608, 0.515961414930969 ], [ -71.92900741641057, 0.486623023430162 ], [ -71.901464285180282, 0.471977445305762 ], [ -71.920503534047782, 0.452560247948244 ], [ -71.889842312947167, 0.447552404844899 ], [ -71.887102173364156, 0.469379038428009 ], [ -71.858992116702893, 0.457001165620674 ], [ -71.846897705712252, 0.413584118731426 ], [ -71.823417540968933, 0.405741650269963 ], [ -71.851007916434241, 0.35037192599405 ], [ -71.823464785203953, 0.339364121630641 ], [ -71.801874371897156, 0.355285278830644 ], [ -71.81481917103423, 0.373568627122848 ], [ -71.766961210064323, 0.369600150004517 ], [ -71.789071304567017, 0.335679105431166 ], [ -71.753685704875011, 0.332419287347313 ], [ -71.751323514680962, 0.297222659206881 ], [ -71.737244864681998, 0.285695174545947 ], [ -71.727160715117634, 0.30856052822486 ], [ -71.705007248121831, 0.31842239757954 ], [ -71.700862404623081, 0.299556215578335 ], [ -71.726303161104454, 0.280975887609773 ], [ -71.697932431106324, 0.237455043900029 ], [ -71.643906555225215, 0.209584553743835 ], [ -71.624111359968992, 0.215873278682054 ], [ -71.617122674389918, 0.192939287372503 ], [ -71.636148830301636, 0.18297210933149 ], [ -71.605782439207189, 0.183302544990603 ], [ -71.560098039139291, 0.215645483710764 ], [ -71.589947875177529, 0.166255122309023 ], [ -71.548306342674323, 0.173869190334252 ], [ -71.531461062651829, 0.165244405417875 ], [ -71.526137954649755, 0.152509372948686 ], [ -71.545004667556384, 0.132025511579594 ], [ -71.536379885334668, 0.121648820918632 ], [ -71.496692404828991, 0.133170991142139 ], [ -71.473513299913236, 0.184987074340295 ], [ -71.455589922113006, 0.174071330298885 ], [ -71.470346388364987, 0.152644134721782 ], [ -71.449593003449081, 0.13903314893112 ], [ -71.408827425165669, 0.150690080927666 ], [ -71.399596212270296, 0.185863026763406 ], [ -71.373115432236546, 0.172117278301422 ], [ -71.365433984222875, 0.144558398694253 ], [ -71.341850592191349, 0.138291954687746 ], [ -71.335247241955358, 0.155002474733293 ], [ -71.320962444604049, 0.136337906283583 ], [ -71.328509129946383, 0.112889273330861 ], [ -71.290304035232509, 0.095909230637539 ], [ -71.29663786012577, 0.070573932862151 ], [ -71.253845903728745, 0.059518810601759 ], [ -71.271361668847362, 0.035168254012065 ], [ -71.32787100578588, 0.018742685191577 ], [ -71.370589366746231, 0.031184925933638 ], [ -71.400450745246758, 0.005609208253913 ], [ -71.448378997647069, 0.00334882421226 ], [ -71.453751901999965, -0.012226563074527 ], [ -71.546716201183358, 0.021335933938854 ], [ -71.577219759741126, 0.015743614106551 ], [ -71.593488325383248, -0.014421017010004 ], [ -71.704826313804688, -0.067293848607729 ], [ -71.700928636563447, -0.097458479724278 ], [ -71.727195590439692, -0.123894898218063 ], [ -71.736458009934609, -0.154534416003137 ], [ -71.710647683555919, -0.232342722891033 ], [ -71.729190236438967, -0.23132514466225 ], [ -71.742997454868657, -0.252355177667801 ], [ -71.830867813648183, -0.276304416974407 ], [ -71.92779534198803, -0.265253991110064 ], [ -71.983145190125924, -0.279417588564505 ], [ -72.019672362604183, -0.263763083892739 ], [ -72.041849574786852, -0.269167616155119 ], [ -72.061417702707729, -0.296190269382356 ], [ -72.062722245287773, -0.324703827131982 ], [ -72.082849462629156, -0.338308336962526 ], [ -72.093658523561032, -0.329176543394112 ], [ -72.126272070994162, -0.337190157223253 ], [ -72.153444339650321, -0.355326063113801 ], [ -72.158858995035928, -0.382399339142532 ], [ -72.148029685163067, -0.395394511348884 ], [ -72.172789595371626, -0.443931292887463 ], [ -72.201183860350625, -0.47955318741553 ], [ -72.230610642553529, -0.492975930190083 ], [ -72.242829889823724, -0.605261492867376 ], [ -72.305326503800529, -0.650876852857573 ], [ -72.39436863764854, -0.614114396148731 ], [ -72.408879303981621, -0.597825809738491 ], [ -72.407792486250514, -0.567936237591283 ], [ -72.424969998564166, -0.562289796016606 ], [ -72.562805691292795, -0.705686957706552 ], [ -72.673814184591947, -0.635177886035395 ], [ -72.677648814423037, -0.615957964261361 ], [ -72.740619057425988, -0.580109004194612 ], [ -72.749728811709986, -0.554995626403811 ], [ -72.77656100667474, -0.57770606189529 ], [ -72.8014566380578, -0.579382580062874 ], [ -72.81586180615983, -0.599208180620075 ], [ -72.872214839707624, -0.616765240426342 ], [ -72.917278269857377, -0.615509517727673 ], [ -72.937176384279383, -0.60584265481029 ], [ -72.958914328921139, -0.559440697889412 ], [ -73.015656655792384, -0.52686736357312 ], [ -73.053302139164089, -0.546697719815188 ], [ -73.074792014740808, -0.621288799577461 ], [ -73.121423874982156, -0.604131504764241 ], [ -73.20298421064922, -0.626476802649538 ], [ -73.25603542265344, -0.57954310823378 ], [ -73.265017767880863, -0.555769347771248 ], [ -73.315499753904248, -0.530937333331449 ], [ -73.331876292638015, -0.506100451815562 ], [ -73.378504011642576, -0.536262060997036 ], [ -73.430344844346564, -0.510896666940686 ], [ -73.510478565272308, -0.524273714176944 ], [ -73.533194308015482, -0.487737568421325 ], [ -73.549792802666502, -0.514098109755918 ], [ -73.568355203841577, -0.516834313816455 ], [ -73.584649313997488, -0.449116193176078 ], [ -73.608156139861421, -0.439154378979889 ], [ -73.651398226236324, -0.457168839733739 ], [ -73.639259265060332, -0.418860277882626 ], [ -73.685679545832443, -0.417675076583218 ], [ -73.71366235423568, -0.382646609604707 ], [ -73.73480664764719, -0.381572441061205 ], [ -73.763427124764689, -0.407461034118888 ], [ -73.818484941150814, -0.41118842208746 ], [ -73.881411746981939, -0.369928478052732 ], [ -74.007231319654238, -0.340583141670967 ], [ -74.038400148583719, -0.306059983730643 ], [ -74.04466858325867, -0.274762655189967 ], [ -74.08176282400018, -0.279820411425232 ], [ -74.111568960558259, -0.235076117019086 ], [ -74.134734743447723, -0.233556725998 ], [ -74.158202509633668, -0.26310755216482 ], [ -74.181443786101454, -0.263943021079109 ], [ -74.200307984621588, -0.209778861129694 ], [ -74.217587922925588, -0.210082579972614 ], [ -74.234038098418466, -0.237582212046341 ], [ -74.288216633222305, -0.202333280355086 ], [ -74.287839053041182, -0.178328032842529 ], [ -74.265503225202394, -0.14444738104812 ], [ -74.30625040238084, -0.146042303376774 ], [ -74.341865997918319, -0.10965434562521 ], [ -74.401854460622474, -0.114287658330268 ], [ -74.44627419076437, -0.139595902420982 ], [ -74.423359489891823, -0.097954902620595 ], [ -74.454371894157873, -0.070759151985045 ], [ -74.474821260193266, -0.130315316281916 ], [ -74.493232717330841, -0.13791148086926 ], [ -74.508323756885432, -0.12689638397656 ], [ -74.518962524053222, -0.08861021355003 ], [ -74.534657401741526, -0.095142940876817 ], [ -74.530205962992, -0.125984447709408 ], [ -74.631768068865938, -0.088456817109867 ], [ -74.616534375832259, -0.056308044003195 ], [ -74.646444322685625, -0.038419729273684 ], [ -74.677715208397558, -0.060130861877104 ], [ -74.656370589619712, -0.011572679756411 ], [ -74.704598990955219, 0.039847936890735 ], [ -74.67684417515278, 0.044439055693275 ], [ -74.656479249923109, 0.065738146917216 ], [ -74.668639385305539, 0.082019269219836 ], [ -74.698334814298107, 0.079046071432183 ], [ -74.713375908381408, 0.094199308589474 ], [ -74.690166809592711, 0.087885358039671 ], [ -74.675290888872325, 0.099734721001489 ], [ -74.680561564864433, 0.165404296682708 ], [ -74.736544195775878, 0.209605946241046 ], [ -74.840865631059273, 0.21304069699286 ], [ -74.892979197890725, 0.249197365323959 ], [ -74.95938186590547, 0.24248804074968 ], [ -75.003888042792653, 0.273203018875361 ], [ -75.010577311564077, 0.291450435425871 ], [ -74.979885948368405, 0.314620240973654 ], [ -75.007136127073011, 0.342273349437642 ], [ -75.016646410816975, 0.382896345207532 ], [ -74.984649265365192, 0.39996033732768 ], [ -74.986197097969182, 0.418507249737685 ], [ -75.033861362246569, 0.484262376543148 ], [ -75.10585906839799, 0.473760996028099 ], [ -75.094034088426952, 0.498056688866433 ], [ -75.101177506242152, 0.511939944355162 ], [ -75.15525762334164, 0.480904413843006 ], [ -75.217670482826179, 0.487458404309515 ], [ -75.198459934080688, 0.504691394822155 ], [ -75.224813902437973, 0.535444418427025 ], [ -75.235508850288397, 0.571807241296955 ], [ -75.207258042781348, 0.601470591424236 ], [ -75.231180583238881, 0.646063680382904 ], [ -75.276166843552687, 0.667416861908108 ], [ -75.257093558390295, 0.703394749185573 ], [ -75.265601467903764, 0.725637646233398 ], [ -75.297504447380845, 0.729489438391505 ], [ -75.339806614945189, 0.769234913278505 ], [ -75.359828335852114, 0.750396291612203 ], [ -75.382944323289109, 0.754582651683069 ], [ -75.409048399898154, 0.737784127212193 ], [ -75.468749529941476, 0.758837271193486 ], [ -75.483069278971755, 0.78296631024408 ], [ -75.508044281963294, 0.768164221217963 ], [ -75.538392439937923, 0.788592483114854 ], [ -75.537930072201164, 0.826800898003363 ], [ -75.607771519915048, 0.838261016150833 ], [ -75.619221264309772, 0.867703219743566 ], [ -75.636356939352368, 0.876738391341317 ], [ -75.681927120337491, 0.856908230932157 ], [ -75.730953643997907, 0.858704556606307 ], [ -75.762279796805103, 0.837762036647177 ], [ -75.797315433244762, 0.894039582004686 ], [ -75.814176167895766, 0.892991181655644 ], [ -75.827445914879547, 0.874111461134019 ], [ -75.847632954676612, 0.879119765971781 ], [ -75.870030362077159, 0.925461842046395 ], [ -75.900942994876686, 0.943416410275901 ], [ -75.909179674941981, 0.973059217712861 ], [ -75.945694268301281, 0.980922690599018 ], [ -75.921703625609439, 1.020252945864526 ], [ -75.925184301868512, 1.034257550370119 ], [ -75.947624426889831, 1.030694977336405 ], [ -75.994205762246054, 1.07258651657087 ], [ -76.000713885596156, 1.065214694726429 ], [ -75.985701374131338, 1.048103196961223 ], [ -75.994012236233573, 1.027229407159283 ], [ -76.004943506769052, 1.054666299945219 ], [ -76.051630101404271, 1.046408928967765 ] ] ] } },
{ "type": "Feature", "properties": { "dpto_ccdgo": "19", "dpto_cnmbr": "CAUCA" }, "geometry": { "type": "Polygon", "coordinates": [ [ [ -76.45922083897301, 3.328723712748799 ], [ -76.343128414306818, 3.280555325211924 ], [ -76.229259059432366, 3.276831383183489 ], [ -76.191340964104086, 3.227090301249045 ], [ -76.156360748371753, 3.236033434982716 ], [ -76.146006986328018, 3.222667951768367 ], [ -76.108991175759854, 3.22763748977913 ], [ -76.067807025339619, 3.210513968952574 ], [ -76.05520555718789, 3.223265357959512 ], [ -76.068563637380521, 3.195461550698316 ], [ -76.091542319911866, 3.198297429207245 ], [ -76.073723919319377, 3.122485233471875 ], [ -76.105411394584678, 3.100556553886098 ], [ -76.082272324019812, 3.090443274629162 ], [ -76.072981834844825, 3.049592588092652 ], [ -76.044898471643478, 3.043123452555542 ], [ -76.041304357836566, 3.015879171296404 ], [ -76.020799847775208, 3.003891667995011 ], [ -76.028993473351193, 2.940490261161925 ], [ -75.895241529650207, 2.85538761398118 ], [ -75.87917940690636, 2.833765852141629 ], [ -75.825432518330388, 2.838238317773627 ], [ -75.805552010902034, 2.819133006748188 ], [ -75.805806670911579, 2.768290347750757 ], [ -75.753753468220395, 2.745234578927618 ], [ -75.747824243056925, 2.719511373032022 ], [ -75.757980690889553, 2.680771530567645 ], [ -75.789089136814141, 2.658198718883961 ], [ -75.791019174130042, 2.630396056975657 ], [ -75.837558651553934, 2.567119612186368 ], [ -75.814115640262003, 2.483622896196883 ], [ -75.85324383012437, 2.454791770266556 ], [ -75.861533024844675, 2.427904713347976 ], [ -75.887497265991897, 2.425107222576668 ], [ -75.923995529762976, 2.481229635049157 ], [ -75.977211335716333, 2.504040835544691 ], [ -76.021898057949841, 2.443602881567247 ], [ -76.032535006926025, 2.402631165814437 ], [ -76.08924786903242, 2.415918018530984 ], [ -76.120215290124804, 2.390532614485759 ], [ -76.146451811749955, 2.294019097535589 ], [ -76.121135329202332, 2.224808971935687 ], [ -76.147836914410561, 2.201315807662295 ], [ -76.209269704850897, 2.198403317171581 ], [ -76.299064267282233, 2.282486812273933 ], [ -76.355743120043144, 2.270703197060124 ], [ -76.37376724937269, 2.279089391941858 ], [ -76.404731780582495, 2.200541461066939 ], [ -76.434262728813792, 2.187288099367449 ], [ -76.430917172755869, 2.120387713985214 ], [ -76.467429999127603, 2.100007627877041 ], [ -76.487417475330346, 2.129060848963654 ], [ -76.55338511495745, 2.139691802578497 ], [ -76.590552575639492, 2.107250716547101 ], [ -76.577278630825049, 2.056538744561343 ], [ -76.586062540743001, 2.034644092287327 ], [ -76.572512997969682, 2.019737894724988 ], [ -76.57923259927918, 2.001749170724538 ], [ -76.610679555825413, 1.995010535895827 ], [ -76.624662643866657, 1.97173943084601 ], [ -76.610464553772317, 1.946727195351989 ], [ -76.619284941608043, 1.926539779161209 ], [ -76.595038233940386, 1.919972465770108 ], [ -76.578723372684919, 1.898732409178773 ], [ -76.590306840399364, 1.868158245679348 ], [ -76.530448347850722, 1.823537449960255 ], [ -76.511281788741428, 1.83349549212755 ], [ -76.435126212610896, 1.791800324770641 ], [ -76.41845625692207, 1.717099459115127 ], [ -76.382626316898779, 1.746755556238962 ], [ -76.371906405745051, 1.742521897135735 ], [ -76.376686353265882, 1.66393806236699 ], [ -76.325599100786292, 1.663091669031797 ], [ -76.304979812889599, 1.690024181638305 ], [ -76.272335996698871, 1.674502507360157 ], [ -76.242254364589883, 1.683091289567871 ], [ -76.211555026144765, 1.640718520655556 ], [ -76.202396778068191, 1.578651473307135 ], [ -76.183123144183241, 1.573768816826618 ], [ -76.169937186726088, 1.588062246095891 ], [ -76.152168346227313, 1.562505930245145 ], [ -76.149402186023053, 1.535932027182426 ], [ -76.183837510219291, 1.48796984538837 ], [ -76.186478093033315, 1.459567053594841 ], [ -76.175881312257047, 1.450837348962952 ], [ -76.201166536102789, 1.422269585029263 ], [ -76.203446411805089, 1.354134899089994 ], [ -76.223006224014739, 1.337885638259252 ], [ -76.214176688627163, 1.320368126814923 ], [ -76.224639870051305, 1.323207135955131 ], [ -76.253690857026982, 1.275915544360087 ], [ -76.303149943197582, 1.236244582988658 ], [ -76.289454741179838, 1.206021525399562 ], [ -76.302722641225898, 1.176715721209943 ], [ -76.285081518804418, 1.171229261630043 ], [ -76.280459478168382, 1.13791121436662 ], [ -76.260092653898653, 1.122491551056777 ], [ -76.18380274628845, 1.104818319228804 ], [ -76.159720857148898, 1.116211179559033 ], [ -76.147770077903488, 1.09952576654736 ], [ -76.123571146274003, 1.100759036735925 ], [ -76.101291490134713, 1.068459158793204 ], [ -76.080851854658249, 1.065098095106248 ], [ -76.093466083388819, 1.050242686533907 ], [ -76.074907698584582, 1.028393810646633 ], [ -76.103975655647787, 1.02522643287246 ], [ -76.125302362902914, 1.006601482853232 ], [ -76.166858947950175, 1.030105041541078 ], [ -76.183701406362161, 1.026127637856677 ], [ -76.18308030708647, 1.013219192670206 ], [ -76.203288704346448, 1.017774102151438 ], [ -76.208815996880332, 1.005360401807071 ], [ -76.192697042174757, 1.00631769674398 ], [ -76.190593804144157, 0.993433482733321 ], [ -76.204988997345367, 0.979764606764699 ], [ -76.236417363241969, 0.982041228766397 ], [ -76.235696197852121, 0.964531990812388 ], [ -76.249862353710967, 0.98142271035259 ], [ -76.266687601286719, 0.969420652535389 ], [ -76.276015340931281, 0.983689654796048 ], [ -76.294861389874939, 0.961445878296859 ], [ -76.328769537326593, 0.958028630333975 ], [ -76.33513439724095, 0.980594311185209 ], [ -76.370655117134106, 0.983903108152344 ], [ -76.40171466502386, 0.97993615098469 ], [ -76.409567157793845, 0.962264487616426 ], [ -76.425647206433439, 0.960393468763464 ], [ -76.483426478328056, 1.004642182893702 ], [ -76.493455717428617, 1.028179559585713 ], [ -76.544969985317096, 1.03767064631643 ], [ -76.568039131862861, 1.103399830654101 ], [ -76.548967284006096, 1.123101104276918 ], [ -76.537234268237228, 1.209197100307259 ], [ -76.565709613421802, 1.238546234769082 ], [ -76.5860164867766, 1.300631595187418 ], [ -76.570968780189276, 1.328000153973605 ], [ -76.584305801159928, 1.343548439964917 ], [ -76.574019046303249, 1.385757942639218 ], [ -76.63289221825238, 1.430083019019297 ], [ -76.645959580031217, 1.455542047247253 ], [ -76.676618063962962, 1.466181463897197 ], [ -76.697221206426207, 1.443986419244345 ], [ -76.886647152000478, 1.371923693881534 ], [ -76.920744295257066, 1.345688616749355 ], [ -76.93180291735689, 1.385798518674578 ], [ -76.918254254933288, 1.429663500955706 ], [ -76.928927114091607, 1.500486126233444 ], [ -76.887639086002423, 1.523021782669036 ], [ -76.858607446058443, 1.522467855870623 ], [ -76.857534526174163, 1.564038589393532 ], [ -76.833680537108876, 1.609739128605182 ], [ -76.854513129241411, 1.637677128107122 ], [ -76.902088013771788, 1.662373318065989 ], [ -76.936084703739937, 1.729002057181417 ], [ -76.998330481838423, 1.707327186899988 ], [ -77.02634854016145, 1.713971689890015 ], [ -77.056854392119988, 1.69905198794321 ], [ -77.072334182415148, 1.66895671311012 ], [ -77.137559991791136, 1.654930831091711 ], [ -77.150799585900018, 1.685644814781569 ], [ -77.238970150208672, 1.657343415914958 ], [ -77.25646585143943, 1.670885060693539 ], [ -77.27517223470295, 1.662179515372152 ], [ -77.281694475088955, 1.673706064886144 ], [ -77.330879979121789, 1.681512693234194 ], [ -77.294693561258555, 1.765996766305533 ], [ -77.310072939587826, 1.804204476015961 ], [ -77.289186210441528, 1.849048003797345 ], [ -77.255747467235892, 1.869695399102679 ], [ -77.245491197630997, 1.911329831314839 ], [ -77.218375344117931, 1.916973261734287 ], [ -77.219846245837971, 1.934000676223588 ], [ -77.203159468283786, 1.95203759936898 ], [ -77.220569925614313, 1.988187508770543 ], [ -77.259311609627787, 1.994098614001756 ], [ -77.279500851197383, 2.020760613117913 ], [ -77.333527732294101, 2.051361639859003 ], [ -77.307896550787063, 2.106141488526764 ], [ -77.31796126258979, 2.181920999034459 ], [ -77.307713302407933, 2.195728691774566 ], [ -77.355579833312504, 2.260326191090251 ], [ -77.385677473412613, 2.255942413501967 ], [ -77.459434296091274, 2.286177709748298 ], [ -77.479022258829389, 2.273688084633889 ], [ -77.472273547589907, 2.241319502585154 ], [ -77.48794162222373, 2.195252599565923 ], [ -77.556212110188198, 2.202519827783552 ], [ -77.603625083141026, 2.164709610326681 ], [ -77.645620369790038, 2.168544419820821 ], [ -77.73376750332244, 2.13404223306753 ], [ -77.780642879963352, 2.148378492247088 ], [ -77.848754949901263, 2.191190941027284 ], [ -77.847922140002254, 2.260593862308767 ], [ -77.863864531596391, 2.272752909830091 ], [ -77.883495084394383, 2.319461729699964 ], [ -77.88324523486699, 2.352714702952338 ], [ -77.917541304811891, 2.411506798287204 ], [ -77.925201310920954, 2.482009839563135 ], [ -77.914799709058627, 2.569764480865901 ], [ -77.928338154036112, 2.640404027546271 ], [ -77.906429025399007, 2.645772207655066 ], [ -77.907580795868512, 2.68043377812467 ], [ -77.87311426058119, 2.697540823835839 ], [ -77.845649693373275, 2.691514551798474 ], [ -77.842506316805895, 2.703892021261967 ], [ -77.809079136723767, 2.685002256669091 ], [ -77.786451528661701, 2.692484771706011 ], [ -77.790383720102, 2.729961028511778 ], [ -77.800594569951613, 2.72871066875963 ], [ -77.79413320305099, 2.756081520048233 ], [ -77.75062731719953, 2.764099504184729 ], [ -77.735961509896583, 2.787545223898592 ], [ -77.764132740979164, 2.796264757796747 ], [ -77.716014752561534, 2.831228850552412 ], [ -77.698490552255691, 2.897937964695328 ], [ -77.686714598778622, 2.903867580626017 ], [ -77.692311091288957, 2.913544848737642 ], [ -77.671832088910378, 2.936349930802882 ], [ -77.666652002697049, 2.984248611537211 ], [ -77.681575982425102, 2.991610665093472 ], [ -77.702029828362413, 2.972505973906062 ], [ -77.690803152000171, 3.000754686539274 ], [ -77.653434977879328, 3.064818483742966 ], [ -77.626118766660568, 3.077627124225209 ], [ -77.573201933746702, 3.144435246266046 ], [ -77.54262110204661, 3.213675180685779 ], [ -77.50494286607352, 3.187216766026359 ], [ -77.497710774587688, 3.216449253257268 ], [ -77.472006688449028, 3.211528572857079 ], [ -77.462064672238853, 3.226700084456746 ], [ -77.47071315742653, 3.236963294450733 ], [ -77.455248536095326, 3.233451709833158 ], [ -77.430320289553265, 3.254073177942085 ], [ -77.403485177756465, 3.213232263287048 ], [ -77.382079534576121, 3.203387496072385 ], [ -77.383881063296656, 3.177427405145935 ], [ -77.365414145027557, 3.165954638709191 ], [ -77.365837778276727, 3.146511868091813 ], [ -77.347335872396059, 3.140084719844472 ], [ -77.317176761430346, 3.174220742216454 ], [ -77.279865513594416, 3.159373829018516 ], [ -77.288318583611044, 3.138622512026683 ], [ -77.261587210244272, 3.135143345836902 ], [ -77.252324441304438, 3.115159639867113 ], [ -77.244703354736032, 3.126311022076766 ], [ -77.234102343789743, 3.108080017759581 ], [ -77.216246001024331, 3.120399146988758 ], [ -77.217099020338367, 3.135999676343671 ], [ -77.192612219753414, 3.140314917811095 ], [ -77.15929896500478, 3.174311546692655 ], [ -77.129645201704875, 3.161248338727409 ], [ -77.08664358194676, 3.185793165135264 ], [ -77.063904535988229, 3.169211415095051 ], [ -76.9967542633471, 3.154809285996484 ], [ -76.971881795042066, 3.118785590891265 ], [ -76.939057253841838, 3.113824533881825 ], [ -76.915482593441823, 3.149464045285039 ], [ -76.908049598972468, 3.20137037600349 ], [ -76.863874730907582, 3.212639417846218 ], [ -76.809391520554243, 3.207540156716782 ], [ -76.772913081718968, 3.233705680834355 ], [ -76.739205403364224, 3.186136885091412 ], [ -76.749796766396685, 3.146217752246873 ], [ -76.733409280784144, 3.124887508322363 ], [ -76.699682592266186, 3.120198153275359 ], [ -76.666325843751736, 3.097978830734299 ], [ -76.629794857023739, 3.128414721841721 ], [ -76.624040115370235, 3.101757898822365 ], [ -76.598088714751952, 3.092088507145401 ], [ -76.572865471116927, 3.128768080728511 ], [ -76.555918887100745, 3.099491898509038 ], [ -76.53085831861182, 3.123562925210728 ], [ -76.513359090592473, 3.120764400477689 ], [ -76.532661008854916, 3.135689744747275 ], [ -76.517761430084363, 3.134485533284704 ], [ -76.519762241226374, 3.1497324432412 ], [ -76.500766339699169, 3.144011067739061 ], [ -76.507804326656981, 3.157282197230691 ], [ -76.487115218945803, 3.173837069656223 ], [ -76.498229262651307, 3.20205148727951 ], [ -76.465437839667061, 3.227501360769134 ], [ -76.477340176323821, 3.232577201003799 ], [ -76.462054591168055, 3.249216676830196 ], [ -76.475576419994468, 3.257710378577541 ], [ -76.459829712167902, 3.256307644668811 ], [ -76.487188967994484, 3.282453879246859 ], [ -76.475170029920946, 3.287656577870435 ], [ -76.494183541136636, 3.292847398061483 ], [ -76.489144973829298, 3.304962084942119 ], [ -76.477438449399301, 3.294030959035867 ], [ -76.478354596971883, 3.319253032164311 ], [ -76.468471716005638, 3.310691141046078 ], [ -76.45922083897301, 3.328723712748799 ] ] ] } },
{ "type": "Feature", "properties": { "dpto_ccdgo": "20", "dpto_cnmbr": "CESAR" }, "geometry": { "type": "Polygon", "coordinates": [ [ [ -73.453354593340123, 10.867652765393903 ], [ -73.337548012825096, 10.86256445383823 ], [ -73.312318648963185, 10.846152619371031 ], [ -73.289935673009154, 10.86227042333334 ], [ -73.279944400336035, 10.856994296359932 ], [ -73.251537514915583, 10.804298798628659 ], [ -73.252435820135759, 10.770733100915308 ], [ -73.277825236061119, 10.726427660824569 ], [ -73.237058092012944, 10.740441097573131 ], [ -73.215103176209368, 10.730510306719987 ], [ -73.207626614312346, 10.707460894380796 ], [ -73.15741840985288, 10.715542875447429 ], [ -73.146144144302241, 10.69150836708778 ], [ -73.104092131692767, 10.673862336268202 ], [ -73.082193692117755, 10.629399481569813 ], [ -73.085076542672141, 10.591030649003232 ], [ -73.101663921560942, 10.570321116281836 ], [ -73.095381403087742, 10.5577511556658 ], [ -73.123378052743931, 10.527140933762121 ], [ -73.137551272061501, 10.530335089437971 ], [ -73.144875026813679, 10.49949002078235 ], [ -73.168014567197815, 10.4922001379335 ], [ -73.181674327056157, 10.466279091413663 ], [ -73.142330756949605, 10.436776225439722 ], [ -73.144318653002415, 10.398094297407752 ], [ -73.084468215653317, 10.426336160381593 ], [ -73.036856855900169, 10.403462344565831 ], [ -73.016178526184376, 10.411821653747996 ], [ -72.986749588921384, 10.400494218670362 ], [ -72.900750254384775, 10.436109720781861 ], [ -72.899713318344482, 10.398923270599077 ], [ -72.885751099980553, 10.384567270027089 ], [ -72.907876385905126, 10.344275000970615 ], [ -72.896099268210548, 10.311066683904846 ], [ -72.906987636072245, 10.267970448117007 ], [ -72.897199718785316, 10.217923245242517 ], [ -72.921999058778056, 10.137956997371113 ], [ -72.911492461741659, 10.112440515546693 ], [ -72.954692769236033, 10.066006523778848 ], [ -72.952906270240533, 10.026789438362995 ], [ -72.999151094626484, 9.922670966803247 ], [ -72.981543083234442, 9.916270215571579 ], [ -72.988705259684366, 9.898590819499136 ], [ -72.977212462597038, 9.889001591745419 ], [ -72.992964494742523, 9.87636665683147 ], [ -72.943537141584557, 9.843127965905092 ], [ -72.987866500238511, 9.794087273107955 ], [ -73.005855226036203, 9.74122754524552 ], [ -73.055074377393112, 9.678267010345536 ], [ -73.084698666046734, 9.556533784634448 ], [ -73.126883897122354, 9.555239668808259 ], [ -73.145081406829831, 9.54288179161669 ], [ -73.176692546794698, 9.501050866254252 ], [ -73.173956164867548, 9.479671409884263 ], [ -73.20307006181099, 9.469212490969882 ], [ -73.187335875611154, 9.446994271560881 ], [ -73.207430123857023, 9.423713327255882 ], [ -73.221231000175749, 9.424379578588601 ], [ -73.260810954951182, 9.370641831277974 ], [ -73.264475321560894, 9.328097066292651 ], [ -73.288745823822751, 9.314843470132685 ], [ -73.298383706167954, 9.266673545577035 ], [ -73.333295285168049, 9.21278244045385 ], [ -73.356211363158991, 9.215584922268837 ], [ -73.371701202915233, 9.158101385884667 ], [ -73.411653294076814, 9.154379651018701 ], [ -73.42947251573014, 9.10241010400658 ], [ -73.411935314995105, 9.052667527274203 ], [ -73.439295517646713, 8.988961055022415 ], [ -73.437396221602683, 8.910031511425744 ], [ -73.425684503109551, 8.899569218436483 ], [ -73.448252676788456, 8.863299079319775 ], [ -73.411910426252007, 8.783343918464471 ], [ -73.414617947082775, 8.766029819000176 ], [ -73.462680913645386, 8.745343122369819 ], [ -73.471766222056033, 8.707454445095136 ], [ -73.50502199985209, 8.688486368008355 ], [ -73.52158612583122, 8.638261667773751 ], [ -73.552181612658558, 8.607354640467021 ], [ -73.547197512046921, 8.564321206849115 ], [ -73.514992898718276, 8.528976117616523 ], [ -73.554614294607404, 8.507027546619549 ], [ -73.567521654628536, 8.507771961325798 ], [ -73.568204981151837, 8.506387098515583 ], [ -73.57253954988812, 8.507085626342235 ], [ -73.575650694877424, 8.506583557529845 ], [ -73.576580172561137, 8.5057030129153 ], [ -73.576223685738, 8.491841831745564 ], [ -73.561362581841763, 8.491259468754183 ], [ -73.547701294846263, 8.471406183894462 ], [ -73.522772996201809, 8.482929071872443 ], [ -73.477671322943308, 8.470115004663304 ], [ -73.473293283797489, 8.446829541828794 ], [ -73.529997834684252, 8.38078982671782 ], [ -73.48805208117949, 8.383977217175875 ], [ -73.441807466101125, 8.340839011166235 ], [ -73.434241644831388, 8.365376585469082 ], [ -73.393162353041248, 8.382126308923214 ], [ -73.414398769656884, 8.459258383289427 ], [ -73.370354149327113, 8.459076246127125 ], [ -73.342055118420546, 8.43556879144276 ], [ -73.350673381563013, 8.331082008526471 ], [ -73.376591241756842, 8.310519912816909 ], [ -73.374178503321502, 8.266005731037282 ], [ -73.440633791094285, 8.257243321414739 ], [ -73.429339765286613, 8.224861129878581 ], [ -73.448903706156557, 8.192518656486049 ], [ -73.428084261776974, 8.180522132295334 ], [ -73.437658063648655, 8.152719867442713 ], [ -73.422399475583688, 8.135121144638644 ], [ -73.429664204686389, 8.123275652520428 ], [ -73.405571292311265, 8.113071540041167 ], [ -73.396552813221092, 8.121900015415568 ], [ -73.396452839633412, 8.106569186574996 ], [ -73.377572926871551, 8.105542597338404 ], [ -73.367025599289377, 8.01262964051061 ], [ -73.309288826724696, 8.015515331540042 ], [ -73.298362075616978, 7.985009369987957 ], [ -73.281939577240053, 7.993373774418473 ], [ -73.275133751967587, 7.957765779533783 ], [ -73.303334384034486, 7.906592188108442 ], [ -73.333400591159432, 7.907278363191757 ], [ -73.351689723709001, 7.892450345172555 ], [ -73.343095332415885, 7.812147917809549 ], [ -73.403437586096857, 7.724082012707636 ], [ -73.490622261171893, 7.674350063951902 ], [ -73.521816421714277, 7.707428535728083 ], [ -73.551341521010102, 7.711910795699436 ], [ -73.558771176438881, 7.728235261749062 ], [ -73.588222801570737, 7.741325968963691 ], [ -73.757620321207412, 7.75058934516489 ], [ -73.76179435907784, 7.759976026915116 ], [ -73.759922028683491, 7.773491690598425 ], [ -73.737476134676797, 7.784498191505299 ], [ -73.751167881771266, 7.819740442420454 ], [ -73.724783099378556, 7.834626444940863 ], [ -73.725100516642215, 7.848718179810263 ], [ -73.671384566967618, 7.891225573053338 ], [ -73.670777971902055, 7.903500483575765 ], [ -73.674440700881746, 7.941673208369613 ], [ -73.70839528767732, 7.969823581452074 ], [ -73.723558797976864, 7.967827265483425 ], [ -73.721168920785431, 8.010589127394777 ], [ -73.791422514083536, 8.102805376384172 ], [ -73.775405430208934, 8.103411041692608 ], [ -73.769612475091151, 8.116511752554228 ], [ -73.77955551717821, 8.208128716075462 ], [ -73.750266650735853, 8.271879639697861 ], [ -73.760327241064772, 8.299872526307405 ], [ -73.746749943021996, 8.31685121973018 ], [ -73.757632357743489, 8.334247862756726 ], [ -73.746004312894172, 8.46205796174711 ], [ -73.774301532795732, 8.497054660678678 ], [ -73.774904433087556, 8.560550084366081 ], [ -73.817950442232529, 8.638683428932374 ], [ -73.815786534634242, 8.721261493742714 ], [ -73.789270677157333, 8.749205325112129 ], [ -73.795277155700148, 8.816771946555852 ], [ -73.860032489139144, 8.878741692806789 ], [ -73.873364898155444, 8.911815276845617 ], [ -73.863127467135428, 8.94655599254814 ], [ -73.832108333584188, 8.979427580352901 ], [ -73.825801643224054, 9.022713162288857 ], [ -73.80824798533996, 9.028078563008002 ], [ -73.797707069937417, 9.057355374048687 ], [ -73.875325679438163, 9.130541568435556 ], [ -73.866622261328757, 9.18296807532211 ], [ -73.892829302917733, 9.173587284728137 ], [ -73.962032682166694, 9.187675888966323 ], [ -73.965726773154529, 9.217818119675094 ], [ -73.949452127709719, 9.237385274719101 ], [ -73.942791437065182, 9.289562937293885 ], [ -73.991690771756453, 9.324019727648169 ], [ -73.978094793232458, 9.389381325570405 ], [ -74.049258005142462, 9.42444318744626 ], [ -74.097410470029843, 9.476703046833331 ], [ -74.139159989997665, 9.493779959432603 ], [ -74.036739418319769, 9.591322590785756 ], [ -74.003962357611726, 9.595359782789835 ], [ -73.989261095572942, 9.579814429800214 ], [ -73.893397316209359, 9.616429466565318 ], [ -73.867892949073678, 9.600995157111397 ], [ -73.803264147934897, 9.636416578949442 ], [ -73.810397658222882, 9.696457322744628 ], [ -73.839019674155679, 9.731024289759693 ], [ -73.827433456695985, 9.752937203899746 ], [ -73.841792117182081, 9.79734287180152 ], [ -73.894963436730507, 9.832090918660942 ], [ -73.952666123592849, 9.92693513092118 ], [ -74.001831222377746, 9.940197452424481 ], [ -74.011758352593517, 9.976095316814321 ], [ -74.051093417444179, 10.010254520230728 ], [ -74.082975579346282, 10.067102799879089 ], [ -74.067301568640346, 10.098062858372561 ], [ -74.065729204823015, 10.166521606419058 ], [ -74.038932000164777, 10.201534208238797 ], [ -74.040711952233323, 10.220034310300372 ], [ -74.010370847835929, 10.236252127376199 ], [ -74.000669508448482, 10.26565589292564 ], [ -73.965092437192652, 10.288102542415345 ], [ -73.961321958802046, 10.336777423869339 ], [ -73.917077812607261, 10.378419480089464 ], [ -73.830520171981675, 10.402644614697627 ], [ -73.818073778324333, 10.385117051995525 ], [ -73.779030705699597, 10.396173316015522 ], [ -73.740717982847514, 10.435749347843732 ], [ -73.704173961554318, 10.430109516976522 ], [ -73.703319997211906, 10.463598682658176 ], [ -73.652263274899894, 10.460454997070173 ], [ -73.639835950694589, 10.500767710900485 ], [ -73.592355964266517, 10.493839116373779 ], [ -73.563096993780619, 10.503811934940993 ], [ -73.570474128266142, 10.541776798395663 ], [ -73.613429517089685, 10.564226379090506 ], [ -73.595944219256523, 10.585117931294747 ], [ -73.595359312234166, 10.630943145089205 ], [ -73.616881440050236, 10.644687932353168 ], [ -73.593785469788713, 10.705264795628699 ], [ -73.563131527742655, 10.715958864925783 ], [ -73.562315658286821, 10.740852487673509 ], [ -73.541907340801004, 10.75471829247569 ], [ -73.588994322063968, 10.781709464218741 ], [ -73.638662119380797, 10.78779308924115 ], [ -73.638736181941738, 10.802147144060637 ], [ -73.584570831721805, 10.842104870357291 ], [ -73.453354593340123, 10.867652765393903 ] ] ] } },
{ "type": "Feature", "properties": { "dpto_ccdgo": "23", "dpto_cnmbr": "CÓRDOBA" }, "geometry": { "type": "Polygon", "coordinates": [ [ [ -75.881190882855833, 9.423628171390645 ], [ -75.793918108134051, 9.429343173340779 ], [ -75.79150581167022, 9.409866329597463 ], [ -75.813798401763222, 9.418432043050343 ], [ -75.834356949125265, 9.408230156598083 ], [ -75.825232712190768, 9.393382781665688 ], [ -75.805126166897139, 9.40282627651308 ], [ -75.784203381143243, 9.392998761457179 ], [ -75.745753748644518, 9.421292289279069 ], [ -75.700909109644783, 9.4135231054369 ], [ -75.70440410236597, 9.372208409041901 ], [ -75.679832686702014, 9.344594614479282 ], [ -75.64882663442836, 9.362379297678483 ], [ -75.599720954755298, 9.32543290178546 ], [ -75.587665219861776, 9.302527140954426 ], [ -75.603011062258133, 9.299408642350457 ], [ -75.60936712855721, 9.280988186782073 ], [ -75.512307419306183, 9.258100527916778 ], [ -75.496468970958119, 9.284930630702734 ], [ -75.499769094684382, 9.259515878673723 ], [ -75.457335889765147, 9.23759500994551 ], [ -75.466203610769242, 9.208508820661688 ], [ -75.454416751736005, 9.176010503816205 ], [ -75.467401274406598, 9.164747778931558 ], [ -75.448856774872752, 9.140080697105986 ], [ -75.428288623614378, 9.151454756580659 ], [ -75.410520402953637, 9.144818967255858 ], [ -75.390866245106054, 9.161267824918653 ], [ -75.381688896136382, 9.138074360422371 ], [ -75.355549849882095, 9.136695541482236 ], [ -75.34647944543218, 9.123746518463744 ], [ -75.328152429998568, 9.131296432353492 ], [ -75.320996110569013, 9.11562681261667 ], [ -75.31007915829224, 9.117559544880484 ], [ -75.309974832363594, 9.088795345288711 ], [ -75.293565962338675, 9.096201572635959 ], [ -75.299126551853419, 9.082513646079898 ], [ -75.281085232348914, 9.072889437901154 ], [ -75.223698698819589, 9.072729529568338 ], [ -75.187834175426929, 8.967480018875795 ], [ -75.156108513646757, 8.943597351971288 ], [ -75.167658908959311, 8.944463015082979 ], [ -75.171749225575184, 8.928278259629209 ], [ -75.187974689117311, 8.944173647736417 ], [ -75.186344966925049, 8.914250151583735 ], [ -75.216988066297006, 8.915760891821757 ], [ -75.244646197246652, 8.882265814322471 ], [ -75.2726886008316, 8.913643314871239 ], [ -75.293182350863958, 8.89734542729706 ], [ -75.299762526343727, 8.857992821929464 ], [ -75.331632429825731, 8.865540615793426 ], [ -75.371610465251649, 8.82652406684814 ], [ -75.368845141379609, 8.791225195075489 ], [ -75.324186628963503, 8.755530959159852 ], [ -75.343172819694701, 8.715190098394343 ], [ -75.336748183138752, 8.696180490362224 ], [ -75.349110495316779, 8.700748792836666 ], [ -75.35961557958899, 8.679696862480297 ], [ -75.318344147887956, 8.590370118770045 ], [ -75.330318630997624, 8.552782319863155 ], [ -75.304311168274353, 8.517750176975474 ], [ -75.314363822879727, 8.502373040843416 ], [ -75.241400082973257, 8.487281766828843 ], [ -75.231940881968626, 8.467925244428868 ], [ -75.216293465907881, 8.485366483454978 ], [ -75.192454105020374, 8.443412805007773 ], [ -75.211397329297313, 8.425335694797704 ], [ -75.196465205436368, 8.421354457998941 ], [ -75.185139265156181, 8.396640495756239 ], [ -75.156561961105638, 8.418995283451791 ], [ -75.156535368257096, 8.433321503051717 ], [ -75.136206089104576, 8.429929830145435 ], [ -75.128046121632451, 8.468282917029132 ], [ -75.040873056393366, 8.45847482536179 ], [ -75.033487336701853, 8.498919394912857 ], [ -75.00572085806283, 8.522802908031059 ], [ -74.993905485581365, 8.509516137061238 ], [ -74.925994027572585, 8.499607674750559 ], [ -74.927451777048134, 8.453343679404307 ], [ -74.899767580561445, 8.454291221324413 ], [ -74.875446106053118, 8.404359947028059 ], [ -74.852274553279983, 8.384710584391925 ], [ -74.840308242150968, 8.393989226575204 ], [ -74.839353458905521, 8.384697805846811 ], [ -74.805533876428285, 8.382574986324128 ], [ -74.803737041408851, 8.368808710443178 ], [ -74.828023662154692, 8.359747600869216 ], [ -74.795556740554105, 8.328202447605415 ], [ -74.788819444216017, 8.312889943512896 ], [ -74.800557382756551, 8.296213872987543 ], [ -74.780945392760316, 8.277881791052332 ], [ -74.808772998209918, 8.274282126550936 ], [ -74.794919713237448, 8.246557221078923 ], [ -74.832975888718011, 8.222994518163922 ], [ -74.830583445936099, 8.199945328607123 ], [ -74.867875877645076, 8.196067861679388 ], [ -74.867110425276451, 8.159158406336878 ], [ -74.92792783781573, 8.074597632350409 ], [ -74.968359277581385, 8.090578644345458 ], [ -75.047405906789663, 8.042404003630855 ], [ -75.080892594018565, 8.053219657303551 ], [ -75.0929976473588, 8.070596875144897 ], [ -75.12550815435344, 8.040137066373941 ], [ -75.133544067080891, 8.053926693979342 ], [ -75.18765586509079, 8.04428864454759 ], [ -75.226761549442415, 8.062976713842248 ], [ -75.247059613012254, 8.042105460884695 ], [ -75.235816085140186, 8.029131049659355 ], [ -75.244027576424855, 8.007604295516591 ], [ -75.266858733909373, 7.99932180313222 ], [ -75.309284569942463, 7.947435992646104 ], [ -75.336715725185002, 7.948100172462136 ], [ -75.329145997138994, 7.92693550165118 ], [ -75.346754324738242, 7.874967567116276 ], [ -75.404348103362054, 7.857527887566807 ], [ -75.422436270944274, 7.819389263746624 ], [ -75.465569886560502, 7.827691736475458 ], [ -75.454346921141735, 7.797536649068081 ], [ -75.477288393627703, 7.773308402693334 ], [ -75.488617840035261, 7.729528538548085 ], [ -75.501744825741923, 7.718742584999003 ], [ -75.533735843780278, 7.723015406188241 ], [ -75.533988616427962, 7.688839561467977 ], [ -75.558118271724197, 7.642795319368149 ], [ -75.552978530679013, 7.627342117430434 ], [ -75.601444395560861, 7.60215126796948 ], [ -75.605180481923412, 7.585517199107096 ], [ -75.671296190078465, 7.597969970807608 ], [ -75.682790334639776, 7.583446756797088 ], [ -75.711868757084403, 7.58128682155222 ], [ -75.74307770839971, 7.612216881681175 ], [ -75.765253723127103, 7.601943784821305 ], [ -75.760894255766289, 7.577312092154559 ], [ -75.776398344610925, 7.544913898017176 ], [ -75.766781663421625, 7.529083543496771 ], [ -75.787253859259806, 7.512223404429815 ], [ -75.775125624875159, 7.501377449660119 ], [ -75.787779235779169, 7.459836913927848 ], [ -75.825081124959013, 7.442187750680418 ], [ -75.817658880637225, 7.415823578352534 ], [ -75.832109755955685, 7.402072374417413 ], [ -75.845496013626303, 7.347087268628401 ], [ -76.383933823921609, 7.39229384453305 ], [ -76.416286210232272, 7.418504610539292 ], [ -76.45573018781306, 7.483870593141852 ], [ -76.452542281721549, 7.50112587087442 ], [ -76.494363689427303, 7.541824172474653 ], [ -76.51453012814352, 7.586664648676609 ], [ -76.485563114849242, 7.68931944636673 ], [ -76.496631204301423, 7.74971559990414 ], [ -76.483497340189103, 7.758035070568318 ], [ -76.481272542037402, 7.821720748601328 ], [ -76.463539856062653, 7.873088240636987 ], [ -76.421117385121306, 7.911825226456528 ], [ -76.411573710971652, 8.006952016590901 ], [ -76.427648595192579, 8.019794602638163 ], [ -76.424971537155727, 8.074293808404455 ], [ -76.408723798071776, 8.073925119755112 ], [ -76.408526641065976, 8.099717150131042 ], [ -76.374852223759433, 8.1115444459604 ], [ -76.36815124274392, 8.152946084971097 ], [ -76.331147758867928, 8.151459391754051 ], [ -76.353356158785459, 8.194239021457561 ], [ -76.324119900423, 8.264744126165418 ], [ -76.303275822422052, 8.284522207602855 ], [ -76.303430392961218, 8.311179062063362 ], [ -76.242877291938612, 8.369986245513861 ], [ -76.180445273170449, 8.397311060802428 ], [ -76.218668462663459, 8.443560472886759 ], [ -76.2099963697313, 8.522922530484557 ], [ -76.236802587193949, 8.554440042565064 ], [ -76.222811069355316, 8.573270137415939 ], [ -76.265442273002463, 8.584190249968064 ], [ -76.250715105326833, 8.610307220105854 ], [ -76.269213972204511, 8.62364854939961 ], [ -76.266057423629547, 8.638807096502816 ], [ -76.314003168937347, 8.656489664529035 ], [ -76.345626205301016, 8.639821540507072 ], [ -76.367887884340519, 8.720674675103933 ], [ -76.419565911642565, 8.754994156959327 ], [ -76.381166834571673, 8.794208979517173 ], [ -76.416616899216478, 8.888062439060997 ], [ -76.33830882410092, 8.91986254698204 ], [ -76.32283007675062, 8.956967479479367 ], [ -76.26448164171984, 8.997508906359917 ], [ -76.251150864045371, 9.057887854450952 ], [ -76.186822065416266, 9.119162013063567 ], [ -76.170223557290456, 9.22969936836339 ], [ -76.10728894688998, 9.266202368953573 ], [ -76.109934996855145, 9.304379123593069 ], [ -76.085324810770942, 9.334970935408629 ], [ -75.978079003869368, 9.376413758614715 ], [ -75.956665715121574, 9.405067795020457 ], [ -75.967356634024725, 9.417129663615272 ], [ -75.968940992157286, 9.4010357997744 ], [ -75.967455224205764, 9.419820685974233 ], [ -75.945508350127, 9.443285472445286 ], [ -75.923003093602404, 9.447748101517092 ], [ -75.881190882855833, 9.423628171390645 ] ] ] } },
{ "type": "Feature", "properties": { "dpto_ccdgo": "25", "dpto_cnmbr": "CUNDINAMARCA" }, "geometry": { "type": "Polygon", "coordinates": [ [ [ -74.333418879245244, 5.837193298195859 ], [ -74.31523434032249, 5.815169962154826 ], [ -74.316845954260828, 5.797007956591225 ], [ -74.301024511932951, 5.79765987169897 ], [ -74.312983101137661, 5.782246934081005 ], [ -74.287166855754776, 5.746492562197395 ], [ -74.304158039363756, 5.709668716369734 ], [ -74.275977464896471, 5.692185245711885 ], [ -74.314957095750344, 5.620507804488115 ], [ -74.297775243672106, 5.574968362081324 ], [ -74.242907693309746, 5.544707797104258 ], [ -74.256418477340901, 5.499838485857008 ], [ -74.244518521221551, 5.476295112905695 ], [ -74.203708530195172, 5.497782749878229 ], [ -74.182387131089286, 5.463738197634669 ], [ -74.125473283354324, 5.42896988925793 ], [ -74.117297579182491, 5.472976495548038 ], [ -74.096931808637407, 5.470635294507487 ], [ -74.097579126163851, 5.43986120539233 ], [ -74.075477977091907, 5.410058241687343 ], [ -74.022277881787033, 5.386888338223121 ], [ -74.021846472714572, 5.366582488949154 ], [ -73.999098710395913, 5.367490143842251 ], [ -73.972968985966759, 5.419355170889423 ], [ -73.947973278587995, 5.417556347896753 ], [ -73.942179010132179, 5.434081865152005 ], [ -73.9125170982079, 5.432232338509333 ], [ -73.901200689958728, 5.447743072196962 ], [ -73.907817072064915, 5.52712643156196 ], [ -73.889870682103719, 5.51241627889019 ], [ -73.804670545176293, 5.571397784153696 ], [ -73.768831042579166, 5.486596283038881 ], [ -73.747076806078383, 5.489626504129575 ], [ -73.743161811101288, 5.468552080838917 ], [ -73.720245619922537, 5.47807057519078 ], [ -73.719531418278279, 5.458814276110336 ], [ -73.696276738935808, 5.44663603876262 ], [ -73.676718170893764, 5.459455869567234 ], [ -73.678429620977397, 5.434323504969486 ], [ -73.592724051942469, 5.398848535413047 ], [ -73.599366077377169, 5.318812744408598 ], [ -73.577614227701986, 5.30161686871984 ], [ -73.548034344604957, 5.299638271136009 ], [ -73.534180754205011, 5.282298948755039 ], [ -73.514791303133165, 5.232694448581863 ], [ -73.52454293114863, 5.214020199878839 ], [ -73.522365757219632, 5.192967775448698 ], [ -73.508318091037779, 5.185204729799752 ], [ -73.511940940176942, 5.162297359186545 ], [ -73.477203624599383, 5.148094482864979 ], [ -73.494535165767672, 5.106353610986614 ], [ -73.479858073819173, 5.063143964600489 ], [ -73.496248283125794, 5.039308011026287 ], [ -73.522403612255857, 5.029223524593768 ], [ -73.506994974876136, 4.996357717452547 ], [ -73.544679511637639, 4.944186178698017 ], [ -73.538677288417716, 4.896568796635902 ], [ -73.520870701578929, 4.878956318817301 ], [ -73.469616383882965, 4.892720183618063 ], [ -73.402003490179936, 4.87993349887719 ], [ -73.394499499102153, 4.85329400257681 ], [ -73.365164003771213, 4.82476935062459 ], [ -73.371836364438934, 4.80082302545507 ], [ -73.320850507581213, 4.779294445934229 ], [ -73.306297099372841, 4.731387552794983 ], [ -73.283204165419363, 4.722278313246398 ], [ -73.268512394987397, 4.740731744198452 ], [ -73.222344612876554, 4.73257823472032 ], [ -73.234655947418219, 4.695153026517863 ], [ -73.220947215863134, 4.676782012465522 ], [ -73.149025887232938, 4.655244906129156 ], [ -73.121687666373873, 4.67155925983557 ], [ -73.105697531080978, 4.65979133281237 ], [ -73.071847821780068, 4.739188134577999 ], [ -73.052556954601016, 4.736324804430445 ], [ -73.136995644750868, 4.212838751607567 ], [ -73.203544051960193, 4.2732551558825 ], [ -73.353644883330162, 4.321194294972848 ], [ -73.430286187006686, 4.3063814216631 ], [ -73.471680050195403, 4.27624162628906 ], [ -73.55014932272735, 4.30754179710153 ], [ -73.553367705985806, 4.347721588011564 ], [ -73.57681444978067, 4.396195197274116 ], [ -73.572570035139847, 4.419912065587753 ], [ -73.603369089355965, 4.456681753740424 ], [ -73.567975510821213, 4.526499608978934 ], [ -73.62189984914653, 4.562476821621035 ], [ -73.661654215566614, 4.546730937550766 ], [ -73.686428265269001, 4.519346317772813 ], [ -73.713738766791266, 4.515097990965969 ], [ -73.738664204299255, 4.486011868157554 ], [ -73.738330671246558, 4.460570455008021 ], [ -73.783284770949194, 4.448285977420226 ], [ -73.806956548292021, 4.422154950433737 ], [ -73.811478024248515, 4.401054648455706 ], [ -73.792681859690617, 4.381111363112667 ], [ -73.784345545601184, 4.30169567784637 ], [ -73.744064586341892, 4.266175206787914 ], [ -73.760331853917421, 4.236398264602489 ], [ -73.742820161763518, 4.19776034956301 ], [ -73.809358221270884, 4.203921262100763 ], [ -73.825893264269553, 4.168337784954709 ], [ -73.860891729291438, 4.171832659996372 ], [ -73.895825432018, 4.142640836835816 ], [ -73.933079028627958, 4.149235960293598 ], [ -73.960074986599466, 4.095520095062509 ], [ -74.005934539422753, 4.109766209129742 ], [ -74.035886917334096, 4.082380548203584 ], [ -74.034888019586504, 4.060840245658926 ], [ -74.064456497663684, 4.061437410203069 ], [ -74.099741805764154, 4.013144280709766 ], [ -74.13731024236921, 4.000358469132069 ], [ -74.149963856866464, 4.009335770314833 ], [ -74.124519211575148, 4.057646702634581 ], [ -74.132663274362471, 4.080372561313456 ], [ -74.120087681304767, 4.097571626024078 ], [ -74.13059216999352, 4.115985796075348 ], [ -74.109590053055342, 4.132493363180328 ], [ -74.109196263660294, 4.16957633274975 ], [ -74.152711009602513, 4.254555422852924 ], [ -74.09822521120077, 4.34561924829702 ], [ -74.096196543279632, 4.379441172682963 ], [ -74.114443419044562, 4.385657286738896 ], [ -74.112147426654872, 4.433134908797749 ], [ -74.075900719211575, 4.463157376017364 ], [ -74.072550426333407, 4.513124280221201 ], [ -74.042278980951892, 4.512401837425998 ], [ -74.029597816899582, 4.557873900742879 ], [ -74.00534559177504, 4.560592184297561 ], [ -73.986125793069732, 4.629074973975038 ], [ -74.009211174880591, 4.626173756451844 ], [ -74.009358451992114, 4.638864340245298 ], [ -74.031386071204565, 4.646030170146126 ], [ -74.002006113723155, 4.674608249442481 ], [ -74.014826327210812, 4.697251834053869 ], [ -74.007166769361447, 4.742340567068943 ], [ -74.018375733627067, 4.768095324517355 ], [ -74.003584975958461, 4.818559121436779 ], [ -74.049915308349512, 4.835303454096552 ], [ -74.086625436355973, 4.832491953188908 ], [ -74.079640363803776, 4.808956868101061 ], [ -74.093277585811961, 4.790788691106539 ], [ -74.100658193187144, 4.799204588806828 ], [ -74.112948077739361, 4.790133287837808 ], [ -74.131999122394234, 4.740562830247717 ], [ -74.126060003178338, 4.729448353554258 ], [ -74.158099412601302, 4.725475611231601 ], [ -74.176977737140533, 4.702908756281297 ], [ -74.167559226257424, 4.68818682758508 ], [ -74.174847616105296, 4.67664065345973 ], [ -74.158500006740041, 4.662848382110416 ], [ -74.185176390591209, 4.646960931523367 ], [ -74.194214326307588, 4.655092540057471 ], [ -74.223548059142558, 4.625865438230951 ], [ -74.204276450960265, 4.599683094942962 ], [ -74.183781025568578, 4.596452106514488 ], [ -74.173632590714647, 4.540850216061616 ], [ -74.187733807309883, 4.529172266165646 ], [ -74.174572766443646, 4.507129804078644 ], [ -74.212284602130069, 4.393396520725672 ], [ -74.221884560268734, 4.282058170286514 ], [ -74.205529425710324, 4.268892236293449 ], [ -74.2042691377697, 4.239706635767798 ], [ -74.231759615105943, 4.216688180296351 ], [ -74.245641633614014, 4.103247642856411 ], [ -74.265652725646078, 4.091665981655816 ], [ -74.329886608206664, 4.130540258007946 ], [ -74.374581917442811, 3.98587475497436 ], [ -74.356891561016312, 3.970980327148281 ], [ -74.359557240084371, 3.913744737658269 ], [ -74.395268817093211, 3.823803950944692 ], [ -74.450674854896931, 3.74986418890999 ], [ -74.439587157003075, 3.73063309927145 ], [ -74.450393992806255, 3.730129003858164 ], [ -74.463509790885496, 3.742082571476039 ], [ -74.45023019296849, 3.818993832582797 ], [ -74.490204814793685, 3.817613009499643 ], [ -74.539459773924705, 3.844774946622692 ], [ -74.511256578962218, 3.946075541027648 ], [ -74.531114406606605, 3.967602506274623 ], [ -74.529755944405281, 4.044810365273464 ], [ -74.474853369600396, 4.127918987191399 ], [ -74.483343057672073, 4.176734427251477 ], [ -74.508080209044806, 4.198123023088384 ], [ -74.518857282740555, 4.240493217427042 ], [ -74.562530020009262, 4.272129583900861 ], [ -74.588542482759351, 4.267410676952369 ], [ -74.619862296150529, 4.251868866022742 ], [ -74.624520149052216, 4.224885712648394 ], [ -74.651796747230321, 4.199928789165426 ], [ -74.658728870342486, 4.215799992809241 ], [ -74.681259289596539, 4.200886652736383 ], [ -74.734095651363134, 4.247765499570479 ], [ -74.746039109333083, 4.236826129818317 ], [ -74.751216140373742, 4.258979297674165 ], [ -74.767152132364629, 4.251298535075847 ], [ -74.768668531993512, 4.265463225780893 ], [ -74.781482600101413, 4.265007688838962 ], [ -74.778796936197239, 4.283556837157501 ], [ -74.812719731589596, 4.294275644280551 ], [ -74.833651793354534, 4.275717071728848 ], [ -74.877097317760729, 4.265383334047408 ], [ -74.890628902298886, 4.288733993063887 ], [ -74.873089885168895, 4.306619974866792 ], [ -74.883481451943169, 4.316994189768866 ], [ -74.85582000710582, 4.334745323560388 ], [ -74.854376619008178, 4.366366310864263 ], [ -74.832655242008343, 4.405403534552256 ], [ -74.833122740027818, 4.443373350422994 ], [ -74.807313779089441, 4.453294472701014 ], [ -74.786293741645352, 4.505935631297317 ], [ -74.814946478188745, 4.585191704675027 ], [ -74.793776950182462, 4.592081893497789 ], [ -74.81630713677265, 4.611873898833257 ], [ -74.785840896058176, 4.652929979933242 ], [ -74.807203706633288, 4.669448788564628 ], [ -74.801426036362216, 4.701718262104032 ], [ -74.819102727605696, 4.725983841593437 ], [ -74.743776321397718, 4.788256315844698 ], [ -74.744374935823942, 4.82340395881373 ], [ -74.769507985837606, 4.842917234660698 ], [ -74.752780602603536, 4.8636697482094 ], [ -74.75492513891561, 4.885939930707424 ], [ -74.737999799174474, 4.883168532422619 ], [ -74.731665163101923, 4.893990190439431 ], [ -74.740208837270302, 4.906714746747415 ], [ -74.732325025611317, 4.931239135567983 ], [ -74.748769662087739, 4.95770082009767 ], [ -74.732685732722985, 4.976901435264209 ], [ -74.705943307374469, 4.981370212410721 ], [ -74.743206657001281, 5.007077042903908 ], [ -74.716517313145175, 5.100709073841829 ], [ -74.731887262749751, 5.143166313204292 ], [ -74.714373759590842, 5.181701730388177 ], [ -74.734563150280906, 5.204775295749581 ], [ -74.723356536908227, 5.239851580987122 ], [ -74.734275758331194, 5.286864726961539 ], [ -74.701077216739122, 5.353180184660244 ], [ -74.706610575600962, 5.370968684804108 ], [ -74.685088348071815, 5.367185332647028 ], [ -74.684838508425912, 5.400236049153726 ], [ -74.666693320235538, 5.405912861894035 ], [ -74.676400122282644, 5.438085982957648 ], [ -74.649347780609048, 5.442932351963354 ], [ -74.674572597195379, 5.514650658480278 ], [ -74.641014538760317, 5.540218213162557 ], [ -74.653051364102055, 5.574720973939806 ], [ -74.64458908814305, 5.619443246129186 ], [ -74.628512412680038, 5.63173663860503 ], [ -74.637043771834385, 5.651273004766409 ], [ -74.627455957131417, 5.696037734963289 ], [ -74.651958956150452, 5.709524042577942 ], [ -74.661024700136977, 5.752378123813171 ], [ -74.642919568755417, 5.735407752389886 ], [ -74.62708056075644, 5.762456077691767 ], [ -74.597370606892468, 5.743395920520025 ], [ -74.587440098110221, 5.759036880383189 ], [ -74.554000256264146, 5.760553598015821 ], [ -74.538590524735525, 5.786088096465949 ], [ -74.516391789799798, 5.791422759506517 ], [ -74.485986356993692, 5.770862469412091 ], [ -74.466454053016605, 5.775924357002659 ], [ -74.430913553103437, 5.75801370474743 ], [ -74.384693382101716, 5.784391721921502 ], [ -74.345232502705414, 5.832045740903354 ], [ -74.333418879245244, 5.837193298195859 ] ] ] } },
{ "type": "Feature", "properties": { "dpto_ccdgo": "27", "dpto_cnmbr": "CHOCÓ" }, "geometry": { "type": "Polygon", "coordinates": [ [ [ -77.369963888293569, 6.34839084448384 ], [ -77.378503082560087, 6.367871116200943 ], [ -77.390173855809905, 6.362479674199279 ], [ -77.412870616237683, 6.38114652616835 ], [ -77.404905368640016, 6.393270781911015 ], [ -77.387266711197697, 6.387515010787564 ], [ -77.380972494853552, 6.397336957182586 ], [ -77.369999393335149, 6.387199370392973 ], [ -77.355684229309816, 6.398896584675601 ], [ -77.376211305069091, 6.425040820500581 ], [ -77.352230764838964, 6.458902835831251 ], [ -77.360418816364188, 6.487449615103183 ], [ -77.338031882429902, 6.508072609451044 ], [ -77.325369922577011, 6.543858531989224 ], [ -77.33113869323148, 6.564146994356969 ], [ -77.346685035267512, 6.580247400633304 ], [ -77.368847536627356, 6.581551079033266 ], [ -77.371210449965702, 6.601676585082014 ], [ -77.400282436874534, 6.620775444401994 ], [ -77.407126738817908, 6.649717064996968 ], [ -77.395246986723691, 6.657490235565613 ], [ -77.405744579040515, 6.687075930766267 ], [ -77.472293992363745, 6.704284363116061 ], [ -77.50563185198763, 6.684251820196897 ], [ -77.504343188041219, 6.651180012128847 ], [ -77.518134237681238, 6.660852024193521 ], [ -77.526625363058542, 6.648002868761385 ], [ -77.540613225649338, 6.686522211478794 ], [ -77.530983391317136, 6.694746231576413 ], [ -77.587370648009539, 6.81900625760011 ], [ -77.629720837750597, 6.851306625125111 ], [ -77.657366198240027, 6.854395905102891 ], [ -77.666834365336626, 6.875620202536719 ], [ -77.684579270205575, 6.870727965515978 ], [ -77.689492595194508, 6.835333046694918 ], [ -77.702018410766016, 6.842239117744556 ], [ -77.711878773645083, 6.884197044328134 ], [ -77.694955854865611, 6.918283051160195 ], [ -77.698593818171446, 6.939305009203188 ], [ -77.674372379234569, 6.956614741953424 ], [ -77.662253489132979, 6.952294745699415 ], [ -77.658691085880832, 6.994856979337673 ], [ -77.680320091741294, 7.033391800039698 ], [ -77.773269239028764, 7.112929473025564 ], [ -77.7788096829089, 7.133276769701472 ], [ -77.796480176670286, 7.149294472515185 ], [ -77.821694735386245, 7.147755006826455 ], [ -77.835694446765046, 7.178431907133573 ], [ -77.854981803325188, 7.180587720006287 ], [ -77.853005638380978, 7.192710583359191 ], [ -77.88377630131987, 7.216985060668556 ], [ -77.792499999884228, 7.461014213639721 ], [ -77.740392174190333, 7.465537428735821 ], [ -77.700701711275542, 7.506483875757946 ], [ -77.748505957440273, 7.613466710528583 ], [ -77.742853150398219, 7.678909642879669 ], [ -77.729124841842577, 7.695473127460723 ], [ -77.697498065789375, 7.693018064867104 ], [ -77.645781023725135, 7.651645320190558 ], [ -77.606726600877778, 7.540657807963415 ], [ -77.563450826754547, 7.507336542932092 ], [ -77.524522649644496, 7.571762030005176 ], [ -77.489182163381997, 7.56953411200205 ], [ -77.489477333849948, 7.593597891988617 ], [ -77.46544603517259, 7.634211385371891 ], [ -77.470178162637808, 7.651463252198622 ], [ -77.442627067836156, 7.656789994787033 ], [ -77.4185242632052, 7.717422877048289 ], [ -77.399292919342599, 7.724339836586166 ], [ -77.391163316747907, 7.759945468899778 ], [ -77.373725540729481, 7.771177130915396 ], [ -77.33941515701747, 7.76595453908405 ], [ -77.336884132822831, 7.782259741645378 ], [ -77.368618610676208, 7.828338883321841 ], [ -77.337233796935891, 7.856944098049591 ], [ -77.324769696571934, 7.895836410790422 ], [ -77.25661042731474, 7.919969400634819 ], [ -77.176082951130013, 7.916908808378492 ], [ -77.158575124429831, 7.932259492697637 ], [ -77.182066407630373, 7.955218886587075 ], [ -77.165620383255714, 7.97422957798831 ], [ -77.221325144367086, 8.026237567535258 ], [ -77.233631975650667, 8.024964145316451 ], [ -77.217474066370073, 8.087900718535415 ], [ -77.233249950601987, 8.120107700722309 ], [ -77.226968074424747, 8.136762986012037 ], [ -77.257181185860134, 8.15791111343554 ], [ -77.247810697153739, 8.174836646314038 ], [ -77.260532336630092, 8.210189974002661 ], [ -77.280504294423906, 8.217246928004267 ], [ -77.299643171027355, 8.281448027418724 ], [ -77.332710396786581, 8.273358428632413 ], [ -77.350453051373961, 8.297774692545943 ], [ -77.346146507401954, 8.352265089425586 ], [ -77.361621628250532, 8.376842806775475 ], [ -77.358963463595785, 8.401132721645331 ], [ -77.401864987595275, 8.476467931347699 ], [ -77.447921415353107, 8.473303116469051 ], [ -77.456203366951513, 8.509450640841665 ], [ -77.440584373608999, 8.522717294922989 ], [ -77.438547479808278, 8.560213939908767 ], [ -77.409633468056313, 8.56631731351013 ], [ -77.418063004888666, 8.588183561032215 ], [ -77.390559907110912, 8.58473778255323 ], [ -77.408768997908226, 8.643993055906035 ], [ -77.393015479948076, 8.651212832377546 ], [ -77.364647107131134, 8.641048656332686 ], [ -77.368883161144936, 8.677729528880789 ], [ -77.357052323255232, 8.673605446363272 ], [ -77.365470854818284, 8.656197309383471 ], [ -77.344531599338836, 8.646393929383555 ], [ -77.342570923159144, 8.624864570124348 ], [ -77.325724338781754, 8.622313785672755 ], [ -77.320813132021954, 8.60103188552209 ], [ -77.288191673119854, 8.575131929665252 ], [ -77.269246642329392, 8.526489125279056 ], [ -77.275104446879254, 8.506333253454567 ], [ -77.253601685857859, 8.492076167355672 ], [ -77.248896392888184, 8.472049502118031 ], [ -77.130740538166663, 8.411905374727704 ], [ -77.110701109654713, 8.379073236470095 ], [ -77.117871107741962, 8.371644451509779 ], [ -77.076405729616511, 8.325241983447073 ], [ -77.074568609616051, 8.304134300006499 ], [ -77.040235998871253, 8.256591394628909 ], [ -76.980189751990395, 8.255281793631509 ], [ -76.966511367346413, 8.191789281386262 ], [ -76.949332585712284, 8.172336840397113 ], [ -76.955599821135365, 8.122733719138949 ], [ -76.939071066348674, 8.062839622735837 ], [ -76.959915144349623, 8.03690349888025 ], [ -76.995654647307958, 8.021151465836965 ], [ -77.000080446322215, 7.958428874184111 ], [ -77.021424210801513, 7.948792058140289 ], [ -77.012310874931643, 7.933825247604129 ], [ -77.031394152961184, 7.880097018849868 ], [ -77.095208316235414, 7.825067170635837 ], [ -77.12601954622653, 7.830236840875025 ], [ -77.122139253196565, 7.788015846044069 ], [ -76.960373829889136, 7.640718706525577 ], [ -76.94295760267488, 7.588860167116569 ], [ -76.801160770272929, 7.572092594123487 ], [ -76.660699084280452, 7.448136988527514 ], [ -76.617862389950005, 7.315115033480309 ], [ -76.578950252272193, 7.30417790143327 ], [ -76.562675065142855, 7.27347517813447 ], [ -76.530365709965224, 7.254962212187755 ], [ -76.484249568447922, 7.132855554718977 ], [ -76.5082646246737, 7.138619408889789 ], [ -76.538755380431837, 7.068741166154751 ], [ -76.530610554075849, 7.060098948518111 ], [ -76.547810576391896, 7.001996050201459 ], [ -76.571308744286171, 6.979676932837636 ], [ -76.584045926425972, 6.98312265921434 ], [ -76.592937381837089, 7.01162560515704 ], [ -76.603185358188682, 7.000489473658141 ], [ -76.615607799148165, 7.016789559411547 ], [ -76.645487334411712, 7.008360916403854 ], [ -76.675568017000671, 7.029853724981609 ], [ -76.830261576057296, 7.002632082183974 ], [ -76.842520665438713, 6.988321922677458 ], [ -76.831845594626429, 6.989140184348815 ], [ -76.830290288033268, 6.972402111154886 ], [ -76.819144653248998, 6.975981491680992 ], [ -76.828459891928105, 6.955526490509963 ], [ -76.813382927188627, 6.963514637080534 ], [ -76.800094037090901, 6.94856463313841 ], [ -76.785414206176938, 6.879280369519003 ], [ -76.792419339023638, 6.866231404353956 ], [ -76.830557406787477, 6.858589209156419 ], [ -76.817939487774765, 6.837682637108658 ], [ -76.834323211239905, 6.838473696873175 ], [ -76.835285324743893, 6.828684088057554 ], [ -76.878109848689178, 6.852107827775597 ], [ -76.899881650861005, 6.829034874167313 ], [ -76.916578341332297, 6.845472007908041 ], [ -76.933527197189619, 6.811847695075757 ], [ -76.972308850875208, 6.809019358827964 ], [ -76.957850129664848, 6.792514987032976 ], [ -76.967163887020831, 6.743130709925474 ], [ -76.933648121303065, 6.71091879418708 ], [ -76.9635330033434, 6.679660564850323 ], [ -76.938967896552697, 6.686344162552638 ], [ -76.937486992982258, 6.654588691953668 ], [ -76.924847296094811, 6.64689827066173 ], [ -76.909352246105755, 6.670159881409746 ], [ -76.898083118024374, 6.668218244139445 ], [ -76.909028637648248, 6.629385437647111 ], [ -76.872442046956451, 6.629918438174332 ], [ -76.857993960010901, 6.618439917125231 ], [ -76.88970741637155, 6.605267221507612 ], [ -76.89451679362287, 6.570152703941093 ], [ -76.882989634151954, 6.559968933827645 ], [ -76.863922147619348, 6.571496095094846 ], [ -76.841101355803119, 6.521451173044733 ], [ -76.81935671960548, 6.525476529735544 ], [ -76.819988780132974, 6.487249712843742 ], [ -76.800365176707487, 6.507960544530056 ], [ -76.767432972334689, 6.476620882847867 ], [ -76.770573860566742, 6.46485682666833 ], [ -76.782280809900271, 6.47456502649479 ], [ -76.795834219923961, 6.443651069578436 ], [ -76.789381121123824, 6.433010119503142 ], [ -76.761779373876266, 6.432153514111665 ], [ -76.795700970016753, 6.417572178157614 ], [ -76.765074370014759, 6.389292349654784 ], [ -76.787375410566426, 6.377900221452034 ], [ -76.771356147377276, 6.364238455654569 ], [ -76.790172192566502, 6.346549907538755 ], [ -76.777667209841354, 6.328773505914799 ], [ -76.790303978218674, 6.322272084900629 ], [ -76.783392746343395, 6.29119481772877 ], [ -76.749356935611729, 6.280173155044428 ], [ -76.759274530203129, 6.257425505914311 ], [ -76.723068651222036, 6.236981177635702 ], [ -76.719952881701943, 6.176256049999346 ], [ -76.687682720051441, 6.161568821453598 ], [ -76.678489242716239, 6.173125061209714 ], [ -76.643888691258098, 6.168326266121024 ], [ -76.583514112574164, 6.193451433410962 ], [ -76.48228665635969, 6.160549692731384 ], [ -76.468677942409784, 6.176573804131533 ], [ -76.419871942750945, 6.165732955389979 ], [ -76.389812347231725, 6.19149480414494 ], [ -76.326405148953313, 6.202591712472352 ], [ -76.285185592306277, 6.193406707155681 ], [ -76.237673641998299, 6.20834531146774 ], [ -76.209468045837184, 6.184548608014537 ], [ -76.213447253340235, 6.167252216155215 ], [ -76.201207592737262, 6.160302317166297 ], [ -76.196956524269865, 6.080175259052906 ], [ -76.172651579674266, 6.017391195636177 ], [ -76.143820725932699, 5.997631204486349 ], [ -76.121996083017109, 6.020075873189281 ], [ -76.104852580947181, 6.018401827187338 ], [ -76.051003987728677, 5.950832230521041 ], [ -76.060490267570799, 5.886344125432906 ], [ -76.081570890140881, 5.882772820767625 ], [ -76.099024400164069, 5.849198835190913 ], [ -76.099272409041987, 5.831112900822872 ], [ -76.081415883918453, 5.815699241857144 ], [ -76.085880018567991, 5.793031374865961 ], [ -76.070944382291543, 5.780652079126011 ], [ -76.081105876863489, 5.767021608861326 ], [ -76.061181676243166, 5.757955677127073 ], [ -76.070942769814337, 5.743528400570432 ], [ -76.063061598306035, 5.727421777947385 ], [ -76.086953990380323, 5.688642278424835 ], [ -76.005150473385584, 5.621918151624938 ], [ -76.006971238644894, 5.573817706422038 ], [ -76.074785842019196, 5.546602500058557 ], [ -76.085548147399891, 5.533459569243268 ], [ -76.075571158849527, 5.499594101684174 ], [ -76.085335262677631, 5.449751095917992 ], [ -76.152476317698245, 5.407566733515313 ], [ -76.177978068937705, 5.401276988988384 ], [ -76.191217195922263, 5.414584253241134 ], [ -76.211426567855085, 5.348616176136256 ], [ -76.173618173978468, 5.260251416572558 ], [ -76.142023050089506, 5.233378448842107 ], [ -76.132486932574011, 5.183449257740625 ], [ -76.060420593283538, 5.135854558157477 ], [ -76.07651919933511, 5.048031074408039 ], [ -76.096816788594083, 5.031767693846387 ], [ -76.088695944580365, 4.946136608685353 ], [ -76.09968353593581, 4.917179197491763 ], [ -76.130596555011209, 4.911196500966899 ], [ -76.114140516209773, 4.890401920178217 ], [ -76.140544784873157, 4.840181868728969 ], [ -76.212668947866234, 4.828868903725471 ], [ -76.230564618906101, 4.80209046399102 ], [ -76.260655386888857, 4.794951712927744 ], [ -76.312106943337369, 4.750618884080519 ], [ -76.285689879060897, 4.712403820755314 ], [ -76.319360762392307, 4.607949755406144 ], [ -76.343610930373188, 4.581747156888987 ], [ -76.34461625287679, 4.561772771845968 ], [ -76.381272516957495, 4.559631297893238 ], [ -76.403759356207445, 4.534967259562271 ], [ -76.365249261652025, 4.491627466950701 ], [ -76.382969565239023, 4.492769429606091 ], [ -76.418315261734335, 4.447818702183145 ], [ -76.48213354738067, 4.414071981219485 ], [ -76.555126215757298, 4.39935729115357 ], [ -76.562018865067785, 4.369734353568195 ], [ -76.549254973298389, 4.337135041749845 ], [ -76.527922481786561, 4.323538176588388 ], [ -76.526635430317356, 4.288619923999878 ], [ -76.487108205792822, 4.23553212628164 ], [ -76.455010056384936, 4.22946195623627 ], [ -76.444876756358951, 4.175693045445361 ], [ -76.494415321037707, 4.069537959461387 ], [ -76.524417355162541, 4.067284282246997 ], [ -76.541525500413002, 4.043732605262599 ], [ -76.537273126692469, 4.016208780640707 ], [ -76.559133510008394, 4.008843752760168 ], [ -76.559252483877799, 3.991104872897205 ], [ -76.59027470763607, 3.970106126441296 ], [ -76.589406204947466, 3.994055398985618 ], [ -76.624570128098469, 4.014874452597053 ], [ -76.682419333893677, 3.964883213012794 ], [ -76.70138915191751, 3.978717068308133 ], [ -76.767669471987972, 3.988654026998873 ], [ -76.794195432824949, 4.01137998179759 ], [ -76.81531883140633, 4.007013071888868 ], [ -76.823445773189007, 4.032658315633737 ], [ -76.867439713224996, 4.032366970195381 ], [ -76.890984502821368, 4.073358723784942 ], [ -76.913339638165951, 4.081836840647937 ], [ -76.914745254770708, 4.097745228286019 ], [ -76.954434457348157, 4.120651838923862 ], [ -76.994998318773696, 4.120390096590975 ], [ -77.00475410778887, 4.098855974460375 ], [ -77.035572887227659, 4.091298805770596 ], [ -77.067981146996885, 4.096010139016903 ], [ -77.086188699877198, 4.122609051197023 ], [ -77.104833019386604, 4.107731262878185 ], [ -77.159565315698785, 4.183728669813163 ], [ -77.223182734294255, 4.157202229276291 ], [ -77.249880286063615, 4.187718815211725 ], [ -77.253485169781072, 4.234153999044815 ], [ -77.279111964811079, 4.222661200161212 ], [ -77.286928494398296, 4.183364400878498 ], [ -77.30545259766734, 4.166482125508717 ], [ -77.352953079174995, 4.197473053733137 ], [ -77.390328463180026, 4.148491849218179 ], [ -77.435805911004536, 4.145785214127109 ], [ -77.443390443298199, 4.127850025268708 ], [ -77.428905474192618, 4.09308015112716 ], [ -77.449621594265921, 4.038513453083205 ], [ -77.485325525707253, 4.094496144180004 ], [ -77.525497309029788, 4.126376370210109 ], [ -77.531332801206815, 4.200690344639244 ], [ -77.516658584767811, 4.276227882054236 ], [ -77.483842974625247, 4.293163320663237 ], [ -77.500331033900522, 4.263474722466501 ], [ -77.485327268440301, 4.258468693961472 ], [ -77.414105023694333, 4.29287246121383 ], [ -77.456172479254178, 4.313062446588398 ], [ -77.426105722359864, 4.319446047170997 ], [ -77.376111114987282, 4.389085279459461 ], [ -77.386807901690588, 4.368547115786456 ], [ -77.366772482362933, 4.370114333151342 ], [ -77.370081416772507, 4.384456312807179 ], [ -77.365649260375903, 4.393957122910293 ], [ -77.365404205160985, 4.398238374795152 ], [ -77.367134004247248, 4.399809607632636 ], [ -77.367696189264677, 4.403153884488486 ], [ -77.367335813631598, 4.404941343783741 ], [ -77.366067295319738, 4.407636947554344 ], [ -77.337640938001641, 4.429340512743774 ], [ -77.351522571132136, 4.421826701275772 ], [ -77.339928394592675, 4.512053443531728 ], [ -77.32274215334246, 4.522620077720998 ], [ -77.336228969404431, 4.536033309125758 ], [ -77.321026925840044, 4.675355152484007 ], [ -77.328190872870778, 4.739715627529824 ], [ -77.299882981873452, 4.747077724205292 ], [ -77.309082378212736, 4.781969542947166 ], [ -77.348430025775599, 4.771717739769736 ], [ -77.32960864908091, 4.797952988480252 ], [ -77.347955767928283, 4.808409031885128 ], [ -77.360756486162074, 4.869868655920654 ], [ -77.352974869626223, 4.880184787506852 ], [ -77.37617694807534, 4.947913469648459 ], [ -77.36714503916096, 4.945543412003016 ], [ -77.389537244413589, 5.108717179197286 ], [ -77.384089356725895, 5.152097254993228 ], [ -77.397184588758648, 5.169016161892914 ], [ -77.387845277905683, 5.288284649248584 ], [ -77.41328943091986, 5.403425954896568 ], [ -77.410081327989701, 5.411211311121701 ], [ -77.387429131222063, 5.391760926377929 ], [ -77.393384551280064, 5.405635828426187 ], [ -77.380784733334792, 5.408637133623168 ], [ -77.395349556444557, 5.408467245897875 ], [ -77.396821893673632, 5.419589061833014 ], [ -77.391011821144389, 5.41719368155787 ], [ -77.382761063569092, 5.421265262895103 ], [ -77.393192014313456, 5.425891804094121 ], [ -77.389833951001833, 5.443588175643966 ], [ -77.402597990993399, 5.441515577375577 ], [ -77.407632255367105, 5.453970991921768 ], [ -77.428267641984803, 5.437175012380146 ], [ -77.429888628952313, 5.468352482210247 ], [ -77.454005246988402, 5.488740117766097 ], [ -77.473036633794209, 5.489874101578737 ], [ -77.492528285379024, 5.468626105670548 ], [ -77.5105092560147, 5.483044548187667 ], [ -77.539366663977205, 5.48120772912314 ], [ -77.507290166679866, 5.528689503198576 ], [ -77.508015260405557, 5.568186326013389 ], [ -77.492747583179266, 5.604555870981991 ], [ -77.458102577655552, 5.597200450591075 ], [ -77.414379711659137, 5.630252801134553 ], [ -77.389283674959643, 5.6299996520925 ], [ -77.37113252374769, 5.608308286932638 ], [ -77.341857723137252, 5.617330939598658 ], [ -77.316747419382978, 5.669115180189597 ], [ -77.299782745079199, 5.669388592545669 ], [ -77.264136608594356, 5.716082525522758 ], [ -77.255867290013896, 5.783506284179692 ], [ -77.247651857816948, 5.767036361006699 ], [ -77.243355356119537, 5.767466012074776 ], [ -77.241268948937488, 5.786967898173164 ], [ -77.248602295907915, 5.810540070237088 ], [ -77.25218596858798, 5.788696263546988 ], [ -77.276519793144644, 5.846142445256857 ], [ -77.290522483339316, 5.843320425068857 ], [ -77.294506512104363, 5.873561939458572 ], [ -77.306966367026973, 5.873601000034858 ], [ -77.306766731567336, 5.919222216147099 ], [ -77.351534092034854, 6.045948924481841 ], [ -77.363722173129759, 6.05915006437731 ], [ -77.352588929716376, 5.998878073382514 ], [ -77.36359358188929, 5.998975007967144 ], [ -77.373047960733629, 6.044129064725116 ], [ -77.431773377667071, 6.102297910215919 ], [ -77.48181378657921, 6.184214968960529 ], [ -77.468020819932804, 6.248912291845111 ], [ -77.474445004635868, 6.297075109822852 ], [ -77.459042421007609, 6.272806826402344 ], [ -77.434061762218505, 6.270134381218228 ], [ -77.409184442108767, 6.227140990036021 ], [ -77.399042750913054, 6.228867871391833 ], [ -77.369963888293569, 6.34839084448384 ] ] ] } },
{ "type": "Feature", "properties": { "dpto_ccdgo": "41", "dpto_cnmbr": "HUILA" }, "geometry": { "type": "Polygon", "coordinates": [ [ [ -74.534744079354084, 3.843206594684656 ], [ -74.490204814793685, 3.817613009499643 ], [ -74.45023019296849, 3.818993832582797 ], [ -74.463446411996756, 3.740900747844802 ], [ -74.442124492765913, 3.730230015899104 ], [ -74.417793402683174, 3.741963183483006 ], [ -74.41303179158848, 3.724728136725049 ], [ -74.43898561227013, 3.707259998524711 ], [ -74.461045115412333, 3.667201201796682 ], [ -74.482425343436375, 3.667539121326398 ], [ -74.502863052025077, 3.646277595880925 ], [ -74.537392914997156, 3.559792482597118 ], [ -74.566481464158016, 3.522414665953504 ], [ -74.59066507141489, 3.527326598552505 ], [ -74.630531126361575, 3.47130143956678 ], [ -74.615513525936592, 3.459536839906076 ], [ -74.617495296372624, 3.429400556947604 ], [ -74.605667526232082, 3.414141551166142 ], [ -74.622142939912976, 3.378283173154411 ], [ -74.639843280223488, 3.368367132649962 ], [ -74.617867748067681, 3.330514472457032 ], [ -74.626061697935768, 3.29978716045268 ], [ -74.61632758887896, 3.287795270674258 ], [ -74.656576491731755, 3.247590201152025 ], [ -74.673258236021468, 3.186348155539869 ], [ -74.713022402170793, 3.169957559957917 ], [ -74.749009546595744, 3.110230796469411 ], [ -74.790262167559774, 3.073666307945704 ], [ -74.787779992890933, 3.060418858063811 ], [ -74.8159630053878, 3.053028312619006 ], [ -74.869048295907817, 2.973631383292501 ], [ -74.901013552039956, 2.962735494729664 ], [ -74.911033943626194, 2.931601381223007 ], [ -74.988955381738776, 2.858004808239722 ], [ -75.070344334882691, 2.742146321233432 ], [ -75.147097104303498, 2.72200329892099 ], [ -75.154093446229865, 2.704123760738775 ], [ -75.133332094149353, 2.691488890503577 ], [ -75.155520106785275, 2.645046838146388 ], [ -75.132691700842656, 2.595151387793825 ], [ -75.154131538421495, 2.581194712938409 ], [ -75.181393633287826, 2.531079013468992 ], [ -75.172631453633926, 2.523832734878831 ], [ -75.180558088016653, 2.507708338175457 ], [ -75.227103283221879, 2.511670358198363 ], [ -75.250589919433708, 2.44445409796102 ], [ -75.279544638375228, 2.422712472919329 ], [ -75.310147186864583, 2.361613165227959 ], [ -75.329624099778812, 2.365308384500582 ], [ -75.348087386156351, 2.323784419105277 ], [ -75.371772092062997, 2.32605032419706 ], [ -75.388556872299603, 2.312624406773787 ], [ -75.410405195723285, 2.245648226877359 ], [ -75.439657426144208, 2.220711411299748 ], [ -75.426271049895831, 2.188126654895522 ], [ -75.442364011827976, 2.147015310293535 ], [ -75.534984281136246, 2.117660721256949 ], [ -75.588059046986018, 2.011118373042061 ], [ -75.616136049211775, 1.997007417803577 ], [ -75.641038525762781, 1.958031066702678 ], [ -75.651758622867931, 1.901053837385853 ], [ -75.689621681968106, 1.879438003533627 ], [ -75.707912631810927, 1.839681591649329 ], [ -75.730669797701523, 1.82334896799209 ], [ -75.737149243211604, 1.782464397874406 ], [ -75.799402964220121, 1.749987460949755 ], [ -75.830320250296495, 1.747400987301759 ], [ -75.84402044695122, 1.722648843934172 ], [ -75.906956806372989, 1.715176231932874 ], [ -75.952651186731714, 1.66380025620101 ], [ -75.979993573082083, 1.657589866214597 ], [ -75.983429515000978, 1.621334016610597 ], [ -76.006027096850801, 1.61475100155415 ], [ -76.03437752939891, 1.582767257181456 ], [ -76.074579368578156, 1.584832056270326 ], [ -76.119815896136288, 1.552125171111012 ], [ -76.124378134079564, 1.566068916504249 ], [ -76.165350158854494, 1.587408924225338 ], [ -76.190689827836366, 1.571874766948073 ], [ -76.202396778068191, 1.578651473307135 ], [ -76.211555026144765, 1.640718520655556 ], [ -76.242254364589883, 1.683091289567871 ], [ -76.272335996698871, 1.674502507360157 ], [ -76.303681106668591, 1.690197206283067 ], [ -76.325599100786292, 1.663091669031797 ], [ -76.381375666092197, 1.667188597253261 ], [ -76.371906405745051, 1.742521897135735 ], [ -76.382626316898779, 1.746755556238962 ], [ -76.419491613722812, 1.717774115092365 ], [ -76.435126212610896, 1.791800324770641 ], [ -76.488779414912869, 1.825807119894441 ], [ -76.512709467088825, 1.833638259692794 ], [ -76.530448347850722, 1.823537449960255 ], [ -76.557307321615383, 1.839155050912479 ], [ -76.590306840399364, 1.868158245679348 ], [ -76.578723372684919, 1.898732409178773 ], [ -76.595038233940386, 1.919972465770108 ], [ -76.619284941608043, 1.926539779161209 ], [ -76.610464553772317, 1.946727195351989 ], [ -76.624258972097323, 1.973847706632666 ], [ -76.610679555825413, 1.995010535895827 ], [ -76.57923259927918, 2.001749170724538 ], [ -76.572512997969682, 2.019737894724988 ], [ -76.586062540743001, 2.034644092287327 ], [ -76.577278630825049, 2.056538744561343 ], [ -76.590265400183966, 2.107948136750116 ], [ -76.55338511495745, 2.139691802578497 ], [ -76.487417475330346, 2.129060848963654 ], [ -76.467429999127603, 2.100007627877041 ], [ -76.430917172755869, 2.120387713985214 ], [ -76.434262728813792, 2.187288099367449 ], [ -76.404731780582495, 2.200541461066939 ], [ -76.37376724937269, 2.279089391941858 ], [ -76.355743120043144, 2.270703197060124 ], [ -76.299064267282233, 2.282486812273933 ], [ -76.209269704850897, 2.198403317171581 ], [ -76.147836914410561, 2.201315807662295 ], [ -76.121135329202332, 2.224808971935687 ], [ -76.146451811749955, 2.294019097535589 ], [ -76.120215290124804, 2.390532614485759 ], [ -76.08924786903242, 2.415918018530984 ], [ -76.032535006926025, 2.402631165814437 ], [ -76.021898057949841, 2.443602881567247 ], [ -75.977211335716333, 2.504040835544691 ], [ -75.923995529762976, 2.481229635049157 ], [ -75.887497265991897, 2.425107222576668 ], [ -75.861533024844675, 2.427904713347976 ], [ -75.85324383012437, 2.454791770266556 ], [ -75.814115640262003, 2.483622896196883 ], [ -75.837558651553934, 2.567119612186368 ], [ -75.791019174130042, 2.630396056975657 ], [ -75.789089136814141, 2.658198718883961 ], [ -75.752439369354704, 2.697431221198958 ], [ -75.751025951773784, 2.742181797528895 ], [ -75.805806670911579, 2.768290347750757 ], [ -75.805552010902034, 2.819133006748188 ], [ -75.822217688810042, 2.835513708277716 ], [ -75.845602568277002, 2.842984695225384 ], [ -75.87917940690636, 2.833765852141629 ], [ -75.895241529650207, 2.85538761398118 ], [ -76.028993473351193, 2.940490261161925 ], [ -75.988587666134265, 2.982543294257004 ], [ -75.953400136137077, 2.917754834519318 ], [ -75.927406299969277, 2.921416324721059 ], [ -75.901542016240001, 2.894859547154579 ], [ -75.884368544551705, 2.897571148136522 ], [ -75.860068479608628, 2.873008061659331 ], [ -75.840133356364049, 2.871896852852192 ], [ -75.762950095949748, 2.914932280731573 ], [ -75.761499969583838, 2.942320915083707 ], [ -75.702712456556867, 2.969973676797735 ], [ -75.693214881289407, 2.993391953856158 ], [ -75.660796325022204, 2.986638591136642 ], [ -75.632918439029481, 2.995864170692073 ], [ -75.601523907306671, 3.039152921886795 ], [ -75.622142595128253, 3.075431489902487 ], [ -75.576699137784601, 3.142950578751599 ], [ -75.588505857686357, 3.155820929949735 ], [ -75.57254987007957, 3.200657080760144 ], [ -75.575924204588887, 3.228405672130116 ], [ -75.521946903348862, 3.301228062011595 ], [ -75.52747635363778, 3.318282284945272 ], [ -75.490424227746985, 3.325911893837295 ], [ -75.478804425845283, 3.361144245310152 ], [ -75.444869504983558, 3.35684122902517 ], [ -75.440607892082937, 3.345162834462749 ], [ -75.414966820116717, 3.371225067511695 ], [ -75.375352944030851, 3.37494521146001 ], [ -75.36166665959604, 3.408823844738376 ], [ -75.340289608915612, 3.397965141068031 ], [ -75.318506749372148, 3.419499282063253 ], [ -75.252353707204122, 3.365705478935964 ], [ -75.227265367276061, 3.415769863002191 ], [ -75.20044408505413, 3.409430976996843 ], [ -75.19988382333122, 3.384554627967527 ], [ -75.174898247160343, 3.377309830700427 ], [ -75.174161424122588, 3.408690381031931 ], [ -75.151598615186856, 3.418679097097378 ], [ -75.147428349345319, 3.435821367575522 ], [ -75.036960973756777, 3.429534273979129 ], [ -75.042734375230225, 3.408442885092494 ], [ -75.027653115641954, 3.391391070543989 ], [ -75.056883542136916, 3.377985855711224 ], [ -75.057895913726156, 3.314656323141327 ], [ -75.070606734782928, 3.295296198494233 ], [ -75.000627155712664, 3.276212288050847 ], [ -74.905373986887128, 3.291358759092058 ], [ -74.848493736170553, 3.340828073487053 ], [ -74.816347219632576, 3.4064298137338 ], [ -74.764505202948101, 3.440883009027424 ], [ -74.78071953455833, 3.509714926523359 ], [ -74.769236460843445, 3.530120045105212 ], [ -74.747575776767519, 3.527733624633778 ], [ -74.72862579715428, 3.55158116648435 ], [ -74.7383543932458, 3.590761642828234 ], [ -74.720219350636341, 3.614109924900542 ], [ -74.700984388356972, 3.615716060907844 ], [ -74.675381387921163, 3.671716674307194 ], [ -74.590776826416857, 3.729459228431744 ], [ -74.557602961565294, 3.767068510565799 ], [ -74.534744079354084, 3.843206594684656 ] ] ] } },
{ "type": "Feature", "properties": { "dpto_ccdgo": "44", "dpto_cnmbr": "LA GUAJIRA" }, "geometry": { "type": "Polygon", "coordinates": [ [ [ -72.514799623167278, 11.776910147346651 ], [ -72.412266636225183, 11.792394058216852 ], [ -72.24876724295035, 11.890977583590614 ], [ -72.245359989651206, 11.878016574341705 ], [ -72.226721970930157, 11.89122896834005 ], [ -72.225506932064775, 11.899994788868437 ], [ -72.246691938055733, 11.892342881976647 ], [ -72.214717931427458, 11.930384514618391 ], [ -72.13875449610623, 12.104636047026537 ], [ -72.148253008317283, 12.199486220511853 ], [ -72.180033989295055, 12.206940745818835 ], [ -72.178703065869058, 12.216813333880046 ], [ -72.143151817604974, 12.239441133282744 ], [ -72.083679053861886, 12.230905972455407 ], [ -71.961214021305807, 12.257721699490403 ], [ -71.964255397684667, 12.228179393850768 ], [ -72.000851241929581, 12.186319566967589 ], [ -71.978877094977065, 12.172291352920826 ], [ -71.986514257808551, 12.147562364546404 ], [ -71.973019440445967, 12.156619335578545 ], [ -71.96582535671007, 12.146915921979751 ], [ -71.970404279076433, 12.162355718347815 ], [ -71.960839401974226, 12.179749258590926 ], [ -71.963150178848593, 12.149461653403842 ], [ -71.938610015598272, 12.153100338057326 ], [ -71.944585387254676, 12.160640001263255 ], [ -71.929963690860575, 12.151122094409997 ], [ -71.917792246578017, 12.166351291371681 ], [ -71.924919763301659, 12.183875827647183 ], [ -71.887582042991539, 12.197738516191171 ], [ -71.868549856684467, 12.190906755637657 ], [ -71.861544121067709, 12.217268096473534 ], [ -71.879850787847261, 12.235934734643463 ], [ -71.870263052196094, 12.247576572236289 ], [ -71.890266899309609, 12.251447476965639 ], [ -71.891207048089086, 12.275276619507959 ], [ -71.939932712246389, 12.275829772856335 ], [ -71.944060748252753, 12.259358497717715 ], [ -71.955724491281615, 12.272877987328867 ], [ -71.857485097289725, 12.357886908709945 ], [ -71.840924048941133, 12.351462363782433 ], [ -71.822697288268103, 12.371996351184405 ], [ -71.80833733061371, 12.370700305775445 ], [ -71.839754180997488, 12.339488130404968 ], [ -71.80423959211106, 12.305376120019625 ], [ -71.793752666398404, 12.32860540037483 ], [ -71.761022970299791, 12.330425660780568 ], [ -71.743339538093039, 12.345454615919262 ], [ -71.738370472596273, 12.371909142667098 ], [ -71.761891444242281, 12.380974889348312 ], [ -71.734480053748314, 12.393752596319104 ], [ -71.727912742153649, 12.409849650978456 ], [ -71.711307588286161, 12.400377317492483 ], [ -71.72572476058491, 12.387112032444747 ], [ -71.722176203975607, 12.370391084746975 ], [ -71.702876244940285, 12.376673234910443 ], [ -71.699920126834684, 12.360657457187807 ], [ -71.685378502735603, 12.372708707687572 ], [ -71.700171302276487, 12.381583617016016 ], [ -71.695725426797935, 12.392323536361699 ], [ -71.627458366807332, 12.407695090358187 ], [ -71.634739464125914, 12.415650906535914 ], [ -71.677177260338226, 12.405261891877757 ], [ -71.648839644962777, 12.424276968857697 ], [ -71.65802995842904, 12.42519883600823 ], [ -71.651770326352562, 12.43327752923833 ], [ -71.700104576262333, 12.417664090184125 ], [ -71.684887796722251, 12.442943131818412 ], [ -71.735351728390754, 12.408994485587558 ], [ -71.719715561941257, 12.437257390715368 ], [ -71.670738595679609, 12.459383327918367 ], [ -71.610716384141597, 12.436981875401546 ], [ -71.52605305210966, 12.43734291848339 ], [ -71.460374463621861, 12.407352483415618 ], [ -71.436617789128888, 12.380660319746395 ], [ -71.40258227484145, 12.383999925359076 ], [ -71.274156544620894, 12.337736940618187 ], [ -71.222821365010134, 12.292434683279726 ], [ -71.219620757628718, 12.260323782277164 ], [ -71.114861340294681, 12.085059263831596 ], [ -71.116140783925687, 12.034736333640701 ], [ -71.136130168151624, 12.002713540369713 ], [ -71.219008805006524, 11.964230358464507 ], [ -71.282199766945666, 11.906109152467721 ], [ -71.290114804068821, 11.916274543035847 ], [ -71.310937042211151, 11.928871350723808 ], [ -71.311965188229408, 11.914998958570411 ], [ -71.327043522900794, 11.921154156021789 ], [ -71.326291565035092, 11.901585161226569 ], [ -71.290056796211445, 11.914025497538724 ], [ -71.322195624062772, 11.859419117283608 ], [ -71.324124936437613, 11.833120769060594 ], [ -71.341304993680524, 11.849152424518502 ], [ -71.345232520165837, 11.837415780451675 ], [ -71.365214673846253, 11.840103036171699 ], [ -71.362412579205341, 11.827011281520537 ], [ -71.388186365682429, 11.828325189044875 ], [ -71.378409443783369, 11.812129722969427 ], [ -71.457135246618748, 11.786500263534931 ], [ -71.802190210819617, 11.680047961617301 ], [ -71.971363235898025, 11.646266878269923 ], [ -72.249416482873016, 11.140186008762724 ], [ -72.349313595973626, 11.151372836725162 ], [ -72.43789416877263, 11.115286980847563 ], [ -72.443588561557249, 11.127657617719638 ], [ -72.498260494627459, 11.085079118273518 ], [ -72.481870196387547, 11.058560844327401 ], [ -72.526055332204294, 11.011802875792451 ], [ -72.518883058682604, 11.000663658578041 ], [ -72.574753015614817, 10.915726569239309 ], [ -72.612517264446581, 10.882642600667474 ], [ -72.647976355370588, 10.880428128658229 ], [ -72.682614880442657, 10.796142781950552 ], [ -72.679944781659856, 10.763989906234569 ], [ -72.711358356783535, 10.752109422013223 ], [ -72.715933454120375, 10.706062013349406 ], [ -72.729704952810948, 10.696344872583833 ], [ -72.750142569771356, 10.634127550443202 ], [ -72.843002984997611, 10.538949474550009 ], [ -72.834436929286085, 10.518486108260394 ], [ -72.862727134238014, 10.463383743487205 ], [ -72.977934805679183, 10.402506530053694 ], [ -73.016178526184376, 10.411821653747996 ], [ -73.036856855900169, 10.403462344565831 ], [ -73.084468215653317, 10.426336160381593 ], [ -73.142260303822354, 10.396806626998853 ], [ -73.142330756949605, 10.436776225439722 ], [ -73.181674327056157, 10.466279091413663 ], [ -73.168014567197815, 10.4922001379335 ], [ -73.144875026813679, 10.49949002078235 ], [ -73.137551272061501, 10.530335089437971 ], [ -73.123378052743931, 10.527140933762121 ], [ -73.095381403087742, 10.5577511556658 ], [ -73.101663921560942, 10.570321116281836 ], [ -73.085076542672141, 10.591030649003232 ], [ -73.082193692117755, 10.629399481569813 ], [ -73.104092131692767, 10.673862336268202 ], [ -73.146144144302241, 10.69150836708778 ], [ -73.15741840985288, 10.715542875447429 ], [ -73.207626614312346, 10.707460894380796 ], [ -73.215103176209368, 10.730510306719987 ], [ -73.237058092012944, 10.740441097573131 ], [ -73.277825236061119, 10.726427660824569 ], [ -73.252435820135759, 10.770733100915308 ], [ -73.252202760134423, 10.813161966967014 ], [ -73.264999485353599, 10.844982150454015 ], [ -73.289471101703214, 10.862269233962959 ], [ -73.312318648963185, 10.846152619371031 ], [ -73.337548012825096, 10.86256445383823 ], [ -73.479406662842621, 10.867173370077342 ], [ -73.519793174231893, 10.847671654658956 ], [ -73.599446511693486, 10.836634394513917 ], [ -73.636047206844808, 10.907923633868325 ], [ -73.642604607319072, 10.967151699026145 ], [ -73.664929073257042, 10.989706156317361 ], [ -73.648608416965033, 11.015930544387444 ], [ -73.653036705212912, 11.030564072501127 ], [ -73.635451935950755, 11.041631613081899 ], [ -73.650028099401709, 11.060798148834392 ], [ -73.637403141184905, 11.108752676077918 ], [ -73.653335972001798, 11.137620067923553 ], [ -73.62746695055398, 11.141701582839127 ], [ -73.583925972886277, 11.189353357827686 ], [ -73.578126336992341, 11.229682975270187 ], [ -73.568060008220812, 11.232674966726867 ], [ -73.565451455762116, 11.255228692788839 ], [ -73.574895929774243, 11.259700987740805 ], [ -73.531948386842657, 11.251133315959093 ], [ -73.484544980955263, 11.2632079109967 ], [ -73.360562362993221, 11.262329879870352 ], [ -73.2756061979116, 11.286301368667671 ], [ -73.199073313789711, 11.3417800523863 ], [ -73.189143373641514, 11.365879709317319 ], [ -73.143106673801356, 11.407525174646642 ], [ -73.093935128700821, 11.426246143866521 ], [ -73.029215317371381, 11.491763482833656 ], [ -72.883777101774569, 11.563181368225834 ], [ -72.831990491424335, 11.63115485854561 ], [ -72.777361115176348, 11.674042748801899 ], [ -72.722966802174369, 11.700114318049019 ], [ -72.623986602011598, 11.721451064883089 ], [ -72.592462951736877, 11.746791616010565 ], [ -72.561446116976299, 11.745068458174543 ], [ -72.514799623167278, 11.776910147346651 ] ] ] } },
{ "type": "Feature", "properties": { "dpto_ccdgo": "47", "dpto_cnmbr": "MAGDALENA" }, "geometry": { "type": "Polygon", "coordinates": [ [ [ -74.052104125352173, 11.345419348792971 ], [ -73.975156010828982, 11.338699550752477 ], [ -73.857996461315054, 11.274194199793625 ], [ -73.790686394427212, 11.256427906021235 ], [ -73.760948072642236, 11.265112030997617 ], [ -73.715224164636652, 11.253891887189697 ], [ -73.593041277864813, 11.263474104485395 ], [ -73.56534437469827, 11.254580611693861 ], [ -73.591002846147092, 11.178636556644241 ], [ -73.610288070105014, 11.171524831417809 ], [ -73.62746695055398, 11.141701582839127 ], [ -73.653348732580582, 11.137587606376568 ], [ -73.637403141184905, 11.108752676077918 ], [ -73.650028099401709, 11.060798148834392 ], [ -73.635451935950755, 11.041631613081899 ], [ -73.653036705212912, 11.030564072501127 ], [ -73.648634224685395, 11.015841959650105 ], [ -73.664941275083265, 10.989868581731608 ], [ -73.642604607319072, 10.967151699026145 ], [ -73.636047206844808, 10.907923633868325 ], [ -73.598594933278321, 10.835955299957314 ], [ -73.635216811619273, 10.807864939773529 ], [ -73.638662119380797, 10.78779308924115 ], [ -73.588994322063968, 10.781709464218741 ], [ -73.541907340801004, 10.75471829247569 ], [ -73.562315658286821, 10.740852487673509 ], [ -73.563131527742655, 10.715958864925783 ], [ -73.593785469788713, 10.705264795628699 ], [ -73.616881440050236, 10.644687932353168 ], [ -73.595359312234166, 10.630943145089205 ], [ -73.595944219256523, 10.585117931294747 ], [ -73.613429517089685, 10.564226379090506 ], [ -73.570474128266142, 10.541776798395663 ], [ -73.561949386107472, 10.505677444421909 ], [ -73.592355964266517, 10.493839116373779 ], [ -73.639835950694589, 10.500767710900485 ], [ -73.652263274899894, 10.460454997070173 ], [ -73.703319997211906, 10.463598682658176 ], [ -73.704173961554318, 10.430109516976522 ], [ -73.740717982847514, 10.435749347843732 ], [ -73.779030705699597, 10.396173316015522 ], [ -73.817655292425854, 10.385077681500171 ], [ -73.829521566186827, 10.402359608675228 ], [ -73.842522591820625, 10.401007149919774 ], [ -73.856519384570788, 10.387941264972875 ], [ -73.88393194018056, 10.39366070460402 ], [ -73.921851453949785, 10.375068848546203 ], [ -73.961321958802046, 10.336777423869339 ], [ -73.965092437192652, 10.288102542415345 ], [ -74.000669508448482, 10.26565589292564 ], [ -74.010370847835929, 10.236252127376199 ], [ -74.040805549573975, 10.219901316413196 ], [ -74.038932000164777, 10.201534208238797 ], [ -74.065729204823015, 10.166521606419058 ], [ -74.067376197140334, 10.097778624901961 ], [ -74.084371064743209, 10.073056473610617 ], [ -74.051093417444179, 10.010254520230728 ], [ -74.011758352593517, 9.976095316814321 ], [ -74.001831222377746, 9.940197452424481 ], [ -73.952666123592849, 9.92693513092118 ], [ -73.894963436730507, 9.832090918660942 ], [ -73.841792117182081, 9.79734287180152 ], [ -73.827433456695985, 9.752937203899746 ], [ -73.839019674155679, 9.731024289759693 ], [ -73.809091442080103, 9.692074682424385 ], [ -73.803264147934897, 9.636416578949442 ], [ -73.867892949073678, 9.600995157111397 ], [ -73.893397316209359, 9.616429466565318 ], [ -73.989261095572942, 9.579814429800214 ], [ -74.003962357611726, 9.595359782789835 ], [ -74.036739418319769, 9.591322590785756 ], [ -74.139159989997665, 9.493779959432603 ], [ -74.097410470029843, 9.476703046833331 ], [ -74.049258005142462, 9.42444318744626 ], [ -73.978094793232458, 9.389381325570405 ], [ -73.991690771756453, 9.324019727648169 ], [ -73.942791437065182, 9.289562937293885 ], [ -73.949452127709719, 9.237385274719101 ], [ -73.965726773154529, 9.217818119675094 ], [ -73.962032682166694, 9.187675888966323 ], [ -73.892829302917733, 9.173587284728137 ], [ -73.866622261328757, 9.18296807532211 ], [ -73.875325679438163, 9.130541568435556 ], [ -73.79802235010726, 9.058297959959477 ], [ -73.80824798533996, 9.028078563008002 ], [ -73.825801643224054, 9.022713162288857 ], [ -73.832187772566385, 8.979253176793035 ], [ -73.867655127997523, 8.936489178686267 ], [ -73.870387426180173, 8.960431515332797 ], [ -73.900055759267275, 8.980717823538775 ], [ -74.001843941634036, 8.995464589774119 ], [ -74.002256657648843, 9.009732768279029 ], [ -73.985008884447552, 9.010554474992166 ], [ -74.006762167835063, 9.031829937810388 ], [ -74.028352034067382, 9.02702698262028 ], [ -74.035593827366029, 9.044391840531867 ], [ -74.057095850870041, 9.018505769047177 ], [ -74.07750791702847, 9.026282563422489 ], [ -74.097995835193331, 9.015818200713195 ], [ -74.113179958251806, 9.04098370239157 ], [ -74.139412897392731, 9.029861527129958 ], [ -74.140235853663512, 9.041239119681531 ], [ -74.117939227436636, 9.04888141369379 ], [ -74.134660724005983, 9.064402751103424 ], [ -74.157293109312548, 9.057377077363263 ], [ -74.176586895120295, 9.089289781110027 ], [ -74.228439108589669, 9.124046038577706 ], [ -74.220075332980116, 9.136127052083117 ], [ -74.248277824561114, 9.164652782014594 ], [ -74.298246908979479, 9.159834908490673 ], [ -74.295438748010611, 9.201758208585716 ], [ -74.347521518773021, 9.232909463758332 ], [ -74.40303060779496, 9.213748526311143 ], [ -74.43498618457221, 9.274147196929967 ], [ -74.463833151407812, 9.271320158748816 ], [ -74.510864937440772, 9.234050475995341 ], [ -74.529905072946121, 9.241471304570902 ], [ -74.565573379869875, 9.314235364099661 ], [ -74.615280595292745, 9.340995333558821 ], [ -74.618447120565179, 9.371501502621962 ], [ -74.66018044030227, 9.385967377122181 ], [ -74.672406186888736, 9.413078677070633 ], [ -74.698890721883345, 9.426862109888887 ], [ -74.732074876046397, 9.418828271373263 ], [ -74.763337321181154, 9.463752472423097 ], [ -74.802827073352034, 9.443669651655741 ], [ -74.806770582675597, 9.465303786899888 ], [ -74.775745397169487, 9.500681003505902 ], [ -74.807054037306216, 9.547422054055579 ], [ -74.773580494237081, 9.587267881619614 ], [ -74.776974538697743, 9.626194693288083 ], [ -74.805752767291381, 9.675530603265592 ], [ -74.787645983906657, 9.696864822238423 ], [ -74.815288847975921, 9.731168807244522 ], [ -74.805230418096983, 9.761811293963989 ], [ -74.815597299147555, 9.78989428166838 ], [ -74.873290636337003, 9.848504208400039 ], [ -74.882369864046666, 9.872851248980972 ], [ -74.872625374050131, 9.936749178423565 ], [ -74.820394992002662, 9.967333129075861 ], [ -74.787880135361945, 10.009399041327503 ], [ -74.839741084056129, 10.078660645824234 ], [ -74.892593701749036, 10.106242354335951 ], [ -74.926929400005918, 10.108234197589224 ], [ -74.946438532820139, 10.135661470309216 ], [ -74.925978014191571, 10.222138836516011 ], [ -74.861227900866879, 10.352653582624269 ], [ -74.861906612740881, 10.386521716385264 ], [ -74.818064119799374, 10.424832653383978 ], [ -74.798399089633278, 10.496174783787817 ], [ -74.738919239973541, 10.542295216559255 ], [ -74.738209847913197, 10.582076165046876 ], [ -74.724395231851247, 10.606790418343925 ], [ -74.747058680026782, 10.649198855791459 ], [ -74.722841676974269, 10.672575687244588 ], [ -74.725114003228953, 10.771728066733729 ], [ -74.741645152926083, 10.84063497924274 ], [ -74.736502319877218, 10.888761198030082 ], [ -74.71838811191077, 10.909236330462651 ], [ -74.753849613914895, 10.936128187083721 ], [ -74.768672168376668, 11.001971450367039 ], [ -74.839049705926527, 11.05869934848492 ], [ -74.851860532011983, 11.105367257247542 ], [ -74.512361902002965, 10.986101627434818 ], [ -74.420697848754173, 10.974801452654503 ], [ -74.304319366137577, 10.984878153382246 ], [ -74.250592243208587, 11.017694492058061 ], [ -74.214999614017927, 11.070133564588877 ], [ -74.233494566932791, 11.116527636990311 ], [ -74.230286260084881, 11.164969727039459 ], [ -74.241234754931384, 11.175833230412184 ], [ -74.228101689421976, 11.204856533084486 ], [ -74.241796704590001, 11.220009145912178 ], [ -74.21657158886444, 11.240531335730122 ], [ -74.220848078776328, 11.253210540554928 ], [ -74.191387016834881, 11.26439700020776 ], [ -74.206580812061759, 11.274191877646738 ], [ -74.194283007955676, 11.303660835784932 ], [ -74.14895298636327, 11.298126522911698 ], [ -74.160909041418506, 11.324158490796286 ], [ -74.144749428032412, 11.336968473362649 ], [ -74.134972473793994, 11.315514281593037 ], [ -74.124249921591172, 11.334387068911838 ], [ -74.105358174414334, 11.318907496907924 ], [ -74.107276142854744, 11.347920843544026 ], [ -74.095692702988117, 11.339213195264806 ], [ -74.099919933742115, 11.322324873330007 ], [ -74.082914695081058, 11.315537194040923 ], [ -74.074754894695729, 11.342216171329579 ], [ -74.064835418132247, 11.345286331549637 ], [ -74.056849182279564, 11.328079408370636 ], [ -74.052104125352173, 11.345419348792971 ] ] ] } },
{ "type": "Feature", "properties": { "dpto_ccdgo": "50", "dpto_cnmbr": "META" }, "geometry": { "type": "Polygon", "coordinates": [ [ [ -71.077931044918159, 4.899101334492937 ], [ -71.077525695992847, 2.882232412318474 ], [ -71.109449142701692, 2.872613548221644 ], [ -71.138242233035214, 2.903948603339303 ], [ -71.138834807184594, 2.882759371670621 ], [ -71.15382367317568, 2.87231312530004 ], [ -71.183508528988909, 2.904840702094275 ], [ -71.213189089953403, 2.885886733060286 ], [ -71.221794438006725, 2.865591848631436 ], [ -71.247171881176428, 2.862753262598056 ], [ -71.259641790950013, 2.886178781880077 ], [ -71.283681102606067, 2.867820801494584 ], [ -71.299562265879956, 2.875577233741152 ], [ -71.306024980254506, 2.920177835316551 ], [ -71.324742340041269, 2.924527655661684 ], [ -71.345297716347829, 2.860336712607998 ], [ -71.357025140997905, 2.859587562878157 ], [ -71.358403210742551, 2.886849450232597 ], [ -71.374567109994246, 2.891843702713177 ], [ -71.390722608194721, 2.844026686089803 ], [ -71.463380829032985, 2.89927768622822 ], [ -71.470298216169454, 2.853095305585516 ], [ -71.520672943262468, 2.878997281754976 ], [ -71.54509390536947, 2.859110219315362 ], [ -71.58324906539184, 2.872286165938608 ], [ -71.57516630189167, 2.844268214516061 ], [ -71.610587817155704, 2.8463158081586 ], [ -71.6522125987604, 2.820186093611788 ], [ -71.67389647196552, 2.825781930351252 ], [ -71.662005315749695, 2.872734508267629 ], [ -71.681503313937128, 2.871685287756104 ], [ -71.697066738350202, 2.838110260132915 ], [ -71.761856049693563, 2.897303733836389 ], [ -71.75800891081218, 2.85297420450385 ], [ -71.780042522690621, 2.817825347909988 ], [ -71.789223195429543, 2.821934790571635 ], [ -71.788436279596681, 2.869499414535079 ], [ -71.820612348934446, 2.879117262636518 ], [ -71.850864847933167, 2.871597854659838 ], [ -71.823147962625512, 2.870024025689171 ], [ -71.827910074082183, 2.837469388023774 ], [ -71.953944346075161, 2.831740238494983 ], [ -71.98191802668947, 2.801187394729217 ], [ -72.004858681707901, 2.829350460118356 ], [ -72.05162370022822, 2.816684628523911 ], [ -72.082128511038491, 2.825854396604606 ], [ -72.115999713447991, 2.880769686172379 ], [ -72.134854476955184, 2.889037481208658 ], [ -72.143964357901723, 2.864742259986245 ], [ -72.182819975333473, 2.875215111781735 ], [ -72.202707247979674, 2.864046534905534 ], [ -72.205805627000302, 2.814832739310224 ], [ -72.184044915437823, 2.79033392734281 ], [ -72.19286090691503, 2.772349221509844 ], [ -72.215120880950735, 2.775662054610742 ], [ -72.259486853168198, 2.824704323054097 ], [ -72.272168592142805, 2.812887245569274 ], [ -72.266468869649373, 2.78706543871292 ], [ -72.279952870388968, 2.775781907931445 ], [ -72.294972684264565, 2.774053756356808 ], [ -72.313023966991864, 2.799124677038469 ], [ -72.335505232190997, 2.796746852552872 ], [ -72.406650125641136, 2.726001370161655 ], [ -72.434638216142446, 2.739994259728276 ], [ -72.4705916503612, 2.733829399990058 ], [ -72.472208814994076, 2.689345506731056 ], [ -72.536309405426607, 2.702719788950628 ], [ -72.537245201865062, 2.68282006474702 ], [ -72.571420820210733, 2.67411664394295 ], [ -72.555826322148903, 2.649897258557292 ], [ -72.586719256675224, 2.639323478264199 ], [ -72.586413981948908, 2.583668138907684 ], [ -72.599049399258945, 2.585711515854932 ], [ -72.602655216326752, 2.619717330915885 ], [ -72.620873705306053, 2.627358626899066 ], [ -72.645920251980499, 2.602443170581018 ], [ -72.652959776855312, 2.571539948540932 ], [ -72.679422709146763, 2.622178103205995 ], [ -72.702158849951331, 2.617818254959348 ], [ -72.739666284611758, 2.569908939960211 ], [ -72.81821266589418, 2.613972692622637 ], [ -72.86850134868746, 2.578054780514671 ], [ -72.920320159174707, 2.562458741841411 ], [ -72.921030834030262, 2.534376495247813 ], [ -72.958342617262531, 2.508514786093057 ], [ -72.954233391993228, 2.494864607673625 ], [ -72.932733962825807, 2.496979690000618 ], [ -72.934800595377737, 2.464143248809424 ], [ -72.962551490030819, 2.480169904240421 ], [ -72.965766992389888, 2.448437309258408 ], [ -72.986096367662185, 2.451901509503625 ], [ -73.032793476187862, 2.412567496582302 ], [ -73.045229693721524, 2.437923029823949 ], [ -73.110553188674317, 2.380999202698384 ], [ -73.127784591863133, 2.410980742641007 ], [ -73.141274944595239, 2.397115804713839 ], [ -73.12406632180182, 2.378824614122915 ], [ -73.163501742922733, 2.365389843795477 ], [ -73.165733382649137, 2.399409687857457 ], [ -73.201595583894914, 2.38246656325676 ], [ -73.217687466051188, 2.386355631935602 ], [ -73.216523086818313, 2.405468079183381 ], [ -73.22594560598742, 2.388909077199204 ], [ -73.267873438986328, 2.380866541188096 ], [ -73.241151834806033, 2.371342010152704 ], [ -73.242474686862806, 2.347332252195523 ], [ -73.267426086601461, 2.358769248587465 ], [ -73.300645157409122, 2.335993596252716 ], [ -73.33041052030228, 2.360356221717842 ], [ -73.333165122772925, 2.333345882606395 ], [ -73.356706849111731, 2.324095045099964 ], [ -73.345089206761713, 2.352676085245807 ], [ -73.356909311571826, 2.368503832853115 ], [ -73.374607604620167, 2.362483334292727 ], [ -73.378970408326609, 2.324956123206766 ], [ -73.396301603643224, 2.328868419642461 ], [ -73.390348200304686, 2.351127101000735 ], [ -73.412162296092106, 2.356968593928456 ], [ -73.42523828709443, 2.328043487974855 ], [ -73.436771624284518, 2.326544104247694 ], [ -73.430823547061493, 2.359694665882865 ], [ -73.442308228762045, 2.386267030130234 ], [ -73.455678727275085, 2.382377818619111 ], [ -73.450301493039092, 2.339727074803762 ], [ -73.474039024418175, 2.361762918996718 ], [ -73.505863092224558, 2.356443894739434 ], [ -73.512283727681051, 2.332943709228119 ], [ -73.528033862583129, 2.3875601901482 ], [ -73.571966044292424, 2.354919430029571 ], [ -73.585438616655949, 2.359570088318291 ], [ -73.58637689963308, 2.390019462250562 ], [ -73.617574346215349, 2.377266673667309 ], [ -73.632978288995673, 2.360344732256244 ], [ -73.613847792782224, 2.341135077335772 ], [ -73.635035483839715, 2.32569802172987 ], [ -73.62970149543429, 2.294869136237083 ], [ -73.643401054284652, 2.283667961269851 ], [ -73.656931530300881, 2.294470946890339 ], [ -73.656668332696029, 1.617731943723975 ], [ -74.040000918051305, 1.970833298598527 ], [ -74.105003361153877, 1.972500087105543 ], [ -74.125000001976446, 1.992916575672987 ], [ -74.149581901886449, 1.997499940211811 ], [ -74.15333557278467, 1.979583377037291 ], [ -74.190002437892531, 1.985416777934518 ], [ -74.241896080797517, 2.056417303916301 ], [ -74.361942877224294, 2.059513748862465 ], [ -74.392501826844978, 2.084166525904033 ], [ -74.462081907722052, 2.08916663809992 ], [ -74.484169007131754, 2.110000125852872 ], [ -74.485420233758873, 2.149166583975514 ], [ -74.538749691059309, 2.110000125852872 ], [ -74.550834656257223, 2.131666661558449 ], [ -74.580001836814176, 2.124583246760746 ], [ -74.604164128828984, 2.156666514664717 ], [ -74.589164739964303, 2.169999839064598 ], [ -74.591667177947215, 2.201666598263664 ], [ -74.610832216207484, 2.20833349806816 ], [ -74.627082823614444, 2.192499880864103 ], [ -74.644165032685351, 2.210833309374979 ], [ -74.665000913552831, 2.211250074100026 ], [ -74.650001525586447, 2.240000007535329 ], [ -74.701248169867199, 2.271666527782278 ], [ -74.693336486157648, 2.28416657066732 ], [ -74.709167483872818, 2.283750054775873 ], [ -74.715835579336158, 2.263333323663073 ], [ -74.730003356655402, 2.279999972650192 ], [ -74.748336785166941, 2.274166819688159 ], [ -74.733749383782822, 2.346666810245496 ], [ -74.692916869279316, 2.420000071537832 ], [ -74.6729202293551, 2.425000190920215 ], [ -74.662918085261765, 2.488333221532634 ], [ -74.647499081315345, 2.493749857704871 ], [ -74.677497857248113, 2.523750063755676 ], [ -74.681663508440352, 2.558333391800015 ], [ -74.645835870800965, 2.587499859093148 ], [ -74.647918697295381, 2.601666688688546 ], [ -74.624168391862838, 2.625833269263105 ], [ -74.59791564934568, 2.638333560981746 ], [ -74.585830693130958, 2.665416708604981 ], [ -74.615837107444634, 2.683333403831932 ], [ -74.615837107444634, 2.696250204255473 ], [ -74.637496953391747, 2.70083331816416 ], [ -74.617500311670824, 2.753750081905919 ], [ -74.643333430123107, 2.755833392592621 ], [ -74.65666962194814, 2.803750036952003 ], [ -74.666664118677318, 2.804999826273513 ], [ -74.673332214140714, 2.888749835933922 ], [ -74.769374844626611, 2.87312495053725 ], [ -74.800003052614215, 2.938333515837155 ], [ -74.836875920445493, 2.908541554706542 ], [ -74.878334041974313, 2.914999952672513 ], [ -74.910625452391514, 2.883541823771214 ], [ -74.933346809609702, 2.909426042029954 ], [ -74.901013552039956, 2.962735494729664 ], [ -74.874153527245539, 2.969492008741736 ], [ -74.862926991020629, 2.993576803932701 ], [ -74.849604211053531, 2.994710388893092 ], [ -74.8159630053878, 3.053028312619006 ], [ -74.787779992890933, 3.060418858063811 ], [ -74.790262167559774, 3.073666307945704 ], [ -74.749009546595744, 3.110230796469411 ], [ -74.713022402170793, 3.169957559957917 ], [ -74.673258236021468, 3.186348155539869 ], [ -74.656576491731755, 3.247590201152025 ], [ -74.61632758887896, 3.287795270674258 ], [ -74.626061697935768, 3.29978716045268 ], [ -74.617867748067681, 3.330514472457032 ], [ -74.639843280223488, 3.368367132649962 ], [ -74.622142939912976, 3.378283173154411 ], [ -74.605667526232082, 3.414141551166142 ], [ -74.617495296372624, 3.429400556947604 ], [ -74.615513525936592, 3.459536839906076 ], [ -74.630531126361575, 3.47130143956678 ], [ -74.589713852687339, 3.528198052209132 ], [ -74.56362545798072, 3.525902890761839 ], [ -74.525054460295451, 3.577520220646686 ], [ -74.502863052025077, 3.646277595880925 ], [ -74.482425343436375, 3.667539121326398 ], [ -74.464501197575942, 3.664190705030411 ], [ -74.43898561227013, 3.707259998524711 ], [ -74.424478010092912, 3.708397257597508 ], [ -74.415749362778627, 3.741054535052375 ], [ -74.4015638491083, 3.737422218561033 ], [ -74.397373031593304, 3.753727095932013 ], [ -74.387158905585238, 3.752702313208879 ], [ -74.393893028172897, 3.769914574181547 ], [ -74.327238033973515, 3.826672369154059 ], [ -74.316765249551395, 3.815160483750452 ], [ -74.296616634322902, 3.818903846472486 ], [ -74.317046029895266, 3.880753320787351 ], [ -74.297521755964908, 3.883284768088796 ], [ -74.273587164598212, 3.924904565834987 ], [ -74.256425803107902, 3.927865629170084 ], [ -74.260140558058708, 3.948251980134021 ], [ -74.244270840228978, 3.954433984233159 ], [ -74.217382981113303, 4.010896176647834 ], [ -74.160258534870252, 4.017847856997408 ], [ -74.123490351395731, 4.001268890838451 ], [ -74.099741805764154, 4.013144280709766 ], [ -74.070697000100893, 4.057704230791194 ], [ -74.034888019586504, 4.060840245658926 ], [ -74.035886917334096, 4.082380548203584 ], [ -74.005934539422753, 4.109766209129742 ], [ -73.960074986599466, 4.095520095062509 ], [ -73.933079028627958, 4.149235960293598 ], [ -73.895825432018, 4.142640836835816 ], [ -73.860891729291438, 4.171832659996372 ], [ -73.825893264269553, 4.168337784954709 ], [ -73.809358221270884, 4.203921262100763 ], [ -73.742593434890011, 4.198022778209356 ], [ -73.760331853917421, 4.236398264602489 ], [ -73.744418971105574, 4.267356462683454 ], [ -73.784345545601184, 4.30169567784637 ], [ -73.792681859690617, 4.381111363112667 ], [ -73.811477396325586, 4.40282419892324 ], [ -73.792522853267087, 4.441114875302822 ], [ -73.738330671246558, 4.460570455008021 ], [ -73.738664204299255, 4.486011868157554 ], [ -73.713738766791266, 4.515097990965969 ], [ -73.686428265269001, 4.519346317772813 ], [ -73.661654215566614, 4.546730937550766 ], [ -73.62189984914653, 4.562476821621035 ], [ -73.578453640223586, 4.542371779210814 ], [ -73.567763604365041, 4.525570626267339 ], [ -73.603286978781966, 4.456232764623786 ], [ -73.572570035139847, 4.419912065587753 ], [ -73.57681444978067, 4.396195197274116 ], [ -73.553367705985806, 4.347721588011564 ], [ -73.55123618537425, 4.309192976469677 ], [ -73.531050239726085, 4.296731916007469 ], [ -73.471680050195403, 4.27624162628906 ], [ -73.430286187006686, 4.3063814216631 ], [ -73.353644883330162, 4.321194294972848 ], [ -73.203544051960193, 4.2732551558825 ], [ -73.13763771611184, 4.212571695735546 ], [ -73.052556954601016, 4.736324804430445 ], [ -73.050232005893463, 4.692427537570589 ], [ -73.016859365270648, 4.635607114701439 ], [ -72.967975619056972, 4.599190899521723 ], [ -72.937926985687909, 4.52274079342509 ], [ -72.923448756647247, 4.520400976689429 ], [ -72.870174304133798, 4.450712957757343 ], [ -72.852376262076859, 4.450373177815173 ], [ -72.840149691734609, 4.431045671022069 ], [ -72.813472023291581, 4.42980594104319 ], [ -72.825030549262294, 4.417614491263693 ], [ -72.805065646842309, 4.395973668955238 ], [ -72.788272631742984, 4.397520175644765 ], [ -72.800584693920598, 4.378346511754876 ], [ -72.768916553110557, 4.366389540417715 ], [ -72.779688724695916, 4.352769038765658 ], [ -72.762972415003219, 4.347836045148092 ], [ -72.77030171775499, 4.33432975359562 ], [ -72.741885275150537, 4.325797577872365 ], [ -72.73981218190994, 4.309735279059113 ], [ -72.716446011670371, 4.293274280655592 ], [ -72.690720326421797, 4.288472559751666 ], [ -72.675865933844364, 4.317383418413529 ], [ -72.641970500259049, 4.302831954161486 ], [ -72.606102266821324, 4.315387910030993 ], [ -72.573445790663186, 4.30214050686154 ], [ -72.573468786654473, 4.325484145538489 ], [ -72.547837455128672, 4.354675083857796 ], [ -72.466818265918334, 4.317375378485369 ], [ -72.427948128106777, 4.353705208903579 ], [ -72.415564805215809, 4.343963825284066 ], [ -72.417139080649576, 4.321330451830667 ], [ -72.405035849992487, 4.317859740591037 ], [ -72.356216943329343, 4.341740619846724 ], [ -72.342192942384202, 4.371529784519655 ], [ -72.320502713593385, 4.370916437711112 ], [ -72.302857863160511, 4.408411275285027 ], [ -72.255663999361559, 4.418380921000089 ], [ -72.243397907606948, 4.434563174643774 ], [ -72.19872411483567, 4.42847893966484 ], [ -72.143109611126022, 4.440299599633882 ], [ -72.070840451845697, 4.408092704583656 ], [ -72.060639257096454, 4.375000940425684 ], [ -71.988208949807188, 4.38444907148193 ], [ -71.904991091762611, 4.467750694795787 ], [ -71.898611326090872, 4.489414861642159 ], [ -71.823774128403443, 4.551812569228688 ], [ -71.806749939766348, 4.583547650749383 ], [ -71.732387149944998, 4.575305904182176 ], [ -71.597926451987973, 4.645268782657393 ], [ -71.576759188636345, 4.675033444863159 ], [ -71.523349120051364, 4.682230033103767 ], [ -71.508837072108236, 4.698141653781104 ], [ -71.429298040866058, 4.723292071835488 ], [ -71.390168336442912, 4.756689490707456 ], [ -71.322775223834185, 4.766715396156948 ], [ -71.28827874857285, 4.803051074612331 ], [ -71.211748269242889, 4.817327841916453 ], [ -71.077931044918159, 4.899101334492937 ] ] ] } },
{ "type": "Feature", "properties": { "dpto_ccdgo": "52", "dpto_cnmbr": "NARIÑO" }, "geometry": { "type": "MultiPolygon", "coordinates": [ [ [ [ -78.885213007911773, 1.510066954732579 ], [ -78.879179702958197, 1.508352978584431 ], [ -78.877278409957682, 1.509279374145919 ], [ -78.878636476001645, 1.508316602176323 ], [ -78.879579847040645, 1.508190495677941 ], [ -78.885213007911773, 1.510066954732579 ] ] ], [ [ [ -78.140257800197901, 2.676152924193816 ], [ -78.137190953865513, 2.643983498802249 ], [ -78.096711394904958, 2.647231504030701 ], [ -78.072458664028545, 2.611161696568625 ], [ -78.032914700283641, 2.649467372130401 ], [ -78.020081887914102, 2.643803100779806 ], [ -77.978218004234634, 2.661697059628745 ], [ -77.945372913157541, 2.625670552794463 ], [ -77.928338154036112, 2.640404027546271 ], [ -77.915515388432652, 2.593678845748813 ], [ -77.925642312211664, 2.510354445632767 ], [ -77.918794570616342, 2.416698907561765 ], [ -77.88324523486699, 2.352714702952338 ], [ -77.878438726836976, 2.304441385818415 ], [ -77.847922140002254, 2.260593862308767 ], [ -77.853216441705115, 2.2054082182526 ], [ -77.838642245566234, 2.178210975514186 ], [ -77.807316636240216, 2.173808979179113 ], [ -77.780642879963352, 2.148378492247088 ], [ -77.739359239249495, 2.133566341183397 ], [ -77.645620369790038, 2.168544419820821 ], [ -77.603625083141026, 2.164709610326681 ], [ -77.556212110188198, 2.202519827783552 ], [ -77.48794162222373, 2.195252599565923 ], [ -77.472273547589907, 2.241319502585154 ], [ -77.479022258829389, 2.273688084633889 ], [ -77.459434296091274, 2.286177709748298 ], [ -77.385677473412613, 2.255942413501967 ], [ -77.358846916077937, 2.262360462706497 ], [ -77.323077021292704, 2.221996530491203 ], [ -77.307743410366982, 2.195962758788146 ], [ -77.31796126258979, 2.181920999034459 ], [ -77.307623189635024, 2.108160489669325 ], [ -77.333527732294101, 2.051361639859003 ], [ -77.279500851197383, 2.020760613117913 ], [ -77.259311609627787, 1.994098614001756 ], [ -77.220569925614313, 1.988187508770543 ], [ -77.203159468283786, 1.95203759936898 ], [ -77.219846245837971, 1.934000676223588 ], [ -77.218375344117931, 1.916973261734287 ], [ -77.245491197630997, 1.911329831314839 ], [ -77.255747467235892, 1.869695399102679 ], [ -77.289186210441528, 1.849048003797345 ], [ -77.310072939587826, 1.804204476015961 ], [ -77.294693561258555, 1.765996766305533 ], [ -77.330879979121789, 1.681512693234194 ], [ -77.281694475088955, 1.673706064886144 ], [ -77.27517223470295, 1.662179515372152 ], [ -77.25646585143943, 1.670885060693539 ], [ -77.238970150208672, 1.657343415914958 ], [ -77.150799585900018, 1.685644814781569 ], [ -77.137559991791136, 1.654930831091711 ], [ -77.072334182415148, 1.66895671311012 ], [ -77.056854392119988, 1.69905198794321 ], [ -77.02634854016145, 1.713971689890015 ], [ -76.998330481838423, 1.707327186899988 ], [ -76.936084703739937, 1.729002057181417 ], [ -76.902088013771788, 1.662373318065989 ], [ -76.834534263397586, 1.61542417530997 ], [ -76.857534526174163, 1.564038589393532 ], [ -76.858607446058443, 1.522467855870623 ], [ -76.887639086002423, 1.523021782669036 ], [ -76.928927114091607, 1.500486126233444 ], [ -76.918254254933288, 1.429663500955706 ], [ -76.93180291735689, 1.385798518674578 ], [ -76.920924618719312, 1.335883239793027 ], [ -76.90415224602333, 1.320942952036768 ], [ -76.939587332147141, 1.272679820908019 ], [ -76.962764899145895, 1.273653512806922 ], [ -76.972051660309489, 1.293001785970951 ], [ -76.97941270775209, 1.286688015084323 ], [ -76.983454038298134, 1.267969854000317 ], [ -76.971285660866386, 1.252135689721845 ], [ -76.981109791966219, 1.222788886389979 ], [ -77.020957897660878, 1.196220274408587 ], [ -77.040027653339678, 1.201657844936787 ], [ -77.088433501729583, 1.183373114136298 ], [ -77.100064309798938, 1.154001048361897 ], [ -77.092990171011991, 1.075041015022035 ], [ -77.068122898566742, 1.059708242225624 ], [ -77.058129165406115, 1.034295601239252 ], [ -77.036799676066323, 1.047059033070448 ], [ -77.028066889311958, 0.994931269254601 ], [ -77.073776055053713, 0.969696414886101 ], [ -77.072750000315125, 0.942312987173546 ], [ -77.121209005655999, 0.893162328819972 ], [ -77.102072181704671, 0.833648759074518 ], [ -77.1391541846873, 0.821510241667026 ], [ -77.186805732403343, 0.630954061857321 ], [ -77.117359458389444, 0.591361340216218 ], [ -77.130230849837915, 0.524501761736568 ], [ -77.102071534917116, 0.470375439755406 ], [ -77.107618968594068, 0.442476887105687 ], [ -77.089079065743192, 0.424384400420749 ], [ -77.099152115715071, 0.410616461756876 ], [ -77.08802355791795, 0.394631366017281 ], [ -77.112695532871555, 0.372674482902413 ], [ -77.179084618348384, 0.389801724553812 ], [ -77.213728597096917, 0.363249541873714 ], [ -77.288063675666251, 0.363256384346651 ], [ -77.371617905442065, 0.401065840031563 ], [ -77.381176177226735, 0.385261480979606 ], [ -77.4077212488383, 0.404863084645572 ], [ -77.424499969035082, 0.39202306329051 ], [ -77.527721198984011, 0.400194368408612 ], [ -77.522296027911295, 0.531564410163332 ], [ -77.480862472630122, 0.609579797753858 ], [ -77.480894042149316, 0.657116368206906 ], [ -77.556392905266364, 0.649392722697722 ], [ -77.622699558572094, 0.69459131257304 ], [ -77.666203504061002, 0.705278426209236 ], [ -77.675385094878834, 0.737219186161341 ], [ -77.697834333315996, 0.741416270328606 ], [ -77.688559085868576, 0.769064820737173 ], [ -77.661588393034549, 0.790004452610371 ], [ -77.676957191896349, 0.792378977581299 ], [ -77.664919929074699, 0.818039407358156 ], [ -77.714243992062336, 0.851090574819429 ], [ -77.746367632983379, 0.832862164838838 ], [ -77.764609234735019, 0.841898382974741 ], [ -77.804768780298673, 0.8309693169071 ], [ -77.820203282891043, 0.808120847077369 ], [ -77.842794013284674, 0.802449738643615 ], [ -77.937234405556353, 0.816678938318957 ], [ -77.966721613883294, 0.825298112353565 ], [ -78.021719231419297, 0.87477011091673 ], [ -78.089133932358152, 0.897088539272175 ], [ -78.111869482969155, 0.932250959539329 ], [ -78.153519209012529, 0.924006662652973 ], [ -78.185119406590275, 0.938006791748301 ], [ -78.199969257282021, 0.949687250640874 ], [ -78.191849916151, 0.969736334252526 ], [ -78.206102655299219, 1.002064253129203 ], [ -78.281576682673801, 1.056165808538271 ], [ -78.27702750714343, 1.072914037194587 ], [ -78.25188611716402, 1.079181761301361 ], [ -78.2510766311417, 1.099461554021402 ], [ -78.281964974374887, 1.110964797625094 ], [ -78.311388973594831, 1.191302755182388 ], [ -78.374462507666408, 1.174706323065419 ], [ -78.39510151090434, 1.152269965582181 ], [ -78.417681953783188, 1.159896189619486 ], [ -78.425482722416177, 1.152823763921405 ], [ -78.416318605641152, 1.138934722379326 ], [ -78.42777924571061, 1.138806908182201 ], [ -78.438132166032233, 1.158362424644113 ], [ -78.425616316378409, 1.178357663194705 ], [ -78.438172567794311, 1.19392447785188 ], [ -78.455195538314911, 1.176514954770515 ], [ -78.478809308698658, 1.193637555721445 ], [ -78.489954703632577, 1.185780575863312 ], [ -78.495099098852904, 1.198386961396462 ], [ -78.516709364044971, 1.187857846273233 ], [ -78.51462733525517, 1.21319910527361 ], [ -78.547582869792848, 1.226643059983844 ], [ -78.544540728947027, 1.244360526688315 ], [ -78.615422943120677, 1.246268603771241 ], [ -78.648865866190647, 1.277266773320957 ], [ -78.660734465691689, 1.319618495587671 ], [ -78.695044527806601, 1.330194996879896 ], [ -78.70966813581714, 1.358955844854608 ], [ -78.757712212590889, 1.394036642333417 ], [ -78.778585629592385, 1.392482755079609 ], [ -78.775358881215311, 1.406050907366739 ], [ -78.79221406068018, 1.408613704099879 ], [ -78.798149804922843, 1.427819171071112 ], [ -78.824656024367414, 1.445137766606982 ], [ -78.808136838442749, 1.455809527124457 ], [ -78.833597824102128, 1.450680766195926 ], [ -78.798606868103661, 1.484804001039595 ], [ -78.818870997786576, 1.473082405562459 ], [ -78.856343931722733, 1.480746904149574 ], [ -78.874807657376778, 1.514774575238878 ], [ -78.866274514166832, 1.526175904892341 ], [ -78.874445277600671, 1.54837571151831 ], [ -78.863499536991071, 1.550842358795005 ], [ -78.902503372969534, 1.543134091557422 ], [ -78.965455908367517, 1.601958252281973 ], [ -78.981587497887631, 1.593907696105627 ], [ -79.010078050663765, 1.631974657665161 ], [ -78.998598243225786, 1.638843666891586 ], [ -79.006889711583938, 1.658037062292438 ], [ -78.95442197917788, 1.684374774722489 ], [ -78.930844523218411, 1.734148715259636 ], [ -78.864906387882002, 1.803340762250027 ], [ -78.809643915348147, 1.829284481367345 ], [ -78.779710188273611, 1.824516231717616 ], [ -78.799573554934398, 1.815257904950703 ], [ -78.813491665084427, 1.790392890872673 ], [ -78.811931881284352, 1.78696648906975 ], [ -78.796093114034136, 1.806434712572671 ], [ -78.784409168776733, 1.800443645539363 ], [ -78.764184082602128, 1.815459212176419 ], [ -78.777883186904603, 1.81584873457042 ], [ -78.768626892128168, 1.822286716508667 ], [ -78.72372752142951, 1.823533527014302 ], [ -78.751808004629709, 1.805670234876915 ], [ -78.759910190620076, 1.81973027356457 ], [ -78.76316810876574, 1.804637930553988 ], [ -78.785103101717084, 1.798588538557744 ], [ -78.757546955684575, 1.777129998938767 ], [ -78.756018326381707, 1.798138278323987 ], [ -78.745666843365655, 1.799351215129931 ], [ -78.752861372666246, 1.791591757355046 ], [ -78.743722823761232, 1.785477233855532 ], [ -78.73827292564232, 1.796925343314748 ], [ -78.725847772666839, 1.762803824254602 ], [ -78.737558457198247, 1.771021710650592 ], [ -78.739718477783185, 1.770190932742458 ], [ -78.738970778833618, 1.766834593299306 ], [ -78.745201607305887, 1.76975893167974 ], [ -78.746613928941315, 1.7685958442253 ], [ -78.747212087921241, 1.765771198259648 ], [ -78.743888978983534, 1.760387762050144 ], [ -78.745766535780376, 1.768911536722232 ], [ -78.739053855995621, 1.766086895248118 ], [ -78.737143068693285, 1.770091240327683 ], [ -78.726469630121187, 1.753086020531816 ], [ -78.757617110570891, 1.749982433973413 ], [ -78.763997479911041, 1.742834055657532 ], [ -78.762166076793619, 1.741445736127401 ], [ -78.738092001206667, 1.745463004380945 ], [ -78.728366368659579, 1.732499188792895 ], [ -78.713766845399334, 1.745667006554628 ], [ -78.717156416246382, 1.793403463097443 ], [ -78.69945670655369, 1.769774083575717 ], [ -78.692577872444929, 1.790472895793914 ], [ -78.67986473912282, 1.7588760300713 ], [ -78.686668885442657, 1.748351978755366 ], [ -78.675209090688554, 1.761572235713608 ], [ -78.687892290324953, 1.781635503734887 ], [ -78.67769865400652, 1.789667042561536 ], [ -78.654457662304935, 1.77508534817945 ], [ -78.651270593443883, 1.793693716183612 ], [ -78.597593931619542, 1.792681780277606 ], [ -78.599799046769419, 1.773537137384417 ], [ -78.580739000988217, 1.778447797967931 ], [ -78.568593808194123, 1.751251921568133 ], [ -78.581904168942572, 1.740321976947418 ], [ -78.553652280761355, 1.757731986017732 ], [ -78.564032841367975, 1.792151084829297 ], [ -78.542474635384735, 1.802108465836004 ], [ -78.550816330387022, 1.835729614799258 ], [ -78.538496346858949, 1.855885326723525 ], [ -78.551937879709669, 1.898879583882272 ], [ -78.597088935195302, 1.894344557727417 ], [ -78.602690057626319, 1.947013776122346 ], [ -78.585004629361379, 1.972606127021117 ], [ -78.635739874021453, 2.011558041231858 ], [ -78.645891971309709, 1.978426646066908 ], [ -78.674366859251393, 1.980094429908043 ], [ -78.675955028040448, 2.049512788749944 ], [ -78.655630064397997, 2.044166737757453 ], [ -78.64982293205702, 2.049948943625827 ], [ -78.67990537444706, 2.058634718808694 ], [ -78.689740391340194, 2.111769842508804 ], [ -78.703560368552019, 2.118648677515633 ], [ -78.712745072034863, 2.167586761964259 ], [ -78.697794452745825, 2.232468084220106 ], [ -78.681686030795333, 2.246429702508463 ], [ -78.673246875693565, 2.240744378224083 ], [ -78.660505479553422, 2.286844186558343 ], [ -78.623245501306542, 2.32673585249288 ], [ -78.621979626738721, 2.377320810681072 ], [ -78.566414454950575, 2.454555734144305 ], [ -78.570178761011903, 2.442330063016795 ], [ -78.5616174618836, 2.431336955103181 ], [ -78.551790288187476, 2.447210338061658 ], [ -78.557020343228373, 2.491582525726032 ], [ -78.527288978002503, 2.506190037709972 ], [ -78.514247049346238, 2.500356370911232 ], [ -78.501946220610193, 2.530615468039947 ], [ -78.454240820646532, 2.575529200115041 ], [ -78.455175536410877, 2.597590157630119 ], [ -78.395534987900248, 2.603032508996188 ], [ -78.371217049163704, 2.637189410926852 ], [ -78.332691197247357, 2.656344070043481 ], [ -78.166767000254936, 2.671585620646746 ], [ -78.154298999402897, 2.683681537214583 ], [ -78.140257800197901, 2.676152924193816 ] ] ] ] } },
{ "type": "Feature", "properties": { "dpto_ccdgo": "54", "dpto_cnmbr": "NORTE DE SANTANDER" }, "geometry": { "type": "Polygon", "coordinates": [ [ [ -73.010868760869869, 9.290745742784514 ], [ -72.98441622658612, 9.251639918296833 ], [ -72.996235024346447, 9.220957962267244 ], [ -72.970945582008767, 9.213403095063063 ], [ -72.955500667934018, 9.179484060022576 ], [ -72.96461619569493, 9.155905717425995 ], [ -72.987155319630972, 9.143420869556005 ], [ -72.947841694888325, 9.105792856635039 ], [ -72.948397211706094, 9.092332230976476 ], [ -72.932521798552955, 9.083042491895657 ], [ -72.887061184272, 9.103561281587471 ], [ -72.881231787168986, 9.132266866958574 ], [ -72.823360304035305, 9.121863539431555 ], [ -72.821892209552686, 9.141521604953091 ], [ -72.811515244905024, 9.119942320883863 ], [ -72.796125083190418, 9.121259548584097 ], [ -72.796288232647385, 9.103460842672186 ], [ -72.785207443701893, 9.115195587699001 ], [ -72.765809179251789, 9.105603008328215 ], [ -72.773116043866537, 9.085689798604779 ], [ -72.760838025170358, 9.080835697793285 ], [ -72.720195559298134, 8.940742500130108 ], [ -72.654786196115538, 8.614276839882132 ], [ -72.617089068556993, 8.595209486300917 ], [ -72.428252012239852, 8.381818607845416 ], [ -72.40934797879504, 8.375443245718873 ], [ -72.415772272194317, 8.364164906305584 ], [ -72.388326803184611, 8.348233752645111 ], [ -72.395429862356821, 8.326131217472286 ], [ -72.379907190049096, 8.304305166896171 ], [ -72.393665832939405, 8.252608888509611 ], [ -72.380616666551191, 8.2467533333432 ], [ -72.374056388770782, 8.195179445121719 ], [ -72.354530511346354, 8.165724598629623 ], [ -72.366109641991159, 8.149134951493393 ], [ -72.358740563603533, 8.12053547969985 ], [ -72.373515882813365, 8.105136548624969 ], [ -72.352368498296471, 8.086637423931197 ], [ -72.347133925624462, 8.016384695713651 ], [ -72.351346090720881, 8.004400863829769 ], [ -72.38338548127922, 8.034464871876175 ], [ -72.415998194176723, 8.033352364104147 ], [ -72.418745710730775, 7.995463523335923 ], [ -72.488066306743008, 7.943475426996791 ], [ -72.48652588524601, 7.926840050186263 ], [ -72.457087546207788, 7.911201729575526 ], [ -72.444591440641318, 7.859838388658093 ], [ -72.473657117778544, 7.758533140077849 ], [ -72.476036096600296, 7.631621736176873 ], [ -72.452503200707724, 7.564527764594867 ], [ -72.47397236111749, 7.519702027063507 ], [ -72.47513692001354, 7.48721058233545 ], [ -72.447115377122714, 7.461875291746516 ], [ -72.428592985145656, 7.402385096183369 ], [ -72.353485752770325, 7.396249317628958 ], [ -72.32553873237822, 7.375971913531141 ], [ -72.299838931206921, 7.390686694326955 ], [ -72.256452539349766, 7.378444678339831 ], [ -72.222146948153579, 7.394884036310897 ], [ -72.194450027020707, 7.383795744630533 ], [ -72.15386421434539, 7.328193193017096 ], [ -72.174416123152184, 7.257609784798503 ], [ -72.047605613608653, 7.038183054663914 ], [ -72.07791968408435, 7.045377053059531 ], [ -72.122129124738763, 7.027676095606495 ], [ -72.185436742891966, 7.054041089893517 ], [ -72.205740792839606, 7.023217600584928 ], [ -72.200967818047559, 7.006687168642788 ], [ -72.24424683868483, 6.977025848709672 ], [ -72.255417341550924, 6.983979265504116 ], [ -72.251669274347933, 7.006877325071982 ], [ -72.276524008098477, 7.012792372113833 ], [ -72.313425799908316, 6.93222380336449 ], [ -72.350045701055706, 6.892893168111325 ], [ -72.392327986192015, 6.872214493442878 ], [ -72.432290779890366, 6.882895867738175 ], [ -72.48901542969935, 6.924786390977347 ], [ -72.513741084423884, 6.887997283927703 ], [ -72.54736680671499, 6.885951257846575 ], [ -72.552599012324379, 6.922308950433876 ], [ -72.541909339385484, 6.941897845623364 ], [ -72.562366454294704, 6.999793604846857 ], [ -72.632028138197199, 6.986918156603708 ], [ -72.649123042269821, 6.997517819177379 ], [ -72.668504968148568, 6.965503129615086 ], [ -72.677315328082784, 7.007791445145337 ], [ -72.721777800099915, 7.005051653210744 ], [ -72.734038820860746, 6.986825327323205 ], [ -72.756614906906975, 7.040642519904236 ], [ -72.749893367031518, 7.059107353181322 ], [ -72.786867782300078, 7.048790681707243 ], [ -72.800447839071296, 7.073153337715153 ], [ -72.820491168071328, 7.073037003996551 ], [ -72.819056163058576, 7.090111202783104 ], [ -72.835895551026454, 7.09661463961838 ], [ -72.85905286908428, 7.154524494318208 ], [ -72.843664504900005, 7.165312283126871 ], [ -72.832414149826377, 7.207459482196688 ], [ -72.856422924128367, 7.216958034831697 ], [ -72.876187165211832, 7.263461208609613 ], [ -72.834055316564445, 7.304236508467461 ], [ -72.84318434601488, 7.31537650362349 ], [ -72.836831250446835, 7.355610083000685 ], [ -72.856024753646182, 7.362785011045972 ], [ -72.850668346866712, 7.374721619356054 ], [ -72.872164684928691, 7.387425237714717 ], [ -72.900362251043077, 7.433364694846409 ], [ -72.896084976901307, 7.479603549921126 ], [ -72.978301075163529, 7.529047365616527 ], [ -72.992238770398956, 7.596969474057578 ], [ -72.982354777317539, 7.620307810873493 ], [ -73.034330210996018, 7.622944556081474 ], [ -73.048584311092952, 7.606278663476464 ], [ -73.099894774437303, 7.619371270629446 ], [ -73.123317514330381, 7.608124305800732 ], [ -73.219036807650184, 7.632110967155272 ], [ -73.259176945994966, 7.587377123757476 ], [ -73.247543405248337, 7.558261216383738 ], [ -73.256571039076903, 7.531573137357421 ], [ -73.283762477796529, 7.549366131776236 ], [ -73.355344012111516, 7.544349893909867 ], [ -73.386443809947934, 7.58213862274973 ], [ -73.408744385171929, 7.565163559421924 ], [ -73.505563779621582, 7.595783951161061 ], [ -73.520895787053234, 7.619327419333868 ], [ -73.517882464184765, 7.641430340782636 ], [ -73.558826291718731, 7.672356009942965 ], [ -73.559089753428452, 7.691290771184254 ], [ -73.596918288448137, 7.701346700151168 ], [ -73.600027812875396, 7.725856175129472 ], [ -73.63314898071377, 7.745177346099874 ], [ -73.558905984026012, 7.728319156378602 ], [ -73.551653038134248, 7.712117514380711 ], [ -73.521816421714277, 7.707428535728083 ], [ -73.490833257633994, 7.674369490933692 ], [ -73.439307200246333, 7.696547151375356 ], [ -73.403437586096857, 7.724082012707636 ], [ -73.343095332415885, 7.812147917809549 ], [ -73.355539580894629, 7.860383844336686 ], [ -73.347878728571857, 7.898538976509969 ], [ -73.303459303857437, 7.906506304607262 ], [ -73.302776978956501, 7.92242717973602 ], [ -73.276032332072532, 7.946046083994927 ], [ -73.279250506023345, 7.987902579024 ], [ -73.298362075616978, 7.985009369987957 ], [ -73.309288826724696, 8.015515331540042 ], [ -73.367025599289377, 8.01262964051061 ], [ -73.377572926871551, 8.105542597338404 ], [ -73.396452839633412, 8.106569186574996 ], [ -73.396552813221092, 8.121900015415568 ], [ -73.405571292311265, 8.113071540041167 ], [ -73.429664204686389, 8.123275652520428 ], [ -73.422399475583688, 8.135121144638644 ], [ -73.437658063648655, 8.152719867442713 ], [ -73.428084261776974, 8.180522132295334 ], [ -73.448903706156557, 8.192518656486049 ], [ -73.429339765286613, 8.224861129878581 ], [ -73.440633791094285, 8.257243321414739 ], [ -73.374178503321502, 8.266005731037282 ], [ -73.376591241756842, 8.310519912816909 ], [ -73.350673381563013, 8.331082008526471 ], [ -73.342055118420546, 8.43556879144276 ], [ -73.370354149327113, 8.459076246127125 ], [ -73.414398769656884, 8.459258383289427 ], [ -73.393162353041248, 8.382126308923214 ], [ -73.434241644831388, 8.365376585469082 ], [ -73.441807466101125, 8.340839011166235 ], [ -73.48805208117949, 8.383977217175875 ], [ -73.529997834684252, 8.38078982671782 ], [ -73.473293283797489, 8.446829541828794 ], [ -73.477671322943308, 8.470115004663304 ], [ -73.522772996201809, 8.482929071872443 ], [ -73.547701294846263, 8.471406183894462 ], [ -73.577727688606103, 8.495809957622333 ], [ -73.568786353300709, 8.497665149943995 ], [ -73.576051109352932, 8.506396332305721 ], [ -73.514992898718276, 8.528976117616523 ], [ -73.547197512046921, 8.564321206849115 ], [ -73.541973704793861, 8.588226941610161 ], [ -73.552241603099333, 8.60687471514402 ], [ -73.52158612583122, 8.638261667773751 ], [ -73.50733924999156, 8.684948825651604 ], [ -73.471766222056033, 8.707454445095136 ], [ -73.458390456716302, 8.749667709018549 ], [ -73.414617947082775, 8.766029819000176 ], [ -73.411910426252007, 8.783343918464471 ], [ -73.448245940316724, 8.862248706268826 ], [ -73.425684503109551, 8.899569218436483 ], [ -73.437396221602683, 8.910031511425744 ], [ -73.439664751573901, 8.975308063975589 ], [ -73.411935314995105, 9.052667527274203 ], [ -73.42947251573014, 9.10241010400658 ], [ -73.424204449346064, 9.123802570687181 ], [ -73.405951915986975, 9.161390159388143 ], [ -73.381189467137403, 9.15277944210032 ], [ -73.369043862016269, 9.172574465777531 ], [ -73.250946710448659, 9.158230888915856 ], [ -73.213616687808326, 9.183199597406439 ], [ -73.176981521577204, 9.17663692830909 ], [ -73.130055670356853, 9.228397127268934 ], [ -73.088165207303518, 9.226235928093477 ], [ -73.070921605881779, 9.264125875586997 ], [ -73.050178006322028, 9.258400139659035 ], [ -73.035947954144376, 9.281460890542752 ], [ -73.010868760869869, 9.290745742784514 ] ] ] } },
{ "type": "Feature", "properties": { "dpto_ccdgo": "63", "dpto_cnmbr": "QUINDIO" }, "geometry": { "type": "Polygon", "coordinates": [ [ [ -75.701943994829605, 4.720491903184196 ], [ -75.659785470688689, 4.699894917779515 ], [ -75.606497299093292, 4.70946166966695 ], [ -75.514902269750962, 4.69366783348858 ], [ -75.479378450667582, 4.663172532252505 ], [ -75.39603490384161, 4.715352150461087 ], [ -75.383171705933364, 4.704006130123736 ], [ -75.421514305877281, 4.658615796494821 ], [ -75.421000927266448, 4.610864251836429 ], [ -75.468870762177289, 4.598322770532637 ], [ -75.515035504386788, 4.55558738918034 ], [ -75.524625125603279, 4.497929645967647 ], [ -75.57734501710712, 4.452690363275852 ], [ -75.600322724067269, 4.333856858493681 ], [ -75.597101891999387, 4.279506154243698 ], [ -75.643310595997377, 4.246054307303638 ], [ -75.696441237102363, 4.131950464109081 ], [ -75.733106324442815, 4.114143808998915 ], [ -75.752396407392041, 4.0773907091495 ], [ -75.767096533061078, 4.07531142920667 ], [ -75.784970908621858, 4.089910986602435 ], [ -75.839041349959757, 4.097565540831495 ], [ -75.84223404497385, 4.124363255732274 ], [ -75.841854036644577, 4.156130601170454 ], [ -75.819473134003886, 4.201624154901026 ], [ -75.823990406739824, 4.225853200776957 ], [ -75.787370661001091, 4.293618998640753 ], [ -75.801071160388346, 4.390569099861899 ], [ -75.812435845037612, 4.404518952905595 ], [ -75.885174452581452, 4.410939246103508 ], [ -75.895795626230381, 4.42517761489022 ], [ -75.888091196598452, 4.446693728479963 ], [ -75.865476798273164, 4.454767242918297 ], [ -75.881391131865314, 4.467422574995318 ], [ -75.870506627660745, 4.51269540529816 ], [ -75.881303785905686, 4.527616373870506 ], [ -75.864284055610881, 4.57056265825994 ], [ -75.872551562288038, 4.580252802833112 ], [ -75.859755376058388, 4.595169006737383 ], [ -75.864963087285389, 4.614764362615587 ], [ -75.825088121942315, 4.66346988383164 ], [ -75.708469953345571, 4.655063981693507 ], [ -75.713606632929782, 4.713757299997694 ], [ -75.701943994829605, 4.720491903184196 ] ] ] } },
{ "type": "Feature", "properties": { "dpto_ccdgo": "66", "dpto_cnmbr": "RISARALDA" }, "geometry": { "type": "Polygon", "coordinates": [ [ [ -76.008235612126668, 5.563659949743302 ], [ -75.983394875037732, 5.519400507923394 ], [ -75.959267910197923, 5.505081593429149 ], [ -75.930799791067273, 5.508874616856279 ], [ -75.90502306530027, 5.479859218466514 ], [ -75.868024126004855, 5.49024212547426 ], [ -75.850641512877019, 5.412476716768566 ], [ -75.86067798521799, 5.371708953781977 ], [ -75.809174757633116, 5.362126563111368 ], [ -75.725226509391746, 5.397141540078517 ], [ -75.698433577124433, 5.38779449292847 ], [ -75.680347701146275, 5.356270327919701 ], [ -75.666170872395014, 5.354000321117085 ], [ -75.64815884787356, 5.308686686606542 ], [ -75.666229176696675, 5.268471334061048 ], [ -75.692638346572153, 5.255185182030923 ], [ -75.734807511266126, 5.264365800870557 ], [ -75.749272341025346, 5.284523874467554 ], [ -75.763144598431779, 5.273368957384418 ], [ -75.786945878805739, 5.284818182552113 ], [ -75.823664143758492, 5.270118110782483 ], [ -75.802375204403006, 5.200359328804122 ], [ -75.833822695447225, 5.150083376048491 ], [ -75.836568821408093, 5.114781864125139 ], [ -75.845848520909556, 5.105580898428087 ], [ -75.875034033401164, 5.132230477427199 ], [ -75.891828254040604, 5.130996997931043 ], [ -75.888378466377162, 5.116562187198115 ], [ -75.899875781993956, 5.118437496408273 ], [ -75.917351668170397, 5.078686350452355 ], [ -75.922034224762058, 5.042051382750218 ], [ -75.903867040406169, 5.023616511904971 ], [ -75.89216009286929, 4.961530422952297 ], [ -75.860726901219152, 4.942129236280882 ], [ -75.867118513882303, 4.93329365702351 ], [ -75.814807085765324, 4.919438477503028 ], [ -75.792188903733006, 4.937768377428673 ], [ -75.796240844289343, 4.966341520478579 ], [ -75.778534043290165, 4.993165879431994 ], [ -75.781391785912319, 5.010384384599143 ], [ -75.770617211331682, 5.007478611715468 ], [ -75.772426318245948, 5.020078296709605 ], [ -75.746812971006477, 5.046819019748403 ], [ -75.702384785016079, 4.945500300021529 ], [ -75.655539598080964, 4.945802033586107 ], [ -75.639505013214091, 4.974998157883712 ], [ -75.623078866775927, 4.970959859154243 ], [ -75.617061079332984, 4.931405170415928 ], [ -75.564594177869196, 4.937803213224837 ], [ -75.537457612782418, 4.91653321216793 ], [ -75.480085241204847, 4.916464207126097 ], [ -75.426866772642825, 4.816390873175624 ], [ -75.375499070399599, 4.802684967723203 ], [ -75.388000263129584, 4.74684932287071 ], [ -75.377937995644686, 4.729580021527021 ], [ -75.411911078766707, 4.698896656039724 ], [ -75.438706705982042, 4.695316312518862 ], [ -75.440350531735476, 4.681713291197855 ], [ -75.464597237606483, 4.67939093592862 ], [ -75.479378450667582, 4.663172532252505 ], [ -75.513706586900412, 4.693239531691135 ], [ -75.545785830349757, 4.701480202075826 ], [ -75.646713760162072, 4.709518773818383 ], [ -75.659785470688689, 4.699894917779515 ], [ -75.702937420036108, 4.721360404974468 ], [ -75.753957202695915, 4.709884144088434 ], [ -75.831095155644448, 4.737821919011353 ], [ -75.856099310786874, 4.7278300067376 ], [ -75.844542789857428, 4.759658946110631 ], [ -75.851971751786266, 4.778653766064702 ], [ -75.907734704909842, 4.752056916418131 ], [ -75.92907438205134, 4.768253849443587 ], [ -75.917471192707467, 4.794485505788392 ], [ -75.935709761744306, 4.807727204651243 ], [ -75.910761111750901, 4.816590697281621 ], [ -75.900608069434213, 4.852073174963171 ], [ -75.914241192426459, 4.873511815984452 ], [ -75.942808888987372, 4.856706573008283 ], [ -75.988160812422223, 4.874509890874524 ], [ -75.987575460733467, 4.9114010547066 ], [ -76.02771486515411, 4.9385966948493 ], [ -76.049088645065922, 5.007150578153338 ], [ -76.079815082111509, 5.040933979155934 ], [ -76.06090975598994, 5.137100610484399 ], [ -76.132486932574011, 5.183449257740625 ], [ -76.142023050089506, 5.233378448842107 ], [ -76.173618173978468, 5.260251416572558 ], [ -76.211426567855085, 5.348616176136256 ], [ -76.191217195922263, 5.414584253241134 ], [ -76.177978068937705, 5.401276988988384 ], [ -76.152476317698245, 5.407566733515313 ], [ -76.085335262677631, 5.449751095917992 ], [ -76.075571158849527, 5.499594101684174 ], [ -76.085548147399891, 5.533459569243268 ], [ -76.074785842019196, 5.546602500058557 ], [ -76.037043953170951, 5.567172195521452 ], [ -76.008235612126668, 5.563659949743302 ] ] ] } },
{ "type": "Feature", "properties": { "dpto_ccdgo": "68", "dpto_cnmbr": "SANTANDER" }, "geometry": { "type": "Polygon", "coordinates": [ [ [ -73.774285534686101, 8.108254629512006 ], [ -73.791422514083536, 8.102805376384172 ], [ -73.721168920785431, 8.010589127394777 ], [ -73.723693004590643, 7.968037903517413 ], [ -73.682321045040965, 7.951418708073048 ], [ -73.670777971902055, 7.903500483575765 ], [ -73.671384566967618, 7.891225573053338 ], [ -73.725100516642215, 7.848718179810263 ], [ -73.724783099378556, 7.834626444940863 ], [ -73.751167881771266, 7.819740442420454 ], [ -73.73738935106303, 7.785029222025504 ], [ -73.761870108676248, 7.771390273454379 ], [ -73.758351537854992, 7.751032480854397 ], [ -73.633042631777528, 7.749194901814509 ], [ -73.600027812875396, 7.725856175129472 ], [ -73.596918288448137, 7.701346700151168 ], [ -73.559089753428452, 7.691290771184254 ], [ -73.558826291718731, 7.672356009942965 ], [ -73.517882464184765, 7.641430340782636 ], [ -73.520895787053234, 7.619327419333868 ], [ -73.505563779621582, 7.595783951161061 ], [ -73.408744385171929, 7.565163559421924 ], [ -73.386443809947934, 7.58213862274973 ], [ -73.355344012111516, 7.544349893909867 ], [ -73.283762477796529, 7.549366131776236 ], [ -73.256571039076903, 7.531573137357421 ], [ -73.247543405248337, 7.558261216383738 ], [ -73.259176945994966, 7.587377123757476 ], [ -73.219036807650184, 7.632110967155272 ], [ -73.123317514330381, 7.608124305800732 ], [ -73.099894774437303, 7.619371270629446 ], [ -73.048584311092952, 7.606278663476464 ], [ -73.034330210996018, 7.622944556081474 ], [ -72.982354777317539, 7.620307810873493 ], [ -72.992238770398956, 7.596969474057578 ], [ -72.978301075163529, 7.529047365616527 ], [ -72.896084976901307, 7.479603549921126 ], [ -72.900362251043077, 7.433364694846409 ], [ -72.872164684928691, 7.387425237714717 ], [ -72.850668346866712, 7.374721619356054 ], [ -72.856024753646182, 7.362785011045972 ], [ -72.836831250446835, 7.355610083000685 ], [ -72.84318434601488, 7.31537650362349 ], [ -72.834055316564445, 7.304236508467461 ], [ -72.876187165211832, 7.263461208609613 ], [ -72.856422924128367, 7.216958034831697 ], [ -72.832414149826377, 7.207459482196688 ], [ -72.843664504900005, 7.165312283126871 ], [ -72.85905286908428, 7.154524494318208 ], [ -72.835895551026454, 7.09661463961838 ], [ -72.786867782300078, 7.048790681707243 ], [ -72.749893367031518, 7.059107353181322 ], [ -72.756614906906975, 7.040642519904236 ], [ -72.734038820860746, 6.986825327323205 ], [ -72.721777800099915, 7.005051653210744 ], [ -72.677315328082784, 7.007791445145337 ], [ -72.668504968148568, 6.965503129615086 ], [ -72.649123042269821, 6.997517819177379 ], [ -72.632028138197199, 6.986918156603708 ], [ -72.562366454294704, 6.999793604846857 ], [ -72.541909339385484, 6.941897845623364 ], [ -72.552599012324379, 6.922308950433876 ], [ -72.54736680671499, 6.885951257846575 ], [ -72.513741084423884, 6.887997283927703 ], [ -72.502941499827443, 6.908158765735591 ], [ -72.500623971209961, 6.87123505591482 ], [ -72.47705870719534, 6.842202642521723 ], [ -72.48403867371934, 6.808145092543907 ], [ -72.498889173893531, 6.795241513535271 ], [ -72.485535246615768, 6.657101121007051 ], [ -72.542665031550825, 6.582811495433041 ], [ -72.536322809199589, 6.540418788397079 ], [ -72.549468620016398, 6.521468814174344 ], [ -72.539237454750491, 6.487973173430932 ], [ -72.568095312769287, 6.483649796813861 ], [ -72.605613463441273, 6.448836782843047 ], [ -72.649069809860293, 6.436400568004735 ], [ -72.719137196624672, 6.552697765596029 ], [ -72.743429406692655, 6.558923404496563 ], [ -72.764603037308063, 6.582838993784116 ], [ -72.808863740365098, 6.559205823368801 ], [ -72.808579137686593, 6.538807342443889 ], [ -72.778448903987055, 6.528686290956947 ], [ -72.765377179985705, 6.499138643032131 ], [ -72.73592265868308, 6.490688268862092 ], [ -72.724883536328605, 6.456701817002489 ], [ -72.73797620726242, 6.440268768802977 ], [ -72.725589274039464, 6.372056533040027 ], [ -72.75791633143217, 6.315094798775856 ], [ -72.744677535027904, 6.229182198448393 ], [ -72.775016098089282, 6.210482882237442 ], [ -72.803737568383099, 6.21596797547874 ], [ -72.831270654643845, 6.14878329284539 ], [ -72.868434047751009, 6.144522181205243 ], [ -72.87251881277399, 6.125122362669081 ], [ -72.915975070259776, 6.107376271125273 ], [ -72.922772349852096, 6.087929397000407 ], [ -72.952735915390917, 6.067449350779333 ], [ -72.96265532727557, 6.027425194014581 ], [ -73.009129943589301, 5.964709024422826 ], [ -73.034063162310474, 6.023434199707369 ], [ -73.062197046803647, 6.011052394072528 ], [ -73.067816449965221, 5.982041703756949 ], [ -73.100776754560854, 5.962260958812561 ], [ -73.142639103916622, 5.961076946883531 ], [ -73.199314540381806, 6.003134278420732 ], [ -73.220487339156648, 5.972724301034917 ], [ -73.224738701373383, 5.94113991381981 ], [ -73.208305801395511, 5.921504988020155 ], [ -73.221846272075538, 5.897267970487953 ], [ -73.18644773124322, 5.846189395742598 ], [ -73.204953271710451, 5.826582487520673 ], [ -73.246890905336898, 5.815959385187617 ], [ -73.270480279254741, 5.853546006402241 ], [ -73.329240044198741, 5.851541376519014 ], [ -73.351471713195565, 5.872571855089272 ], [ -73.351130309098096, 5.823139052748091 ], [ -73.390480137772215, 5.751068437475777 ], [ -73.430809308752885, 5.767068564736954 ], [ -73.435893214967052, 5.798198038441454 ], [ -73.473477579613132, 5.816830868488655 ], [ -73.451088734960649, 5.867043890615199 ], [ -73.456903326917654, 5.890356060384334 ], [ -73.444486097089282, 5.902000821995732 ], [ -73.406609653080693, 5.890871967754735 ], [ -73.370708697584348, 6.005232175064318 ], [ -73.414832704793923, 6.073094708086543 ], [ -73.43807888876205, 6.071378101669148 ], [ -73.497415416595516, 6.10803216038295 ], [ -73.515202860320358, 6.099078778660332 ], [ -73.539646736671841, 6.037425696884219 ], [ -73.584791829135895, 6.008185209251035 ], [ -73.602988552816839, 5.937484854662325 ], [ -73.635900282771445, 5.911162379468165 ], [ -73.600171532655622, 5.868990527014074 ], [ -73.644009723561794, 5.715205778089977 ], [ -73.715877148740447, 5.781693267794218 ], [ -73.726721862936074, 5.770441102614181 ], [ -73.76360922509599, 5.772915101709046 ], [ -73.812531616864021, 5.714967980370051 ], [ -73.819213661378228, 5.737476804106709 ], [ -73.836393235327137, 5.739862185226517 ], [ -73.861143104159396, 5.711508600488472 ], [ -73.883052042353484, 5.707572614561541 ], [ -73.87454942392128, 5.727865180436765 ], [ -73.924515721763441, 5.743026232943256 ], [ -73.962430848157283, 5.739438012089429 ], [ -73.982611220652984, 5.720910168233153 ], [ -74.02506369175552, 5.780755361211497 ], [ -74.026030333670462, 5.806822432590368 ], [ -74.079259439192185, 5.818500395062839 ], [ -74.103076635030789, 5.876997637035416 ], [ -74.133333124349178, 5.875921147243374 ], [ -74.180416438686166, 5.911088567537418 ], [ -74.20007265188076, 5.876657088134738 ], [ -74.197303856017356, 5.852941547532166 ], [ -74.266081142427936, 5.83459078960728 ], [ -74.274980918041877, 5.868483359360086 ], [ -74.231140689755023, 5.905005996239723 ], [ -74.22449041508446, 5.923237040981174 ], [ -74.23889663331795, 5.943694758659731 ], [ -74.222224889980282, 5.967910212116329 ], [ -74.260084649565783, 6.012481524996883 ], [ -74.258716230429968, 6.065524406915199 ], [ -74.298073392955871, 6.084108162857582 ], [ -74.337325631274666, 6.064977650475069 ], [ -74.347552275316218, 6.038518749826695 ], [ -74.383058811698049, 6.040277892404987 ], [ -74.40798644558862, 6.086456656427472 ], [ -74.451694646576357, 6.099285650055318 ], [ -74.452625542701014, 6.135675445761504 ], [ -74.479475846817991, 6.159641996515795 ], [ -74.469628506825984, 6.201394079377801 ], [ -74.508418122286287, 6.216470541059873 ], [ -74.528954322241191, 6.263266832653589 ], [ -74.450387594999711, 6.331878704950396 ], [ -74.423532637605888, 6.38997770277896 ], [ -74.390253478440968, 6.394085117043122 ], [ -74.369497962719549, 6.412217322770052 ], [ -74.404681266139903, 6.470891262601504 ], [ -74.39379523210323, 6.500460643485265 ], [ -74.404735996042234, 6.593854669192306 ], [ -74.359393886709711, 6.632838418823787 ], [ -74.330225787175436, 6.629572731143178 ], [ -74.312221822345123, 6.654311719571295 ], [ -74.259013257717015, 6.673367708556794 ], [ -74.229177791141524, 6.711423022551159 ], [ -74.177310803967202, 6.724945430790918 ], [ -74.115146009056161, 6.765573502046281 ], [ -74.077234998746178, 6.841886664360296 ], [ -74.01064647813422, 6.913279397802622 ], [ -73.915617721221906, 6.969124524380534 ], [ -73.884208838901031, 7.005244744438313 ], [ -73.888175250790994, 7.070210070918316 ], [ -73.931100237007797, 7.119065792366212 ], [ -73.938768012651963, 7.17676936047472 ], [ -73.92239731836213, 7.218552697547089 ], [ -73.92454779433956, 7.2675652937147 ], [ -73.895969073644665, 7.408783373452733 ], [ -73.917428516071936, 7.475973474728209 ], [ -73.909965377710932, 7.497946383800557 ], [ -73.848357850435548, 7.535924350990687 ], [ -73.828711809771335, 7.602441177898918 ], [ -73.810311482769009, 7.616571711934686 ], [ -73.818425769974226, 7.642814403193273 ], [ -73.797314048602573, 7.654394966651686 ], [ -73.815666095611448, 7.688156861070977 ], [ -73.810943904419503, 7.706175996661267 ], [ -73.831850681284038, 7.729819637847905 ], [ -73.798136883600648, 7.774987191803772 ], [ -73.821627457131513, 7.823028138843068 ], [ -73.83158918958128, 7.935872869992779 ], [ -73.867310276163266, 7.981893728028805 ], [ -73.867552752312918, 8.063615575520171 ], [ -73.806771184378704, 8.130394321729577 ], [ -73.775261007047334, 8.145010135950029 ], [ -73.774285534686101, 8.108254629512006 ] ] ] } },
{ "type": "Feature", "properties": { "dpto_ccdgo": "70", "dpto_cnmbr": "SUCRE" }, "geometry": { "type": "Polygon", "coordinates": [ [ [ -75.497477587586502, 10.145482636965912 ], [ -75.544921554237987, 10.044378204232466 ], [ -75.516824462073203, 10.025244274655844 ], [ -75.49082343937738, 10.038253769612535 ], [ -75.476109761713133, 10.018560556579162 ], [ -75.48009600033555, 9.978449511995876 ], [ -75.464180146792728, 9.961382157478901 ], [ -75.477750635600216, 9.935089343780769 ], [ -75.46918593544757, 9.924713811049106 ], [ -75.482048903386897, 9.929895498959697 ], [ -75.465507150866017, 9.891769969891801 ], [ -75.449739902145836, 9.894749853845449 ], [ -75.446096440247743, 9.913207662291429 ], [ -75.430853765850657, 9.912734033265304 ], [ -75.433069850337176, 9.897137737673626 ], [ -75.427592429612673, 9.892876220892914 ], [ -75.396696345590499, 9.893831778486721 ], [ -75.421781513564724, 9.884455492947533 ], [ -75.39358453764396, 9.880814634369349 ], [ -75.376768294787837, 9.849402360906527 ], [ -75.338261453034647, 9.828226992948572 ], [ -75.359974189132856, 9.737500230040556 ], [ -75.377959707942409, 9.720356970516514 ], [ -75.370116512743039, 9.692423674597116 ], [ -75.380750801805561, 9.68220967165867 ], [ -75.37142756541914, 9.674629472841582 ], [ -75.383507087720375, 9.650607013594403 ], [ -75.373857903661531, 9.630082985821947 ], [ -75.356245832779507, 9.647309142844817 ], [ -75.327082391912029, 9.616707619334941 ], [ -75.314728351427732, 9.652764226043494 ], [ -75.276457125384923, 9.686258789706025 ], [ -75.270559492198572, 9.670003010694357 ], [ -75.232676227276556, 9.646671534317692 ], [ -75.164505658102428, 9.646466147839067 ], [ -75.189332587176182, 9.629266062641493 ], [ -75.181059507346561, 9.601913083349661 ], [ -75.167217386645348, 9.6134184442842 ], [ -75.133387012697995, 9.596426073102029 ], [ -75.131971246919079, 9.579991743903873 ], [ -75.103475147939946, 9.565844137372549 ], [ -75.077852678301497, 9.532755737407916 ], [ -75.039885659785568, 9.540426696683763 ], [ -75.01239443235545, 9.528293674275211 ], [ -75.028948844843683, 9.509836700364799 ], [ -75.032229271195035, 9.466568755066843 ], [ -74.966878827660537, 9.434422380463793 ], [ -74.935661855281694, 9.448166120291233 ], [ -74.890778329080604, 9.430964062391748 ], [ -74.915108086062446, 9.413943384374095 ], [ -74.950514105375476, 9.34794744330347 ], [ -74.932871210576536, 9.328404489790801 ], [ -74.944511226384861, 9.295801294552305 ], [ -74.925721110188647, 9.278960976827898 ], [ -74.930998740044856, 9.254840198691156 ], [ -74.904669290324478, 9.229612942279322 ], [ -74.903027549562466, 9.16348223494407 ], [ -74.863256036984922, 9.148477618779072 ], [ -74.823764952611384, 9.057419909070147 ], [ -74.781851254614764, 9.037660867440335 ], [ -74.75049141405924, 9.042356199882004 ], [ -74.736857576007424, 9.015829403612003 ], [ -74.683827410648746, 9.011506880395121 ], [ -74.639360847700516, 8.977455863869613 ], [ -74.623359441236801, 8.930498907560914 ], [ -74.606026860716895, 8.93101121627741 ], [ -74.589536631110207, 8.871822909687463 ], [ -74.579443960120329, 8.872765656396805 ], [ -74.586010962694274, 8.841172966945171 ], [ -74.564654046868725, 8.83695639740553 ], [ -74.539659315959454, 8.805290829373494 ], [ -74.575175908988911, 8.785549392940631 ], [ -74.571473838260033, 8.773037246145776 ], [ -74.610733818266112, 8.755937903494322 ], [ -74.599925765244791, 8.744225690029475 ], [ -74.609130290968437, 8.725738044017577 ], [ -74.586707926552776, 8.630780519075424 ], [ -74.594710957321354, 8.592295992391232 ], [ -74.563750853012834, 8.57176428311868 ], [ -74.563944264040913, 8.549162071348951 ], [ -74.576549056860188, 8.54432043197694 ], [ -74.569470652868858, 8.509524371025659 ], [ -74.535406301739556, 8.480637178498773 ], [ -74.532853235565256, 8.454768654718793 ], [ -74.561064044654131, 8.390072938921531 ], [ -74.586912058083954, 8.384121139975496 ], [ -74.596775654002329, 8.403251710748602 ], [ -74.614535947024365, 8.406543810716219 ], [ -74.614013960749617, 8.347002819874817 ], [ -74.649251097552906, 8.313462779863093 ], [ -74.653487851354896, 8.278995641806805 ], [ -74.668038500834825, 8.295327871103348 ], [ -74.713157398404292, 8.304081511365071 ], [ -74.727472805873333, 8.281022453807019 ], [ -74.73475429665433, 8.298181816543657 ], [ -74.747837123841407, 8.299055247393786 ], [ -74.770882393147929, 8.279409693617501 ], [ -74.794697125804021, 8.281906146120821 ], [ -74.80131896517986, 8.302327349050614 ], [ -74.790209926891123, 8.318209945138037 ], [ -74.828023662154692, 8.359747600869216 ], [ -74.803737041408851, 8.368808710443178 ], [ -74.803802484627795, 8.379916933958974 ], [ -74.839353458905521, 8.384697805846811 ], [ -74.840308242150968, 8.393989226575204 ], [ -74.852274553279983, 8.384710584391925 ], [ -74.875446106053118, 8.404359947028059 ], [ -74.899767580561445, 8.454291221324413 ], [ -74.927451777048134, 8.453343679404307 ], [ -74.925994027572585, 8.499607674750559 ], [ -74.993905485581365, 8.509516137061238 ], [ -75.00572085806283, 8.522802908031059 ], [ -75.033487336701853, 8.498919394912857 ], [ -75.040873056393366, 8.45847482536179 ], [ -75.128046121632451, 8.468282917029132 ], [ -75.136206089104576, 8.429929830145435 ], [ -75.156535368257096, 8.433321503051717 ], [ -75.156561961105638, 8.418995283451791 ], [ -75.185139265156181, 8.396640495756239 ], [ -75.196465205436368, 8.421354457998941 ], [ -75.211397329297313, 8.425335694797704 ], [ -75.192454105020374, 8.443412805007773 ], [ -75.216293465907881, 8.485366483454978 ], [ -75.231940881968626, 8.467925244428868 ], [ -75.241400082973257, 8.487281766828843 ], [ -75.314363822879727, 8.502373040843416 ], [ -75.304311168274353, 8.517750176975474 ], [ -75.330318630997624, 8.552782319863155 ], [ -75.318344147887956, 8.590370118770045 ], [ -75.35961557958899, 8.679696862480297 ], [ -75.349110495316779, 8.700748792836666 ], [ -75.336748183138752, 8.696180490362224 ], [ -75.343172819694701, 8.715190098394343 ], [ -75.324186628963503, 8.755530959159852 ], [ -75.368845141379609, 8.791225195075489 ], [ -75.371610465251649, 8.82652406684814 ], [ -75.331632429825731, 8.865540615793426 ], [ -75.299762526343727, 8.857992821929464 ], [ -75.293182350863958, 8.89734542729706 ], [ -75.2726886008316, 8.913643314871239 ], [ -75.244646197246652, 8.882265814322471 ], [ -75.216988066297006, 8.915760891821757 ], [ -75.186344966925049, 8.914250151583735 ], [ -75.187974689117311, 8.944173647736417 ], [ -75.171749225575184, 8.928278259629209 ], [ -75.167658908959311, 8.944463015082979 ], [ -75.156108513646757, 8.943597351971288 ], [ -75.187834175426929, 8.967480018875795 ], [ -75.224136988992598, 9.073111502514669 ], [ -75.281085232348914, 9.072889437901154 ], [ -75.299126551853419, 9.082513646079898 ], [ -75.293565962338675, 9.096201572635959 ], [ -75.309974832363594, 9.088795345288711 ], [ -75.31007915829224, 9.117559544880484 ], [ -75.320996110569013, 9.11562681261667 ], [ -75.328152429998568, 9.131296432353492 ], [ -75.34647944543218, 9.123746518463744 ], [ -75.355549849882095, 9.136695541482236 ], [ -75.381688896136382, 9.138074360422371 ], [ -75.390866245106054, 9.161267824918653 ], [ -75.410520402953637, 9.144818967255858 ], [ -75.428288623614378, 9.151454756580659 ], [ -75.448856774872752, 9.140080697105986 ], [ -75.467401274406598, 9.164747778931558 ], [ -75.454416751736005, 9.176010503816205 ], [ -75.466203610769242, 9.208508820661688 ], [ -75.457335889765147, 9.23759500994551 ], [ -75.499769094684382, 9.259515878673723 ], [ -75.496468970958119, 9.284930630702734 ], [ -75.512307419306183, 9.258100527916778 ], [ -75.60936712855721, 9.280988186782073 ], [ -75.603011062258133, 9.299408642350457 ], [ -75.587665219861776, 9.302527140954426 ], [ -75.625877146268749, 9.353087254417103 ], [ -75.661009650817675, 9.361146727278102 ], [ -75.67922332033163, 9.344264897472991 ], [ -75.70440410236597, 9.372208409041901 ], [ -75.706269822951185, 9.406828568940583 ], [ -75.675166094083977, 9.403900036322787 ], [ -75.628913799302097, 9.435119288626694 ], [ -75.575949354741965, 9.555231294706505 ], [ -75.570670008203876, 9.618260209420395 ], [ -75.612568535439891, 9.694509449364629 ], [ -75.653793812563208, 9.707262167879239 ], [ -75.704097172043305, 9.699704724304734 ], [ -75.642387252913579, 9.759129137085623 ], [ -75.645343599191506, 9.773957500058152 ], [ -75.623064365260745, 9.80541884762572 ], [ -75.620949379053457, 9.876362486848576 ], [ -75.597913019245084, 9.905834595380957 ], [ -75.576007126342233, 9.970534065240869 ], [ -75.583927912687784, 9.998106981035608 ], [ -75.571590028416722, 10.017143826008823 ], [ -75.573624494069293, 10.08642805998395 ], [ -75.497477587586502, 10.145482636965912 ] ] ] } },
{ "type": "Feature", "properties": { "dpto_ccdgo": "73", "dpto_cnmbr": "TOLIMA" }, "geometry": { "type": "Polygon", "coordinates": [ [ [ -74.626569701921994, 4.222850136677317 ], [ -74.619862296150529, 4.251868866022742 ], [ -74.562530020009262, 4.272129583900861 ], [ -74.518857282740555, 4.240493217427042 ], [ -74.508080209044806, 4.198123023088384 ], [ -74.483201857668291, 4.176335548896331 ], [ -74.476458945058539, 4.111499861093233 ], [ -74.531465526889917, 4.034611224074916 ], [ -74.531114406606605, 3.967602506274623 ], [ -74.511256578962218, 3.946075541027648 ], [ -74.539460451254968, 3.846039125169864 ], [ -74.534541438129111, 3.821018767102577 ], [ -74.557602961565294, 3.767068510565799 ], [ -74.590776826416857, 3.729459228431744 ], [ -74.675381387921163, 3.671716674307194 ], [ -74.700984388356972, 3.615716060907844 ], [ -74.720219350636341, 3.614109924900542 ], [ -74.7383543932458, 3.590761642828234 ], [ -74.72862579715428, 3.55158116648435 ], [ -74.747575776767519, 3.527733624633778 ], [ -74.769236460843445, 3.530120045105212 ], [ -74.78071953455833, 3.509714926523359 ], [ -74.764505202948101, 3.440883009027424 ], [ -74.816347219632576, 3.4064298137338 ], [ -74.848493736170553, 3.340828073487053 ], [ -74.906949758915346, 3.2905438984451 ], [ -75.000627155712664, 3.276212288050847 ], [ -75.070606734782928, 3.295296198494233 ], [ -75.057895913726156, 3.314656323141327 ], [ -75.056883542136916, 3.377985855711224 ], [ -75.027653115641954, 3.391391070543989 ], [ -75.042734375230225, 3.408442885092494 ], [ -75.036960973756777, 3.429534273979129 ], [ -75.147428349345319, 3.435821367575522 ], [ -75.151598615186856, 3.418679097097378 ], [ -75.174161424122588, 3.408690381031931 ], [ -75.174898247160343, 3.377309830700427 ], [ -75.19988382333122, 3.384554627967527 ], [ -75.20044408505413, 3.409430976996843 ], [ -75.227265367276061, 3.415769863002191 ], [ -75.252353707204122, 3.365705478935964 ], [ -75.318506749372148, 3.419499282063253 ], [ -75.340289608915612, 3.397965141068031 ], [ -75.36166665959604, 3.408823844738376 ], [ -75.375352944030851, 3.37494521146001 ], [ -75.414966820116717, 3.371225067511695 ], [ -75.440607892082937, 3.345162834462749 ], [ -75.444869504983558, 3.35684122902517 ], [ -75.478804425845283, 3.361144245310152 ], [ -75.490424227746985, 3.325911893837295 ], [ -75.52747635363778, 3.318282284945272 ], [ -75.521946903348862, 3.301228062011595 ], [ -75.575924204588887, 3.228405672130116 ], [ -75.57254987007957, 3.200657080760144 ], [ -75.588505857686357, 3.155820929949735 ], [ -75.576699137784601, 3.142950578751599 ], [ -75.622142595128253, 3.075431489902487 ], [ -75.601523907306671, 3.039152921886795 ], [ -75.632918439029481, 2.995864170692073 ], [ -75.660796325022204, 2.986638591136642 ], [ -75.693214881289407, 2.993391953856158 ], [ -75.702712456556867, 2.969973676797735 ], [ -75.761499969583838, 2.942320915083707 ], [ -75.762950095949748, 2.914932280731573 ], [ -75.840133356364049, 2.871896852852192 ], [ -75.860068479608628, 2.873008061659331 ], [ -75.884368544551705, 2.897571148136522 ], [ -75.901542016240001, 2.894859547154579 ], [ -75.927406299969277, 2.921416324721059 ], [ -75.953400136137077, 2.917754834519318 ], [ -75.988587666134265, 2.982543294257004 ], [ -76.028993473351193, 2.940490261161925 ], [ -76.020799847775208, 3.003891667995011 ], [ -76.041304357836566, 3.015879171296404 ], [ -76.044898471643478, 3.043123452555542 ], [ -76.072981834844825, 3.049592588092652 ], [ -76.073181666137316, 3.07726942108224 ], [ -76.105741399052135, 3.106781589118268 ], [ -76.073723919319377, 3.122485233471875 ], [ -76.091542319911866, 3.198297429207245 ], [ -76.060406937083712, 3.202738202250752 ], [ -76.059453339615402, 3.230826337305725 ], [ -76.038584565110966, 3.251462006892298 ], [ -76.050543736424402, 3.282022614803282 ], [ -76.037830277013541, 3.300975020767452 ], [ -76.061920156673921, 3.351665845496251 ], [ -76.031447536119174, 3.382281648637224 ], [ -76.043034109312032, 3.398055527827304 ], [ -76.04129566123936, 3.438280588473844 ], [ -76.022644333966809, 3.473035724843097 ], [ -76.026280523098592, 3.491629681163674 ], [ -75.983951408749192, 3.559920515085019 ], [ -75.993731213344347, 3.638368921530276 ], [ -75.950403608184502, 3.673963279978025 ], [ -75.960298305599395, 3.705705164445812 ], [ -75.92013484337798, 3.740431935589013 ], [ -75.903258524741034, 3.796609740921026 ], [ -75.852954838273945, 3.852220759162758 ], [ -75.858375450392884, 3.881350973117094 ], [ -75.812187655598166, 3.91941157280275 ], [ -75.791467337694257, 3.971045967996674 ], [ -75.795262767710028, 4.005061920553766 ], [ -75.776492057834389, 4.003950289538096 ], [ -75.738696556588934, 4.05167108483983 ], [ -75.752469108105913, 4.071234217224792 ], [ -75.747106273875374, 4.095134912433089 ], [ -75.696441237102363, 4.131950464109081 ], [ -75.643310595997377, 4.246054307303638 ], [ -75.596690633053129, 4.280261195129861 ], [ -75.600322724067269, 4.333856858493681 ], [ -75.577538996769249, 4.452224345681159 ], [ -75.524625125603279, 4.497929645967647 ], [ -75.524318235704811, 4.543435618018583 ], [ -75.468870762177289, 4.598322770532637 ], [ -75.43232224211755, 4.601056772820644 ], [ -75.415662758996689, 4.62194360976418 ], [ -75.421514305877281, 4.658615796494821 ], [ -75.383171705933364, 4.704006130123736 ], [ -75.377944892016615, 4.729973130896849 ], [ -75.388000263129584, 4.74684932287071 ], [ -75.375499070399599, 4.802684967723203 ], [ -75.32481155686196, 4.863300878998527 ], [ -75.31872212242979, 4.888072056783858 ], [ -75.352462877678022, 4.940566934501125 ], [ -75.352724618214268, 4.966741006993681 ], [ -75.33556870501053, 4.974640814965445 ], [ -75.318008281010293, 5.015353392603463 ], [ -75.319412164763492, 5.032937608502379 ], [ -75.348792757354317, 5.057294908750356 ], [ -75.344752431125528, 5.08078494688406 ], [ -75.283851314399669, 5.140668128747762 ], [ -75.235017051922853, 5.126000107994676 ], [ -75.198411425016673, 5.162063218511047 ], [ -75.171578241904399, 5.170964781773489 ], [ -75.116163323348701, 5.160606891069792 ], [ -75.056653707089993, 5.275491998791184 ], [ -75.028096941238175, 5.288826023877556 ], [ -74.98658618378164, 5.288620084934567 ], [ -74.93933934538984, 5.313034986102716 ], [ -74.872463034874215, 5.294961577852942 ], [ -74.854133097218664, 5.315009013054752 ], [ -74.826671138720485, 5.319335664931974 ], [ -74.754465438278999, 5.281705116963285 ], [ -74.742311204832674, 5.291013571559613 ], [ -74.72842816404102, 5.273596109161446 ], [ -74.723356536908227, 5.239851580987122 ], [ -74.734563150280906, 5.204775295749581 ], [ -74.714403370781156, 5.179839850103869 ], [ -74.731887262749751, 5.143166313204292 ], [ -74.716807998321315, 5.092314671046844 ], [ -74.743206657001281, 5.007077042903908 ], [ -74.705943307374469, 4.981370212410721 ], [ -74.732685732722985, 4.976901435264209 ], [ -74.748769662087739, 4.95770082009767 ], [ -74.732325025611317, 4.931239135567983 ], [ -74.740208837270302, 4.906714746747415 ], [ -74.731665163101923, 4.893990190439431 ], [ -74.737999799174474, 4.883168532422619 ], [ -74.75492513891561, 4.885939930707424 ], [ -74.752780602603536, 4.8636697482094 ], [ -74.769507985837606, 4.842917234660698 ], [ -74.744374935823942, 4.82340395881373 ], [ -74.743776321397718, 4.788256315844698 ], [ -74.819102727605696, 4.725983841593437 ], [ -74.801426036362216, 4.701718262104032 ], [ -74.807203706633288, 4.669448788564628 ], [ -74.785840896058176, 4.652929979933242 ], [ -74.81630713677265, 4.611873898833257 ], [ -74.793776950182462, 4.592081893497789 ], [ -74.814946478188745, 4.585191704675027 ], [ -74.786293741645352, 4.505935631297317 ], [ -74.807313779089441, 4.453294472701014 ], [ -74.833122740027818, 4.443373350422994 ], [ -74.832655242008343, 4.405403534552256 ], [ -74.854376619008178, 4.366366310864263 ], [ -74.85582000710582, 4.334745323560388 ], [ -74.883481451943169, 4.316994189768866 ], [ -74.873089885168895, 4.306619974866792 ], [ -74.890628902298886, 4.288733993063887 ], [ -74.877097317760729, 4.265383334047408 ], [ -74.833651793354534, 4.275717071728848 ], [ -74.812719731589596, 4.294275644280551 ], [ -74.778796936197239, 4.283556837157501 ], [ -74.781482600101413, 4.265007688838962 ], [ -74.768668531993512, 4.265463225780893 ], [ -74.767152132364629, 4.251298535075847 ], [ -74.751216140373742, 4.258979297674165 ], [ -74.746039109333083, 4.236826129818317 ], [ -74.734095651363134, 4.247765499570479 ], [ -74.681259289596539, 4.200886652736383 ], [ -74.658728870342486, 4.215799992809241 ], [ -74.654509332766679, 4.198565357480035 ], [ -74.626569701921994, 4.222850136677317 ] ] ] } },
{ "type": "Feature", "properties": { "dpto_ccdgo": "76", "dpto_cnmbr": "VALLE DEL CAUCA" }, "geometry": { "type": "MultiPolygon", "coordinates": [ [ [ [ -77.238099754768257, 4.04048603194983 ], [ -77.228998317093783, 4.041854222015087 ], [ -77.226428499122676, 4.039938756283096 ], [ -77.232567508021646, 4.031444079862905 ], [ -77.238099754768257, 4.04048603194983 ] ] ], [ [ [ -76.462594143113904, 3.260468351529674 ], [ -76.475637518957228, 3.257302658996319 ], [ -76.462054591168055, 3.249216676830196 ], [ -76.477340176323821, 3.232577201003799 ], [ -76.465437839667061, 3.227501360769134 ], [ -76.498229262651307, 3.20205148727951 ], [ -76.487115218945803, 3.173837069656223 ], [ -76.507804326656981, 3.157282197230691 ], [ -76.500766339699169, 3.144011067739061 ], [ -76.519762241226374, 3.1497324432412 ], [ -76.517761430084363, 3.134485533284704 ], [ -76.532661008854916, 3.135689744747275 ], [ -76.513606521853205, 3.120345187841571 ], [ -76.53085831861182, 3.123562925210728 ], [ -76.555918887100745, 3.099491898509038 ], [ -76.572865471116927, 3.128768080728511 ], [ -76.57454993399125, 3.115316206464404 ], [ -76.598820720120955, 3.105098939943955 ], [ -76.592976663399156, 3.093563641730421 ], [ -76.61012673934556, 3.091238525037854 ], [ -76.629794857023739, 3.128414721841721 ], [ -76.666325843751736, 3.097978830734299 ], [ -76.699682592266186, 3.120198153275359 ], [ -76.733409280784144, 3.124887508322363 ], [ -76.749796766396685, 3.146217752246873 ], [ -76.739205403364224, 3.186136885091412 ], [ -76.772913081718968, 3.233705680834355 ], [ -76.809391520554243, 3.207540156716782 ], [ -76.863874730907582, 3.212639417846218 ], [ -76.908049598972468, 3.20137037600349 ], [ -76.915482593441823, 3.149464045285039 ], [ -76.938485968883356, 3.113962039111973 ], [ -76.971881795042066, 3.118785590891265 ], [ -76.9967542633471, 3.154809285996484 ], [ -77.098391111807246, 3.185972450144242 ], [ -77.129645201704875, 3.161248338727409 ], [ -77.15929896500478, 3.174311546692655 ], [ -77.192612219753414, 3.140314917811095 ], [ -77.217099020338367, 3.135999676343671 ], [ -77.216246001024331, 3.120399146988758 ], [ -77.234102343789743, 3.108080017759581 ], [ -77.244703354736032, 3.126311022076766 ], [ -77.252324441304438, 3.115159639867113 ], [ -77.261587210244272, 3.135143345836902 ], [ -77.288318583611044, 3.138622512026683 ], [ -77.279865513594416, 3.159373829018516 ], [ -77.317176761430346, 3.174220742216454 ], [ -77.346203899912837, 3.140151947119005 ], [ -77.365837778276727, 3.146511868091813 ], [ -77.365414145027557, 3.165954638709191 ], [ -77.383881063296656, 3.177427405145935 ], [ -77.382079534576121, 3.203387496072385 ], [ -77.403485177756465, 3.213232263287048 ], [ -77.429070367280929, 3.253708732039186 ], [ -77.455248536095326, 3.233451709833158 ], [ -77.47071315742653, 3.236963294450733 ], [ -77.462064672238853, 3.226700084456746 ], [ -77.476380085097787, 3.209756281627484 ], [ -77.504066689071351, 3.222277584059011 ], [ -77.498722009807238, 3.234021127192681 ], [ -77.548323751253633, 3.22589540173012 ], [ -77.479899972850262, 3.32310391881994 ], [ -77.427388442149322, 3.368004477989216 ], [ -77.413213993037118, 3.355615020498678 ], [ -77.364592616180914, 3.447973799897812 ], [ -77.355669043277828, 3.410341135496654 ], [ -77.332458589828605, 3.426580956822859 ], [ -77.337049413983664, 3.448745114676677 ], [ -77.370747233320344, 3.475059761945132 ], [ -77.300393933234432, 3.56999021164291 ], [ -77.236679521663802, 3.585434728661496 ], [ -77.235947594448305, 3.577383559833651 ], [ -77.19571160398965, 3.610706874822067 ], [ -77.189165707350128, 3.653163596754508 ], [ -77.165630458767964, 3.644685575112937 ], [ -77.165413927781003, 3.684760457087236 ], [ -77.177368480851896, 3.692834521294993 ], [ -77.18911573762432, 3.681389652959921 ], [ -77.196964983880264, 3.720842010929358 ], [ -77.196964983880264, 3.750506749853181 ], [ -77.165997785570255, 3.757543655238302 ], [ -77.181795645306465, 3.809402271902422 ], [ -77.134860606110124, 3.804849621685942 ], [ -77.106347046562917, 3.848804132834609 ], [ -77.062142716428184, 3.860681682257608 ], [ -77.052870722681348, 3.874846508608344 ], [ -77.073627857168219, 3.879471671790616 ], [ -77.086741048334432, 3.905189839031732 ], [ -77.09748659113859, 3.875339928434263 ], [ -77.132744001137439, 3.872541743264665 ], [ -77.181629333777209, 3.831655159122503 ], [ -77.200164198871903, 3.840005599230766 ], [ -77.249610196578431, 3.828027249769471 ], [ -77.281592600664681, 3.839440357244028 ], [ -77.305127257256572, 3.873671414262243 ], [ -77.286288284348075, 3.895259411098323 ], [ -77.309118251563916, 3.909540159738916 ], [ -77.320760954235368, 3.90254454544872 ], [ -77.31752548231168, 3.950327093687252 ], [ -77.29830003140205, 3.958347070288637 ], [ -77.290017724070537, 3.979121544968555 ], [ -77.248651734728981, 3.980646529803375 ], [ -77.223607959359356, 3.996051038522296 ], [ -77.19459992805821, 4.052762863071876 ], [ -77.228707266303047, 4.059066314104307 ], [ -77.232331630901285, 4.081427527454142 ], [ -77.261581824839823, 4.060422179273989 ], [ -77.268596143866034, 4.077049024777439 ], [ -77.285866604037892, 4.050195254958227 ], [ -77.307210778149283, 4.042318809490691 ], [ -77.324383264384949, 3.972686956868161 ], [ -77.333361483646911, 3.975880613978616 ], [ -77.359170955727166, 3.926641136427178 ], [ -77.449621594265921, 4.038513453083205 ], [ -77.428489068793965, 4.097452410507676 ], [ -77.443182239700604, 4.13382841975823 ], [ -77.435805911004536, 4.145785214127109 ], [ -77.389168474915778, 4.149235432982104 ], [ -77.352953079174995, 4.197473053733137 ], [ -77.30545259766734, 4.166482125508717 ], [ -77.286928494398296, 4.183364400878498 ], [ -77.279111964811079, 4.222661200161212 ], [ -77.253485169781072, 4.234153999044815 ], [ -77.249880286063615, 4.187718815211725 ], [ -77.223182734294255, 4.157202229276291 ], [ -77.159565315698785, 4.183728669813163 ], [ -77.104833019386604, 4.107731262878185 ], [ -77.086188699877198, 4.122609051197023 ], [ -77.067981146996885, 4.096010139016903 ], [ -77.035572887227659, 4.091298805770596 ], [ -77.00475410778887, 4.098855974460375 ], [ -76.994998318773696, 4.120390096590975 ], [ -76.954434457348157, 4.120651838923862 ], [ -76.914745254770708, 4.097745228286019 ], [ -76.913339638165951, 4.081836840647937 ], [ -76.890984502821368, 4.073358723784942 ], [ -76.867439713224996, 4.032366970195381 ], [ -76.823445773189007, 4.032658315633737 ], [ -76.81531883140633, 4.007013071888868 ], [ -76.794195432824949, 4.01137998179759 ], [ -76.767669471987972, 3.988654026998873 ], [ -76.70138915191751, 3.978717068308133 ], [ -76.682419333893677, 3.964883213012794 ], [ -76.624570128098469, 4.014874452597053 ], [ -76.592856420209273, 3.998457406998775 ], [ -76.589025492338465, 3.970700992194826 ], [ -76.559252483877799, 3.991104872897205 ], [ -76.559133510008394, 4.008843752760168 ], [ -76.537273126692469, 4.016208780640707 ], [ -76.541525500413002, 4.043732605262599 ], [ -76.524417355162541, 4.067284282246997 ], [ -76.494415321037707, 4.069537959461387 ], [ -76.444876756358951, 4.175693045445361 ], [ -76.455010056384936, 4.22946195623627 ], [ -76.487108205792822, 4.23553212628164 ], [ -76.526635430317356, 4.288619923999878 ], [ -76.527922481786561, 4.323538176588388 ], [ -76.549254973298389, 4.337135041749845 ], [ -76.562018865067785, 4.369734353568195 ], [ -76.55520527744676, 4.399195366999644 ], [ -76.48213354738067, 4.414071981219485 ], [ -76.418315261734335, 4.447818702183145 ], [ -76.382969565239023, 4.492769429606091 ], [ -76.365249261652025, 4.491627466950701 ], [ -76.403759356207445, 4.534967259562271 ], [ -76.381272516957495, 4.559631297893238 ], [ -76.34461625287679, 4.561772771845968 ], [ -76.343610930373188, 4.581747156888987 ], [ -76.319360762392307, 4.607949755406144 ], [ -76.285689879060897, 4.712403820755314 ], [ -76.312106943337369, 4.750618884080519 ], [ -76.260655386888857, 4.794951712927744 ], [ -76.230564618906101, 4.80209046399102 ], [ -76.212668947866234, 4.828868903725471 ], [ -76.138626403207354, 4.842014092907171 ], [ -76.114140516209773, 4.890401920178217 ], [ -76.130596555011209, 4.911196500966899 ], [ -76.09968353593581, 4.917179197491763 ], [ -76.088695944580365, 4.946136608685353 ], [ -76.096816788594083, 5.031767693846387 ], [ -76.077143404089156, 5.047393613204736 ], [ -76.049088645065922, 5.007150578153338 ], [ -76.02771486515411, 4.9385966948493 ], [ -75.987575460733467, 4.9114010547066 ], [ -75.987668263064506, 4.87378177701043 ], [ -75.942808888987372, 4.856706573008283 ], [ -75.914241192426459, 4.873511815984452 ], [ -75.901038880228214, 4.852920899602673 ], [ -75.910761111750901, 4.816590697281621 ], [ -75.935709761744306, 4.807727204651243 ], [ -75.917471192707467, 4.794485505788392 ], [ -75.928045519176976, 4.78696640862902 ], [ -75.923253129979514, 4.760258745415565 ], [ -75.88863635044288, 4.754680602806394 ], [ -75.870955312248213, 4.776244868828699 ], [ -75.852292979706363, 4.778725150745649 ], [ -75.844542789857428, 4.759658946110631 ], [ -75.856099310786874, 4.7278300067376 ], [ -75.831095155644448, 4.737821919011353 ], [ -75.789431172427783, 4.716125342720383 ], [ -75.713606632929782, 4.713757299997694 ], [ -75.708469953345571, 4.655063981693507 ], [ -75.825088121942315, 4.66346988383164 ], [ -75.864963087285389, 4.614764362615587 ], [ -75.859755376058388, 4.595169006737383 ], [ -75.872551562288038, 4.580252802833112 ], [ -75.864284055610881, 4.57056265825994 ], [ -75.881303785905686, 4.527616373870506 ], [ -75.870506627660745, 4.51269540529816 ], [ -75.881391131865314, 4.467422574995318 ], [ -75.865476798273164, 4.454767242918297 ], [ -75.888091196598452, 4.446693728479963 ], [ -75.895795626230381, 4.42517761489022 ], [ -75.885174452581452, 4.410939246103508 ], [ -75.81198344860843, 4.404290948626723 ], [ -75.789790887798631, 4.35262566124387 ], [ -75.797167379988196, 4.313083176128428 ], [ -75.787490887122942, 4.292973341202327 ], [ -75.823990406739824, 4.225853200776957 ], [ -75.819473134003886, 4.201624154901026 ], [ -75.842960720634039, 4.150759055071557 ], [ -75.839041349959757, 4.097565540831495 ], [ -75.752396407392041, 4.0773907091495 ], [ -75.737644696824987, 4.05511149947399 ], [ -75.776492057834389, 4.003950289538096 ], [ -75.795262767710028, 4.005061920553766 ], [ -75.791467337694257, 3.971045967996674 ], [ -75.812187655598166, 3.91941157280275 ], [ -75.858375450392884, 3.881350973117094 ], [ -75.852954838273945, 3.852220759162758 ], [ -75.903258524741034, 3.796609740921026 ], [ -75.92013484337798, 3.740431935589013 ], [ -75.960298305599395, 3.705705164445812 ], [ -75.950403608184502, 3.673963279978025 ], [ -75.993731213344347, 3.638368921530276 ], [ -75.983951408749192, 3.559920515085019 ], [ -76.026280523098592, 3.491629681163674 ], [ -76.022644333966809, 3.473035724843097 ], [ -76.04129566123936, 3.438280588473844 ], [ -76.043034109312032, 3.398055527827304 ], [ -76.031447536119174, 3.382281648637224 ], [ -76.061577514696978, 3.354054823473316 ], [ -76.0377731701671, 3.300325427806591 ], [ -76.050543736424402, 3.282022614803282 ], [ -76.038584565110966, 3.251462006892298 ], [ -76.061378580822122, 3.2133772892187 ], [ -76.108991175759854, 3.22763748977913 ], [ -76.145865753984822, 3.222627438615081 ], [ -76.156360748371753, 3.236033434982716 ], [ -76.191340964104086, 3.227090301249045 ], [ -76.229259059432366, 3.276831383183489 ], [ -76.343128414306818, 3.280555325211924 ], [ -76.460187918367865, 3.328941010897603 ], [ -76.468471716005638, 3.310691141046078 ], [ -76.478354596971883, 3.319253032164311 ], [ -76.477438449399301, 3.294030959035867 ], [ -76.489144973829298, 3.304962084942119 ], [ -76.494227448127788, 3.292583584211902 ], [ -76.475170029920946, 3.287656577870435 ], [ -76.487188967994484, 3.282453879246859 ], [ -76.462594143113904, 3.260468351529674 ] ] ] ] } },
{ "type": "Feature", "properties": { "dpto_ccdgo": "81", "dpto_cnmbr": "ARAUCA" }, "geometry": { "type": "Polygon", "coordinates": [ [ [ -70.687214317314272, 7.104380670371447 ], [ -70.642332532049579, 7.068996393900043 ], [ -70.607607512621428, 7.063670891886055 ], [ -70.556334910601549, 7.079320026424763 ], [ -70.535434824394656, 7.054576659604516 ], [ -70.538801889730905, 7.040724919735974 ], [ -70.511187687331983, 7.027548770991626 ], [ -70.502337367607083, 7.005667910563143 ], [ -70.431106652639585, 7.007284271203165 ], [ -70.416671004675663, 6.980871292468684 ], [ -70.372111702278573, 6.980913020145176 ], [ -70.360754122410526, 6.956215537509521 ], [ -70.322387551802478, 6.934567946390016 ], [ -70.265502849031805, 6.941233867928427 ], [ -70.224332765341842, 6.974719691874577 ], [ -70.117802006298177, 6.979412320385089 ], [ -69.427555171843096, 6.107296933652806 ], [ -69.45249231171357, 6.083334804409853 ], [ -69.541548567987434, 6.043653390233469 ], [ -69.682579577914566, 6.038423382803474 ], [ -69.784316874273202, 6.058551863176498 ], [ -69.868196056387262, 6.041670135779422 ], [ -69.897272023734217, 6.059661936512185 ], [ -69.899491584703696, 6.096273441098776 ], [ -69.932550158781453, 6.116654557575386 ], [ -69.946245541360781, 6.140837528823771 ], [ -69.985187000971166, 6.136569833425588 ], [ -69.990064896377078, 6.165896686955723 ], [ -70.00267603490056, 6.148883544911021 ], [ -70.057998505960086, 6.15869881861473 ], [ -70.062162561743094, 6.169108960766977 ], [ -70.040093063038796, 6.184634942470303 ], [ -70.060199507720938, 6.185051348767296 ], [ -70.066207647250053, 6.211463364507003 ], [ -70.097259611556126, 6.233949273100833 ], [ -70.114748649977116, 6.232819028079369 ], [ -70.122065493085984, 6.261729478905802 ], [ -70.149533116364864, 6.268865827872102 ], [ -70.161494806556391, 6.298341160460566 ], [ -70.175185790082196, 6.279017802090731 ], [ -70.198377975377241, 6.295743211724051 ], [ -70.271482484994181, 6.273911876354936 ], [ -70.380944113175701, 6.302418229610277 ], [ -70.430693827030211, 6.291502481975559 ], [ -70.430674584203189, 6.278045330104974 ], [ -70.47655889371714, 6.265073388350405 ], [ -70.483641323062386, 6.249614561157892 ], [ -70.530547450856659, 6.230093006430701 ], [ -70.539024024413095, 6.24504961748695 ], [ -70.572086530419995, 6.239832492806809 ], [ -70.579670395264941, 6.249620022020897 ], [ -70.630771942647016, 6.227145677448875 ], [ -70.639443420232737, 6.235478720769537 ], [ -70.725781674124732, 6.216413650707619 ], [ -70.733175208267141, 6.227864888103122 ], [ -70.769390671381643, 6.228736239351722 ], [ -70.771166566655097, 6.243520998065616 ], [ -70.797168573006957, 6.253488900149341 ], [ -70.861159710821369, 6.239347343776254 ], [ -70.867908941287567, 6.221621521834646 ], [ -70.895828312411481, 6.235699882575476 ], [ -70.985162126769751, 6.228832619675333 ], [ -71.034714733025908, 6.266203115043564 ], [ -71.035397092062851, 6.254611363059323 ], [ -71.059792250941086, 6.254616231033708 ], [ -71.092580581023356, 6.279136259428419 ], [ -71.110235188066326, 6.265067384904577 ], [ -71.121808373655824, 6.274923752972057 ], [ -71.130756493043634, 6.260208875158117 ], [ -71.158147729818097, 6.262923290564024 ], [ -71.220548259017221, 6.2983073406598 ], [ -71.233588691079035, 6.263608482889646 ], [ -71.26766768655574, 6.284980352980982 ], [ -71.272381264693877, 6.261382435180462 ], [ -71.278483005156943, 6.273970743002395 ], [ -71.297759607976218, 6.271839642802847 ], [ -71.316191862027495, 6.25358868688725 ], [ -71.332451495713656, 6.256601595631987 ], [ -71.348604308847598, 6.229170135861147 ], [ -71.372594929081515, 6.235146171372896 ], [ -71.377887292218475, 6.225152099547459 ], [ -71.380669856571217, 6.24130466654228 ], [ -71.414276812142816, 6.243408784024171 ], [ -71.42086363695762, 6.225106762437221 ], [ -71.448706577559619, 6.245797257147612 ], [ -71.439661157972637, 6.214917761429691 ], [ -71.456342038980665, 6.222890986073198 ], [ -71.487169553644208, 6.201425766576405 ], [ -71.496610201728515, 6.21659622355313 ], [ -71.509791492434033, 6.197752106887788 ], [ -71.535156001649966, 6.225636467941369 ], [ -71.533117118079304, 6.212221316835329 ], [ -71.551439094858438, 6.212128663624755 ], [ -71.55329994926592, 6.197159800436602 ], [ -71.574028624203606, 6.209792058368826 ], [ -71.575158616798319, 6.191105988725607 ], [ -71.592605485571312, 6.211425088160553 ], [ -71.612279110824886, 6.210089735138371 ], [ -71.614005376834314, 6.226829021957244 ], [ -71.637588172384028, 6.228698634945637 ], [ -71.649322470948164, 6.201448990739959 ], [ -71.671487252233987, 6.190366600995694 ], [ -71.824076587807383, 6.18724449565299 ], [ -71.879392564940474, 6.159145501754163 ], [ -71.954713979206474, 6.168989003241592 ], [ -72.010410741712235, 6.129982941237279 ], [ -72.077444228781758, 6.112930117879912 ], [ -72.11187654541601, 6.075743199674569 ], [ -72.137661717150138, 6.066610131395726 ], [ -72.262667242151451, 6.123247365174587 ], [ -72.289037504164355, 6.163203914677167 ], [ -72.286616336829979, 6.199894598632569 ], [ -72.343878796750005, 6.226032078222891 ], [ -72.366623894663462, 6.306891565710452 ], [ -72.345899157044755, 6.341574379556896 ], [ -72.317092213780199, 6.334699436054939 ], [ -72.315652819595527, 6.357516559147866 ], [ -72.282716030217841, 6.379385894182085 ], [ -72.286661305630616, 6.403408288750467 ], [ -72.279507600300633, 6.421038866738161 ], [ -72.268813213897715, 6.419170179913569 ], [ -72.267872166802192, 6.441579419931778 ], [ -72.235082614111889, 6.421961236945679 ], [ -72.213754438110129, 6.465485814955099 ], [ -72.174746442030198, 6.463005667785525 ], [ -72.177884010086359, 6.496758420941151 ], [ -72.130895136608729, 6.520588905567511 ], [ -72.112816313309509, 6.612115458973156 ], [ -72.091427148837909, 6.645960285925511 ], [ -72.100122388678415, 6.747193736599436 ], [ -72.050603565392066, 6.768895849211924 ], [ -71.992936535386718, 6.929419843819684 ], [ -71.94885388215414, 7.011323087362586 ], [ -71.834959306159703, 7.025661570772553 ], [ -71.821944038623997, 7.03714602160552 ], [ -71.825784874920316, 7.055603910001639 ], [ -71.811943795367313, 7.062394653446574 ], [ -71.746216113910123, 7.065732712159056 ], [ -71.717698645790051, 7.053872651151935 ], [ -71.705010329345725, 7.032519572933033 ], [ -71.661669733638234, 7.033552148547431 ], [ -71.640384266274054, 7.053519198840259 ], [ -71.616709908069367, 7.042579068214436 ], [ -71.587724408330132, 7.055196883920365 ], [ -71.58699647682414, 7.016382702213664 ], [ -71.540306190110186, 7.034747986806543 ], [ -71.512043222997761, 7.021627877709244 ], [ -71.498461675920282, 7.036281679916709 ], [ -71.478175218593208, 7.015116050602537 ], [ -71.465226427339815, 7.042229586459508 ], [ -71.454972867055972, 7.009776680386131 ], [ -71.449311890728211, 7.02747554745785 ], [ -71.436898890171562, 7.024245881350536 ], [ -71.424361413560064, 7.038929816669865 ], [ -71.391744855870058, 7.035942755171387 ], [ -71.369845609607296, 7.015351974435279 ], [ -71.264476416270838, 7.032062785535238 ], [ -71.24094873869592, 7.011829260580753 ], [ -71.227920095234992, 7.02741012579848 ], [ -71.19147212099017, 7.018955656205804 ], [ -71.129984997703218, 7.032706384931753 ], [ -71.123193852710813, 7.013056967498344 ], [ -71.103116297871225, 7.006872407690216 ], [ -71.115060971262722, 7.006652321168553 ], [ -71.111670991681933, 6.989927640967821 ], [ -71.023823061157998, 6.973901640409212 ], [ -70.995441742709204, 6.983075541641801 ], [ -70.969777854414872, 7.016364241819869 ], [ -70.940193088970318, 7.012304432015481 ], [ -70.921563611437875, 7.023691924907654 ], [ -70.918955747089228, 7.052554058909696 ], [ -70.907682690671948, 7.041283410877999 ], [ -70.886321534794888, 7.064378180090269 ], [ -70.849133708390809, 7.057018020184159 ], [ -70.853304844700574, 7.077654451542702 ], [ -70.77743170630697, 7.076685164985459 ], [ -70.760489942654431, 7.09765773361483 ], [ -70.735962459134498, 7.08870144314501 ], [ -70.687214317314272, 7.104380670371447 ] ] ] } },
{ "type": "Feature", "properties": { "dpto_ccdgo": "85", "dpto_cnmbr": "CASANARE" }, "geometry": { "type": "Polygon", "coordinates": [ [ [ -72.338853283770788, 6.34470535307514 ], [ -72.366623894663462, 6.306891565710452 ], [ -72.343878796750005, 6.226032078222891 ], [ -72.286616336829979, 6.199894598632569 ], [ -72.289037504164355, 6.163203914677167 ], [ -72.262667242151451, 6.123247365174587 ], [ -72.139678759065532, 6.066683699882822 ], [ -72.11187654541601, 6.075743199674569 ], [ -72.077444228781758, 6.112930117879912 ], [ -72.010410741712235, 6.129982941237279 ], [ -71.954713979206474, 6.168989003241592 ], [ -71.879392564940474, 6.159145501754163 ], [ -71.824076587807383, 6.18724449565299 ], [ -71.671487252233987, 6.190366600995694 ], [ -71.649322470948164, 6.201448990739959 ], [ -71.637588172384028, 6.228698634945637 ], [ -71.614005376834314, 6.226829021957244 ], [ -71.612279110824886, 6.210089735138371 ], [ -71.592605485571312, 6.211425088160553 ], [ -71.575158616798319, 6.191105988725607 ], [ -71.574028624203606, 6.209792058368826 ], [ -71.55329994926592, 6.197159800436602 ], [ -71.551439094858438, 6.212128663624755 ], [ -71.533117118079304, 6.212221316835329 ], [ -71.535156001649966, 6.225636467941369 ], [ -71.509791492434033, 6.197752106887788 ], [ -71.496610201728515, 6.21659622355313 ], [ -71.487169553644208, 6.201425766576405 ], [ -71.456342038980665, 6.222890986073198 ], [ -71.439661157972637, 6.214917761429691 ], [ -71.448706577559619, 6.245797257147612 ], [ -71.42086363695762, 6.225106762437221 ], [ -71.414276812142816, 6.243408784024171 ], [ -71.380669856571217, 6.24130466654228 ], [ -71.377887292218475, 6.225152099547459 ], [ -71.372594929081515, 6.235146171372896 ], [ -71.348604308847598, 6.229170135861147 ], [ -71.332451495713656, 6.256601595631987 ], [ -71.316191862027495, 6.25358868688725 ], [ -71.297759607976218, 6.271839642802847 ], [ -71.278483005156943, 6.273970743002395 ], [ -71.272381264693877, 6.261382435180462 ], [ -71.26766768655574, 6.284980352980982 ], [ -71.233588691079035, 6.263608482889646 ], [ -71.220548259017221, 6.2983073406598 ], [ -71.158147729818097, 6.262923290564024 ], [ -71.130756493043634, 6.260208875158117 ], [ -71.121808373655824, 6.274923752972057 ], [ -71.110235188066326, 6.265067384904577 ], [ -71.092580581023356, 6.279136259428419 ], [ -71.059792250941086, 6.254616231033708 ], [ -71.035397092062851, 6.254611363059323 ], [ -71.034714733025908, 6.266203115043564 ], [ -70.985162126769751, 6.228832619675333 ], [ -70.895828312411481, 6.235699882575476 ], [ -70.867908941287567, 6.221621521834646 ], [ -70.861159710821369, 6.239347343776254 ], [ -70.797168573006957, 6.253488900149341 ], [ -70.771166566655097, 6.243520998065616 ], [ -70.769390671381643, 6.228736239351722 ], [ -70.733175208267141, 6.227864888103122 ], [ -70.725781674124732, 6.216413650707619 ], [ -70.639443420232737, 6.235478720769537 ], [ -70.630771942647016, 6.227145677448875 ], [ -70.579670395264941, 6.249620022020897 ], [ -70.572086530419995, 6.239832492806809 ], [ -70.539024024413095, 6.24504961748695 ], [ -70.530547450856659, 6.230093006430701 ], [ -70.483641323062386, 6.249614561157892 ], [ -70.47655889371714, 6.265073388350405 ], [ -70.430674584203189, 6.278045330104974 ], [ -70.430693827030211, 6.291502481975559 ], [ -70.367105919911978, 6.302728516939781 ], [ -70.328475978324036, 6.292955645547885 ], [ -70.322906980571588, 6.279251579846573 ], [ -70.309475754100276, 6.287874288754671 ], [ -70.271482484994181, 6.273911876354936 ], [ -70.198377975377241, 6.295743211724051 ], [ -70.175185790082196, 6.279017802090731 ], [ -70.154563482047138, 6.297162744141923 ], [ -70.154064683104991, 6.274973998480869 ], [ -70.123433679557991, 6.263335615811399 ], [ -70.114748649977116, 6.232819028079369 ], [ -70.097259611556126, 6.233949273100833 ], [ -70.066207647250053, 6.211463364507003 ], [ -70.060199507720938, 6.185051348767296 ], [ -70.040093063038796, 6.184634942470303 ], [ -70.062162561743094, 6.169108960766977 ], [ -70.057998505960086, 6.15869881861473 ], [ -70.00267603490056, 6.148883544911021 ], [ -69.985484433398767, 6.164469013099911 ], [ -69.985187000971166, 6.136569833425588 ], [ -69.948122082162229, 6.141929801129595 ], [ -69.900291302437836, 6.09747301904742 ], [ -69.904089960103022, 6.072881692210101 ], [ -69.891845212336534, 6.054007517891463 ], [ -69.835909921779944, 6.04126087917956 ], [ -69.854348470331445, 5.984467761523556 ], [ -69.882794310326972, 5.969788245918921 ], [ -69.924331779209751, 5.91069962096396 ], [ -69.932528100632112, 5.876453497389807 ], [ -69.966343544567508, 5.861554878919542 ], [ -69.978815410873324, 5.807338303129816 ], [ -70.043777984915209, 5.746221489954539 ], [ -70.051787526678197, 5.711249076996082 ], [ -70.114948696865497, 5.631451076525009 ], [ -70.153144997065681, 5.600903582231023 ], [ -70.194668963360641, 5.603156700692859 ], [ -70.263827414233219, 5.563574959168218 ], [ -70.360522927313184, 5.58702491174711 ], [ -70.420571142404413, 5.534468389789311 ], [ -70.445517684948527, 5.530778274748226 ], [ -70.570571346212716, 5.435401494949213 ], [ -70.603217839385138, 5.42374005969458 ], [ -70.652424056788277, 5.373181377249343 ], [ -70.680031237051026, 5.361006077394896 ], [ -70.674108802258274, 5.31547139157133 ], [ -70.695392517007917, 5.281800577411325 ], [ -70.824109290832723, 5.18604900849906 ], [ -70.862037915322787, 5.144214697383656 ], [ -70.914570823249619, 5.140522911474791 ], [ -70.949873111319107, 5.117714030431132 ], [ -70.97445859730658, 5.08008849326911 ], [ -70.967745857334648, 5.058279099268336 ], [ -70.986787885591809, 5.04367065393403 ], [ -71.001893567697209, 4.980725215234535 ], [ -71.05733578068623, 4.905705723181981 ], [ -71.211748269242889, 4.817327841916453 ], [ -71.28827874857285, 4.803051074612331 ], [ -71.322775223834185, 4.766715396156948 ], [ -71.390168336442912, 4.756689490707456 ], [ -71.429298040866058, 4.723292071835488 ], [ -71.508837072108236, 4.698141653781104 ], [ -71.523349120051364, 4.682230033103767 ], [ -71.576759188636345, 4.675033444863159 ], [ -71.597926451987973, 4.645268782657393 ], [ -71.732387149944998, 4.575305904182176 ], [ -71.806749939766348, 4.583547650749383 ], [ -71.823774128403443, 4.551812569228688 ], [ -71.898611326090872, 4.489414861642159 ], [ -71.904991091762611, 4.467750694795787 ], [ -71.990295799858984, 4.383538348839674 ], [ -72.060639257096454, 4.375000940425684 ], [ -72.070840451845697, 4.408092704583656 ], [ -72.143109611126022, 4.440299599633882 ], [ -72.19872411483567, 4.42847893966484 ], [ -72.243397907606948, 4.434563174643774 ], [ -72.255663999361559, 4.418380921000089 ], [ -72.302857863160511, 4.408411275285027 ], [ -72.320502713593385, 4.370916437711112 ], [ -72.342192942384202, 4.371529784519655 ], [ -72.356216943329343, 4.341740619846724 ], [ -72.405035849992487, 4.317859740591037 ], [ -72.417139080649576, 4.321330451830667 ], [ -72.415564805215809, 4.343963825284066 ], [ -72.427948128106777, 4.353705208903579 ], [ -72.466818265918334, 4.317375378485369 ], [ -72.547837455128672, 4.354675083857796 ], [ -72.573468786654473, 4.325484145538489 ], [ -72.573445790663186, 4.30214050686154 ], [ -72.606102266821324, 4.315387910030993 ], [ -72.641970500259049, 4.302831954161486 ], [ -72.675865933844364, 4.317383418413529 ], [ -72.693597741266046, 4.287475985947638 ], [ -72.769467469652113, 4.333179631536013 ], [ -72.762972415003219, 4.347836045148092 ], [ -72.779688724695916, 4.352769038765658 ], [ -72.768916553110557, 4.366389540417715 ], [ -72.800584693920598, 4.378346511754876 ], [ -72.788272631742984, 4.397520175644765 ], [ -72.805065646842309, 4.395973668955238 ], [ -72.825030549262294, 4.417614491263693 ], [ -72.813472023291581, 4.42980594104319 ], [ -72.840149691734609, 4.431045671022069 ], [ -72.852376262076859, 4.450373177815173 ], [ -72.870174304133798, 4.450712957757343 ], [ -72.923448756647247, 4.520400976689429 ], [ -72.937926985687909, 4.52274079342509 ], [ -72.967975619056972, 4.599190899521723 ], [ -73.016859365270648, 4.635607114701439 ], [ -73.050372749552764, 4.692695215975593 ], [ -73.045723731588907, 4.757980131847328 ], [ -73.077719153172268, 4.810741989079767 ], [ -73.041483652221075, 4.878326794235898 ], [ -73.048919419791957, 4.923633777614697 ], [ -73.019844583424799, 5.001595162938934 ], [ -72.975283644295928, 4.974758154797947 ], [ -72.90382123386911, 5.067931974507248 ], [ -72.908440178009869, 5.102479662762629 ], [ -72.928591672341156, 5.099673011863096 ], [ -72.973890668793899, 5.150364405225896 ], [ -72.89620702211306, 5.262083710819421 ], [ -72.900678188780319, 5.295342090137478 ], [ -72.882710314693611, 5.363227945239739 ], [ -72.859545022284692, 5.340390428576969 ], [ -72.841764276403978, 5.363594531829642 ], [ -72.798322194344678, 5.380142862718052 ], [ -72.756889950604887, 5.33137454292538 ], [ -72.725581844966143, 5.318019246614444 ], [ -72.720258238398742, 5.288556389838623 ], [ -72.700566652215059, 5.273278446657568 ], [ -72.654781576974699, 5.304399831924797 ], [ -72.620314040963308, 5.351217524100566 ], [ -72.57975046071067, 5.350334191113167 ], [ -72.567237634788512, 5.373372618844241 ], [ -72.583978119961444, 5.381988633501513 ], [ -72.503433915336075, 5.443027438711968 ], [ -72.489857016145606, 5.481831436210139 ], [ -72.442394680728626, 5.519263597378465 ], [ -72.420904496131186, 5.563237949632629 ], [ -72.396501960281967, 5.570242258723373 ], [ -72.330391669870721, 5.497636197707713 ], [ -72.295291917024826, 5.514952801677005 ], [ -72.289044116668435, 5.600283359711769 ], [ -72.26268896882226, 5.633537192652605 ], [ -72.272138093416288, 5.662216045037798 ], [ -72.221425900443137, 5.676040322487919 ], [ -72.249669736119699, 5.685253601402398 ], [ -72.280384799586443, 5.749550322063419 ], [ -72.300467472132311, 5.758265914150952 ], [ -72.307595745238018, 5.792798588850981 ], [ -72.391927972365409, 5.818948801172339 ], [ -72.401400180985718, 5.836672447392519 ], [ -72.463067599887154, 5.848494087424307 ], [ -72.450894072409767, 5.878371555661801 ], [ -72.415549558098348, 5.904011359204949 ], [ -72.33603489457596, 5.889573604690496 ], [ -72.327662734983164, 5.901714704756511 ], [ -72.339782518909203, 5.998492617665033 ], [ -72.365505679889793, 6.036703418480869 ], [ -72.321539317256736, 6.067838682730318 ], [ -72.321204092675032, 6.088204322120612 ], [ -72.36663860728288, 6.07683482878615 ], [ -72.375379157284158, 6.092501593674737 ], [ -72.364081479821948, 6.099325887425609 ], [ -72.389178307039515, 6.123736822528606 ], [ -72.373912130899271, 6.147698649937385 ], [ -72.393104683680349, 6.161569469139392 ], [ -72.392528840666444, 6.188325490499755 ], [ -72.418946396321758, 6.186686889352214 ], [ -72.387243167288773, 6.261007194214207 ], [ -72.396147140733376, 6.2741570474526 ], [ -72.355387962951511, 6.341915728857066 ], [ -72.338853283770788, 6.34470535307514 ] ] ] } },
{ "type": "Feature", "properties": { "dpto_ccdgo": "86", "dpto_cnmbr": "PUTUMAYO" }, "geometry": { "type": "Polygon", "coordinates": [ [ [ -76.670502397805308, 1.467315268046663 ], [ -76.574019046303249, 1.385757942639218 ], [ -76.584305801159928, 1.343548439964917 ], [ -76.570968780189276, 1.328000153973605 ], [ -76.5860164867766, 1.300631595187418 ], [ -76.565709613421802, 1.238546234769082 ], [ -76.537234268237228, 1.209197100307259 ], [ -76.546492430612659, 1.132879018814828 ], [ -76.567935005360368, 1.103769505654429 ], [ -76.568119723384484, 1.082572856590503 ], [ -76.544969985317096, 1.03767064631643 ], [ -76.493455717428617, 1.028179559585713 ], [ -76.444899093884601, 0.969267905577721 ], [ -76.412306513146973, 0.960691070074505 ], [ -76.40171466502386, 0.97993615098469 ], [ -76.369679109376534, 0.983902897048109 ], [ -76.33513439724095, 0.980594311185209 ], [ -76.330224139102825, 0.958373483964927 ], [ -76.297988937216076, 0.960577522033801 ], [ -76.276015340931281, 0.983689654796048 ], [ -76.266687601286719, 0.969420652535389 ], [ -76.249862353710967, 0.98142271035259 ], [ -76.235696197852121, 0.964531990812388 ], [ -76.236417363241969, 0.982041228766397 ], [ -76.204988997345367, 0.979764606764699 ], [ -76.190593804144157, 0.993433482733321 ], [ -76.192697042174757, 1.00631769674398 ], [ -76.208815996880332, 1.005360401807071 ], [ -76.203288704346448, 1.017774102151438 ], [ -76.18308030708647, 1.013219192670206 ], [ -76.183701406362161, 1.026127637856677 ], [ -76.166858947950175, 1.030105041541078 ], [ -76.126140189896716, 1.006631632134831 ], [ -76.103975655647787, 1.02522643287246 ], [ -76.080442575600443, 1.021186754329654 ], [ -76.074762751704725, 1.033209936945903 ], [ -76.0895908047587, 1.057800923321418 ], [ -76.048184771184822, 1.046189014024441 ], [ -76.006066922792343, 1.055028692297702 ], [ -75.992852581244506, 1.027615955229002 ], [ -75.994205762246054, 1.07258651657087 ], [ -75.947624426889831, 1.030694977336405 ], [ -75.924283421176369, 1.03360236269722 ], [ -75.931999872971289, 0.993886122606139 ], [ -75.946928005614211, 0.98291444581735 ], [ -75.909179674941981, 0.973059217712861 ], [ -75.89491347542679, 0.935325181944359 ], [ -75.867501853167312, 0.922077528144716 ], [ -75.856596852086625, 0.885003548023554 ], [ -75.828524755564558, 0.87384175073817 ], [ -75.800177869568017, 0.89573367482651 ], [ -75.762279796805103, 0.837762036647177 ], [ -75.730953643997907, 0.858704556606307 ], [ -75.681927120337491, 0.856908230932157 ], [ -75.636356939352368, 0.876738391341317 ], [ -75.619221264309772, 0.867703219743566 ], [ -75.607771519915048, 0.838261016150833 ], [ -75.537930072201164, 0.826800898003363 ], [ -75.538392439937923, 0.788592483114854 ], [ -75.505017873325642, 0.766945251321779 ], [ -75.483069278971755, 0.78296631024408 ], [ -75.468749529941476, 0.758837271193486 ], [ -75.409048399898154, 0.737784127212193 ], [ -75.382944323289109, 0.754582651683069 ], [ -75.359828335852114, 0.750396291612203 ], [ -75.339806614945189, 0.769234913278505 ], [ -75.297504447380845, 0.729489438391505 ], [ -75.265601467903764, 0.725637646233398 ], [ -75.257093558390295, 0.703394749185573 ], [ -75.276166843552687, 0.667416861908108 ], [ -75.22033716980485, 0.633274013232924 ], [ -75.207096609107907, 0.595255410718589 ], [ -75.235307058870376, 0.565027046776846 ], [ -75.198298501305601, 0.503359570385209 ], [ -75.216863317154093, 0.48661088089282 ], [ -75.153724008384984, 0.481267639832751 ], [ -75.106989101416957, 0.512868185057727 ], [ -75.093953371141083, 0.501204636963863 ], [ -75.104909695709864, 0.473196136723938 ], [ -75.035045206190546, 0.484423805724926 ], [ -75.018310019285366, 0.472377205807215 ], [ -74.982871498899499, 0.408826601262934 ], [ -75.016567790200668, 0.383430500070776 ], [ -75.007136127073011, 0.342273349437642 ], [ -74.979885948368405, 0.314620240973654 ], [ -75.010577311564077, 0.291450435425871 ], [ -75.003888042792653, 0.273203018875361 ], [ -74.95938186590547, 0.24248804074968 ], [ -74.892979197890725, 0.249197365323959 ], [ -74.840865631059273, 0.21304069699286 ], [ -74.736544195775878, 0.209605946241046 ], [ -74.680561564864433, 0.165404296682708 ], [ -74.675290888872325, 0.099734721001489 ], [ -74.690693698876203, 0.087823329319863 ], [ -74.713509434071625, 0.095274861437909 ], [ -74.698836082710955, 0.079230752625392 ], [ -74.656164948019295, 0.073307407838658 ], [ -74.674550174329681, 0.045878625049534 ], [ -74.704573433864994, 0.041480283063941 ], [ -74.656370589619712, -0.011572679756411 ], [ -74.661189090168364, -0.03769106294522 ], [ -74.681492964944368, -0.049662711867496 ], [ -74.677344409603904, -0.060500077837897 ], [ -74.6485688301442, -0.038947058731957 ], [ -74.631364896560342, -0.044054764031753 ], [ -74.615997740718512, -0.062173781581455 ], [ -74.631768068865938, -0.088456817109867 ], [ -74.532318719578939, -0.125680550101554 ], [ -74.524018429757689, -0.116185169420334 ], [ -74.534657401741526, -0.095142940876817 ], [ -74.518962524053222, -0.08861021355003 ], [ -74.497156422379874, -0.13737966162758 ], [ -74.474821260193266, -0.130315316281916 ], [ -74.454371894157873, -0.070759151985045 ], [ -74.423359489891823, -0.097954902620595 ], [ -74.44627419076437, -0.139595902420982 ], [ -74.401854460622474, -0.114287658330268 ], [ -74.341865997918319, -0.10965434562521 ], [ -74.303081201025066, -0.147485688779417 ], [ -74.266785991704296, -0.142548216158293 ], [ -74.289423933993646, -0.200358145779421 ], [ -74.240452025251102, -0.234695411596635 ], [ -74.225586746880367, -0.23598700764643 ], [ -74.217587922925588, -0.210082579972614 ], [ -74.200307984621588, -0.209778861129694 ], [ -74.188310472282922, -0.258549348558804 ], [ -74.168464919228427, -0.266525973328348 ], [ -74.143035202152362, -0.237962737805611 ], [ -74.111568960558259, -0.235076117019086 ], [ -74.08176282400018, -0.279820411425232 ], [ -74.04466858325867, -0.274762655189967 ], [ -74.038400148583719, -0.306059983730643 ], [ -74.007231319654238, -0.340583141670967 ], [ -73.881921019390347, -0.3697413947626 ], [ -73.841317932996617, -0.39797757858259 ], [ -74.389132736704425, -0.553683590071775 ], [ -74.396650837631626, -0.542119069638742 ], [ -74.421698634761981, -0.56124012365208 ], [ -74.426807388396696, -0.499776149970503 ], [ -74.457290486010947, -0.505770707859803 ], [ -74.470925144225248, -0.480010547040624 ], [ -74.491488173285802, -0.490571368227074 ], [ -74.506345379388961, -0.464491595558257 ], [ -74.530476004866443, -0.469749963722647 ], [ -74.549634851932865, -0.423178773948876 ], [ -74.573714501570635, -0.412864177584735 ], [ -74.580888462129792, -0.389539161896833 ], [ -74.61546895059837, -0.379606126152045 ], [ -74.609927182600472, -0.353210208235059 ], [ -74.656229738162494, -0.376783928995756 ], [ -74.689286391640735, -0.363339976082172 ], [ -74.683754152978906, -0.331437348746003 ], [ -74.702175178080211, -0.352441939645734 ], [ -74.72657255040906, -0.34892639165796 ], [ -74.737756017771687, -0.329176867686219 ], [ -74.731628905271521, -0.302877867285834 ], [ -74.7873152535999, -0.201022587903788 ], [ -74.80951461106855, -0.192928929627447 ], [ -74.85433787643575, -0.243272719614076 ], [ -74.885376268085338, -0.245567763381956 ], [ -74.912372250311421, -0.212931581980025 ], [ -74.928296073713796, -0.228817235935038 ], [ -74.974826308364356, -0.186753872205979 ], [ -74.974911459737996, -0.157400747424485 ], [ -75.017981725211598, -0.147658304690441 ], [ -75.069031481981312, -0.094944531618516 ], [ -75.146074099347743, -0.067955988348194 ], [ -75.170230354679006, -0.044996427371981 ], [ -75.202216028635462, -0.0448523976728 ], [ -75.225837812896259, -0.091071879664535 ], [ -75.275930200168773, -0.127389102217712 ], [ -75.358602156071697, -0.092127769274075 ], [ -75.398332286824427, -0.100929516154251 ], [ -75.444428678864483, -0.080307439885381 ], [ -75.459302552322697, -0.060356693129565 ], [ -75.503687521228585, -0.051504883098749 ], [ -75.530045173579765, -0.026706634560782 ], [ -75.576727663809208, -0.028156206665737 ], [ -75.587582906268381, -0.011248947331328 ], [ -75.581266329042364, 0.013776016402121 ], [ -75.608443789066712, 0.011618263166799 ], [ -75.635343265204881, 0.046688562026469 ], [ -75.64935485591451, 0.026717693890613 ], [ -75.674562911720898, 0.038671027946329 ], [ -75.753358430166088, 0.033445931609979 ], [ -75.787934433342912, 0.054248723006851 ], [ -75.807029039137205, 0.046848086778416 ], [ -75.854126570223286, 0.131013105854377 ], [ -75.876898054372532, 0.116433212595861 ], [ -75.883250453745688, 0.139025636314407 ], [ -75.905960970086369, 0.136010478186398 ], [ -75.900404161583651, 0.161266151926522 ], [ -75.934512510434047, 0.196248481395296 ], [ -75.954684323774927, 0.200068584558202 ], [ -75.965916661324513, 0.236446790191328 ], [ -76.004808259007063, 0.247162322952567 ], [ -76.00581954722719, 0.256788679004839 ], [ -75.984567562795291, 0.258643133809071 ], [ -75.999580541384432, 0.265234629866888 ], [ -76.010527122817848, 0.298834714218323 ], [ -76.045507934133695, 0.303233116391034 ], [ -76.055029267164457, 0.328939988206805 ], [ -76.074710087929191, 0.335136207258275 ], [ -76.11346739814951, 0.313439657018487 ], [ -76.133224899167999, 0.370150821305759 ], [ -76.159581792442168, 0.38855259729124 ], [ -76.178691411791817, 0.370495002097988 ], [ -76.208707692310099, 0.385067167143949 ], [ -76.225778243035961, 0.372866371284809 ], [ -76.23275378086214, 0.400328759177153 ], [ -76.25714111540799, 0.399809706802506 ], [ -76.26115428374743, 0.425051101809766 ], [ -76.277925467971329, 0.435932634384646 ], [ -76.296607347869383, 0.420690219601396 ], [ -76.313022516886065, 0.433107023627582 ], [ -76.345232570416385, 0.379759653009537 ], [ -76.367756069942288, 0.393703149569296 ], [ -76.41235272881022, 0.381283096334118 ], [ -76.412259727053026, 0.241623752959802 ], [ -76.423506231944316, 0.234770281905231 ], [ -76.433271540414125, 0.258983678218139 ], [ -76.448062269336674, 0.239510168125607 ], [ -76.503399013739113, 0.236197957557634 ], [ -76.535391643356377, 0.258919446827508 ], [ -76.588716968403162, 0.219180052641538 ], [ -76.629272611135661, 0.263140807086378 ], [ -76.653087335706914, 0.251140022182954 ], [ -76.658969364246047, 0.272954920165869 ], [ -76.702085197697045, 0.278208769800733 ], [ -76.712685696603216, 0.268964563663018 ], [ -76.732708860205719, 0.288595117358717 ], [ -76.766509103736041, 0.263539392590536 ], [ -76.753565523613815, 0.259233685849187 ], [ -76.758621191264524, 0.246978344242492 ], [ -76.797989373432813, 0.264895686256937 ], [ -76.844210403224622, 0.23912612276423 ], [ -76.877439577392295, 0.251368449568649 ], [ -76.90610018498046, 0.245336516343893 ], [ -76.935260479047031, 0.26200464126413 ], [ -76.934296797083277, 0.27656694190213 ], [ -76.984681885353041, 0.268381596104936 ], [ -77.005328034694742, 0.295096453931178 ], [ -77.027464591790192, 0.277375959003514 ], [ -77.047305799690207, 0.289332965374976 ], [ -77.078788772419841, 0.286232866079269 ], [ -77.089020455115758, 0.301699363093747 ], [ -77.082084323717652, 0.316773246608885 ], [ -77.112137737026103, 0.366675676876709 ], [ -77.112092722411319, 0.383081827698546 ], [ -77.099682919859674, 0.379268587669856 ], [ -77.08802355791795, 0.394631366017281 ], [ -77.099152115715071, 0.410616461756876 ], [ -77.089079065743192, 0.424384400420749 ], [ -77.107618968594068, 0.442476887105687 ], [ -77.102071534917116, 0.470375439755406 ], [ -77.130230849837915, 0.524501761736568 ], [ -77.117359458389444, 0.591361340216218 ], [ -77.186805732403343, 0.630954061857321 ], [ -77.1391541846873, 0.821510241667026 ], [ -77.102072181704671, 0.833648759074518 ], [ -77.121209005655999, 0.893162328819972 ], [ -77.072750000315125, 0.942312987173546 ], [ -77.073776055053713, 0.969696414886101 ], [ -77.028066889311958, 0.994931269254601 ], [ -77.036799676066323, 1.047059033070448 ], [ -77.058129165406115, 1.034295601239252 ], [ -77.068122898566742, 1.059708242225624 ], [ -77.093180527765696, 1.075493112311971 ], [ -77.097304135074182, 1.164261285828255 ], [ -77.088433501729583, 1.183373114136298 ], [ -77.040027653339678, 1.201657844936787 ], [ -77.020957897660878, 1.196220274408587 ], [ -76.981109791966219, 1.222788886389979 ], [ -76.971285660866386, 1.252135689721845 ], [ -76.983454038298134, 1.267969854000317 ], [ -76.97941270775209, 1.286688015084323 ], [ -76.971899375086196, 1.292925641113535 ], [ -76.962255048222005, 1.273498342192643 ], [ -76.936069529386089, 1.274616353048529 ], [ -76.90415224602333, 1.320942952036768 ], [ -76.921252983760041, 1.344834773679627 ], [ -76.886806364138408, 1.371843589247153 ], [ -76.751048205026393, 1.420119296799916 ], [ -76.670502397805308, 1.467315268046663 ] ] ] } },
{ "type": "Feature", "properties": { "dpto_ccdgo": "88", "dpto_cnmbr": "ARCHIPIÉLAGO DE SAN ANDRÉS, PROVIDENCIA Y SANTA CATALINA" }, "geometry": { "type": "MultiPolygon", "coordinates": [ [ [ [ -81.688120990406333, 12.5505692497785 ], [ -81.689217736325929, 12.550283885328058 ], [ -81.68922506029628, 12.551035624004605 ], [ -81.688120990406333, 12.5505692497785 ] ] ], [ [ [ -81.688829197587893, 12.553079221039274 ], [ -81.688743827923474, 12.55258924895014 ], [ -81.688962398087767, 12.553075419365985 ], [ -81.688829197587893, 12.553079221039274 ] ] ], [ [ [ -81.704196391158973, 12.594808006974279 ], [ -81.687060663115744, 12.580910839265583 ], [ -81.707570360053694, 12.572062258680758 ], [ -81.703534114874515, 12.543792190381208 ], [ -81.730081364004036, 12.480296347180118 ], [ -81.732518509685121, 12.55489102200322 ], [ -81.704196391158973, 12.594808006974279 ] ] ], [ [ [ -81.68901017861748, 12.599636714189181 ], [ -81.690705909069436, 12.59928538639482 ], [ -81.689837199768135, 12.601052895888392 ], [ -81.68901017861748, 12.599636714189181 ] ] ], [ [ [ -81.364337887675561, 13.385610347370951 ], [ -81.349717481263269, 13.356871194625882 ], [ -81.359716906154063, 13.33422230186512 ], [ -81.389166663686979, 13.320763536618939 ], [ -81.392320647569704, 13.358919645261857 ], [ -81.364337887675561, 13.385610347370951 ] ] ], [ [ [ -81.379691378334371, 13.391458199477695 ], [ -81.368510151371879, 13.385992005906726 ], [ -81.376743556177018, 13.381498329237315 ], [ -81.379691378334371, 13.391458199477695 ] ] ] ] } },
{ "type": "Feature", "properties": { "dpto_ccdgo": "91", "dpto_cnmbr": "AMAZONAS" }, "geometry": { "type": "Polygon", "coordinates": [ [ [ -71.144693434591943, 0.055716394382536 ], [ -71.149452263601916, 0.038720883586024 ], [ -71.133979836803007, 0.004169837425456 ], [ -71.104332144322655, 0.02600132011838 ], [ -71.095033549642437, -0.008160907029622 ], [ -71.081355182066488, 0.00154197207116 ], [ -71.064577283828839, -0.010114960823682 ], [ -71.03951150690375, -0.00452232837741 ], [ -71.053055111808305, -0.027701434190755 ], [ -71.031088867341623, -0.047444100418174 ], [ -71.012087390865361, -0.041514559945991 ], [ -71.015725972212579, -0.012473300835251 ], [ -70.991738293065225, -0.00196184390966 ], [ -70.968896092582156, -0.009306385693813 ], [ -70.972871579260357, -0.026758098186091 ], [ -70.961282027251627, -0.039830032392947 ], [ -70.927254560977246, -0.051756490630564 ], [ -70.926580750315338, -0.088883490260429 ], [ -70.892141349561086, -0.116173706009911 ], [ -70.901573426812433, -0.132506426685217 ], [ -70.914476738123312, -0.122782873740037 ], [ -70.930700087029606, -0.129012185854668 ], [ -70.946546064164068, -0.154081065562342 ], [ -70.917343675009761, -0.183783555317711 ], [ -70.915079767772681, -0.201787465350149 ], [ -70.883085505915233, -0.213941635913946 ], [ -70.87817976091668, -0.279955825375716 ], [ -70.826187077774364, -0.365719845134991 ], [ -70.762124145646908, -0.331077734884893 ], [ -70.759483502645764, -0.319075172214066 ], [ -70.780083660004891, -0.312314903241132 ], [ -70.73669632581425, -0.286713411078761 ], [ -70.677988223921716, -0.352116796864536 ], [ -70.630376300924411, -0.319905944732306 ], [ -70.579514921019836, -0.391992763828604 ], [ -70.56065235743489, -0.365860312112929 ], [ -70.531224005873923, -0.374670234566998 ], [ -70.519303039041631, -0.357653872059444 ], [ -70.452594586955456, -0.43968810354982 ], [ -70.448442779711058, -0.46027333089637 ], [ -70.46478387987861, -0.482218956315151 ], [ -70.457353537238134, -0.495480120787391 ], [ -70.399623062766921, -0.462851504104464 ], [ -70.377766953638456, -0.497901044678038 ], [ -70.334614794983338, -0.499275618176763 ], [ -70.321248210433112, -0.469823275291411 ], [ -70.351162286845181, -0.472538910610456 ], [ -70.365065782292163, -0.453960752075067 ], [ -70.333980362901627, -0.438157983042389 ], [ -70.309759536616241, -0.441497734182285 ], [ -70.288333827751444, -0.412934935241107 ], [ -70.268112112956771, -0.418098074722959 ], [ -70.246605376887032, -0.445440744041978 ], [ -70.20978540908834, -0.442094357940192 ], [ -70.202572125644622, -0.473843552005236 ], [ -70.244511484936083, -0.469851403362012 ], [ -70.325233681893678, -0.561342523591251 ], [ -70.324253708969309, -0.580618411350377 ], [ -70.309746870360641, -0.590287803925638 ], [ -70.299937150944402, -0.559286599864465 ], [ -70.2822395954135, -0.558178063547423 ], [ -70.256134326739129, -0.602855798127861 ], [ -70.261909849136714, -0.711549517941151 ], [ -70.248799399630911, -0.739398321850792 ], [ -70.290231666726925, -0.752465438388952 ], [ -70.297126977747723, -0.791319325662806 ], [ -70.221252888935851, -0.88634563466086 ], [ -70.250946269767951, -0.910474501234823 ], [ -70.260585574147399, -0.938044905337954 ], [ -70.295885967668482, -0.936491688227919 ], [ -70.30712294502024, -0.964603714895219 ], [ -70.253178502382866, -1.020778424630286 ], [ -70.232062853573609, -1.014576162607024 ], [ -70.219919519395319, -0.985347434828576 ], [ -70.197468468156501, -0.985065028532724 ], [ -70.227598695567849, -1.049673616661105 ], [ -70.216755733986759, -1.065362578039698 ], [ -70.177550445255349, -1.074900280184321 ], [ -70.16864775370766, -1.112915220264341 ], [ -70.12786900072183, -1.110726061901672 ], [ -70.079141622577652, -1.037877590313425 ], [ -70.087910069782254, -1.012354409746639 ], [ -70.135605758949964, -1.014677455820867 ], [ -70.139389877370661, -0.996558541577542 ], [ -70.122282217210852, -0.972376120996891 ], [ -70.078953822431288, -0.946895965274949 ], [ -70.047269137335491, -0.977939235677735 ], [ -70.03079641500932, -0.978745311692491 ], [ -70.016597375394952, -0.936926516291036 ], [ -70.000763857903394, -0.946001726731269 ], [ -70.008016756184418, -0.964930380322089 ], [ -69.998921871725202, -0.976041166733396 ], [ -69.958194825808334, -0.967752770616277 ], [ -69.941412708180394, -0.94658868011742 ], [ -69.901982900636142, -0.971926908199645 ], [ -69.954243361896602, -0.995602835761557 ], [ -69.94144347460508, -1.034740366312398 ], [ -69.971510536028518, -1.07298772679278 ], [ -69.955054333733585, -1.096143638086985 ], [ -69.875930086429662, -1.0783066450488 ], [ -69.839809495366239, -1.028470642554247 ], [ -69.817543616699481, -1.032319066925665 ], [ -69.784087636606387, -1.086514441559463 ], [ -69.757097277838511, -1.09886688124423 ], [ -69.73447429520553, -1.08233586809167 ], [ -69.75795020193101, -1.073101915332789 ], [ -69.772815477606798, -1.037041644393322 ], [ -69.749520039870731, -1.027621016179743 ], [ -69.737776680891443, -1.042438973958061 ], [ -69.704710892437845, -1.047776509813173 ], [ -69.649362167194909, -1.116803919735341 ], [ -69.652304649761959, -1.133694926736631 ], [ -69.661547123048422, -1.11647718064656 ], [ -69.68090618409002, -1.121334095882137 ], [ -69.680313287445131, -1.201251629873309 ], [ -69.664187810067062, -1.226304878882601 ], [ -69.637985543027696, -1.213910445619767 ], [ -69.634540782340594, -1.168050423877073 ], [ -69.592539144597424, -1.145835753714573 ], [ -69.564725947238173, -1.193264967320826 ], [ -69.539049016293859, -1.191925760523003 ], [ -69.505562579695152, -1.21738392277433 ], [ -69.478246169948534, -1.211474734549439 ], [ -69.465551859939865, -1.17457283404461 ], [ -69.489247881933181, -1.151109619626614 ], [ -69.46229162413897, -1.141766879003494 ], [ -69.470719348169609, -1.093386995540799 ], [ -69.452148783098778, -1.070840261970654 ], [ -69.432974044822288, -1.069490934744783 ], [ -69.39549619440271, -1.122002354052833 ], [ -69.429949864906632, -1.218428056122393 ], [ -69.397476926385423, -1.360901512707288 ], [ -69.430306782921434, -1.39215844757067 ], [ -69.432668974912076, -1.452762757993154 ], [ -69.456237849258741, -1.488651874581804 ], [ -69.45168061403723, -1.538911644174653 ], [ -69.930406048271209, -4.204519384088163 ], [ -69.94983768336408, -4.229406466197081 ], [ -70.064934127114725, -4.080909565473535 ], [ -70.089007687068317, -4.065051406276289 ], [ -70.16744818923371, -4.051505458564076 ], [ -70.183219486664143, -3.928627365942179 ], [ -70.248088593621162, -3.895076909058163 ], [ -70.288101650794715, -3.82059425963035 ], [ -70.354447668307557, -3.800233766692464 ], [ -70.379650703425852, -3.823837803821564 ], [ -70.416475143041566, -3.827497666274724 ], [ -70.46986939857004, -3.870682775159313 ], [ -70.520034286231976, -3.880354705477235 ], [ -70.573217029664988, -3.818632325808329 ], [ -70.620757382928275, -3.83989239508354 ], [ -70.653023485088738, -3.829780041990412 ], [ -70.685496971582722, -3.793970102974026 ], [ -70.713247304788297, -3.795462915519601 ], [ -70.073525272792153, -2.790903694883997 ], [ -70.060362127171459, -2.759725456095467 ], [ -70.074068232948889, -2.732428770674179 ], [ -70.076609674914152, -2.66295512946557 ], [ -70.101559654415269, -2.662286589223673 ], [ -70.114671140577684, -2.700446554336998 ], [ -70.145854232968588, -2.717446273744019 ], [ -70.162379425932329, -2.713557482644773 ], [ -70.165437344800353, -2.64296956757487 ], [ -70.178281906244877, -2.63324558253972 ], [ -70.194866143722663, -2.663439046904833 ], [ -70.219442513599347, -2.656293639319987 ], [ -70.244570423448863, -2.558248563658521 ], [ -70.263908160265203, -2.555156623767088 ], [ -70.325801660151001, -2.582632466636463 ], [ -70.358385658377586, -2.567092100199008 ], [ -70.359721371624516, -2.545142241915198 ], [ -70.305113378890553, -2.527986971007931 ], [ -70.302159934173346, -2.504663320760333 ], [ -70.320887750358338, -2.511180748867325 ], [ -70.366639019272668, -2.494770882610529 ], [ -70.407912816239786, -2.529182036715353 ], [ -70.433219191834041, -2.529289431291457 ], [ -70.47012363726941, -2.456183641576599 ], [ -70.492638005413141, -2.476097604987115 ], [ -70.512956135565787, -2.477127332041481 ], [ -70.56517178073932, -2.419795432296536 ], [ -70.585362297019287, -2.428453063239075 ], [ -70.545870901828437, -2.450278511943401 ], [ -70.559042674875968, -2.478772299554502 ], [ -70.596502268819506, -2.488055967815813 ], [ -70.628202792124739, -2.480078875023645 ], [ -70.645030896345361, -2.454064038923544 ], [ -70.628273732139235, -2.398951102767783 ], [ -70.644053008412357, -2.414068672288294 ], [ -70.68302803270177, -2.404154237074566 ], [ -70.663708361918509, -2.359703333572354 ], [ -70.752303745253414, -2.331301476925767 ], [ -70.770660089806086, -2.299056344156696 ], [ -70.838798059092596, -2.292378788527762 ], [ -70.85749152367373, -2.238893887526745 ], [ -70.879464271049926, -2.223285668586893 ], [ -70.937118568324308, -2.257095639980084 ], [ -70.98149392435073, -2.214004794986672 ], [ -71.002482854010054, -2.211711961076163 ], [ -71.014151106585189, -2.226458094896972 ], [ -70.986980581560374, -2.291380887012676 ], [ -70.994273770212317, -2.308712855778821 ], [ -71.011185265107201, -2.305916301052751 ], [ -71.036623595237074, -2.276136628885003 ], [ -71.125633758018637, -2.28598002706605 ], [ -71.140735165936519, -2.303107539110624 ], [ -71.127452549677741, -2.338488594220829 ], [ -71.166100310261811, -2.343341597290193 ], [ -71.172199574965987, -2.381131600840438 ], [ -71.196237709828097, -2.38187032201987 ], [ -71.227981549032506, -2.348327013934584 ], [ -71.253101632753044, -2.356101088209105 ], [ -71.284409762646305, -2.388715645348311 ], [ -71.293302041813263, -2.378094029728277 ], [ -71.276908902199807, -2.351974127487093 ], [ -71.29662814393987, -2.347379235757368 ], [ -71.318446147401914, -2.381433221217259 ], [ -71.368325201692471, -2.391603072822586 ], [ -71.395134433005296, -2.411403290562904 ], [ -71.409714468198217, -2.390591389343431 ], [ -71.399397397871496, -2.358045779753831 ], [ -71.456591020734777, -2.278507234503222 ], [ -71.469657924372484, -2.274537382063085 ], [ -71.482915569243062, -2.288896179991093 ], [ -71.478279688252428, -2.345976130844146 ], [ -71.49940848481458, -2.355533578872774 ], [ -71.525755731073275, -2.320667930770921 ], [ -71.518427953662069, -2.25240434097722 ], [ -71.606349052922496, -2.237931950991079 ], [ -71.650467635201778, -2.203131918584803 ], [ -71.705969434389431, -2.232305391844429 ], [ -71.729223644810986, -2.227659688666778 ], [ -71.733142958891392, -2.196998005832739 ], [ -71.719649085658943, -2.16022732953251 ], [ -71.741548522364667, -2.146347470576523 ], [ -71.748478324228302, -2.174280962328722 ], [ -71.789071304567017, -2.187895087733797 ], [ -71.797285715378621, -2.207031883836732 ], [ -71.832882284583263, -2.195961136267852 ], [ -71.881164336045174, -2.312386569366358 ], [ -71.926125581851636, -2.31543474959051 ], [ -71.919721178066936, -2.380560382357336 ], [ -71.933708260919445, -2.38218617621365 ], [ -71.959161027885727, -2.359195183160625 ], [ -71.987866961804286, -2.373476660335572 ], [ -72.014230208867559, -2.369292616123343 ], [ -72.048816106995105, -2.338813383963869 ], [ -72.128501967987461, -2.414079037956582 ], [ -72.136224432211407, -2.457506070526505 ], [ -72.156563183207822, -2.481128577032524 ], [ -72.169805159650707, -2.477321582995018 ], [ -72.169364752146862, -2.454069038950361 ], [ -72.187285120588513, -2.435526417795907 ], [ -72.221883790972981, -2.449684043245578 ], [ -72.251329621068294, -2.431778596731634 ], [ -72.261204383952816, -2.436418547991943 ], [ -72.255196245322054, -2.4590234250652 ], [ -72.283928236692873, -2.454264502630501 ], [ -72.295885028367195, -2.477345276079487 ], [ -72.373455456689328, -2.492502441572676 ], [ -72.398368413893081, -2.470373457281857 ], [ -72.408647684879156, -2.415978978093162 ], [ -72.43298957092361, -2.44203407402147 ], [ -72.476686390247664, -2.420642720354423 ], [ -72.518326957959459, -2.427114853572078 ], [ -72.543216119670717, -2.405128634151548 ], [ -72.567914924628269, -2.405128634151548 ], [ -72.597058033011422, -2.36801143335263 ], [ -72.631143811672302, -2.359683319091882 ], [ -72.662255264260523, -2.441239343737736 ], [ -72.682361709841018, -2.453374596664918 ], [ -72.693449997928496, -2.450650112034897 ], [ -72.702402720287466, -2.39831386883845 ], [ -72.728874224310175, -2.399146680534022 ], [ -72.729944981049528, -2.421097207164904 ], [ -72.751181670753226, -2.429365834940152 ], [ -72.774916793747082, -2.394149813055577 ], [ -72.831260447977456, -2.431150431302294 ], [ -72.933289898258863, -2.457807650479067 ], [ -72.934030622682997, -2.416421216365032 ], [ -72.952345824362851, -2.403209810514301 ], [ -72.975931676881942, -2.344685576840911 ], [ -73.001515642001721, -2.363016942818293 ], [ -73.020132544906801, -2.332236235809227 ], [ -73.039377624919325, -2.327781883821044 ], [ -73.040361937608338, -2.354712032958126 ], [ -73.057042744056105, -2.366000789243793 ], [ -73.097570912692049, -2.326822962033785 ], [ -73.122555253678456, -2.32741782868562 ], [ -73.125351121192864, -2.296544321142163 ], [ -73.172754464198135, -2.220625917506138 ], [ -73.171567851644227, -2.18604722926397 ], [ -73.134098412157357, -2.18147914148702 ], [ -73.116789304634551, -2.12826373708267 ], [ -73.07719003067524, -2.105800025877179 ], [ -73.068896937263503, -2.088288375046456 ], [ -73.114258167252103, -2.074250994583257 ], [ -73.093377429873499, -2.040431795688062 ], [ -73.130161625830738, -1.99270068412544 ], [ -73.117889183880266, -1.972607068294704 ], [ -73.120372846160478, -1.910617231206476 ], [ -73.108759075552371, -1.883766042249124 ], [ -73.154607489257273, -1.860078787820757 ], [ -73.146843762684512, -1.805107129822341 ], [ -73.18515408972786, -1.808321579354957 ], [ -73.219920192739949, -1.749912986798527 ], [ -73.231244850224869, -1.802200943713337 ], [ -73.253716942719393, -1.808549787551577 ], [ -73.259341833693384, -1.79795499474895 ], [ -73.245127063667553, -1.783783425638302 ], [ -73.285128226238953, -1.780671616793569 ], [ -73.305678338413713, -1.800203351237666 ], [ -73.29781921068178, -1.824755745957876 ], [ -73.314899148809843, -1.828782848974961 ], [ -73.334932676283984, -1.804036676713854 ], [ -73.380196491987249, -1.781209123273827 ], [ -73.430937956587229, -1.790459452333427 ], [ -73.45176266599691, -1.748885421990792 ], [ -73.506216552621083, -1.73159991322984 ], [ -73.534141257945407, -1.707922675923196 ], [ -73.540406895264312, -1.686824773347263 ], [ -73.518585573422968, -1.663755690582673 ], [ -73.516465000588539, -1.637397973553591 ], [ -73.464623244415748, -1.589611320011 ], [ -73.457738528133802, -1.571085975269849 ], [ -73.479483345791323, -1.579303401728011 ], [ -73.499852329612736, -1.562532018976803 ], [ -73.478973290949682, -1.529241882391493 ], [ -73.496376497073527, -1.51401169189239 ], [ -73.490045647402894, -1.485592786106474 ], [ -73.531221365330794, -1.478472056160434 ], [ -73.538632510958394, -1.4329807886441 ], [ -73.587278924779866, -1.424032318913367 ], [ -73.552212757274276, -1.404853682844434 ], [ -73.560287550914893, -1.382857607999086 ], [ -73.582581125562228, -1.376489318314426 ], [ -73.571044661334156, -1.321614415237405 ], [ -73.594573609127906, -1.330860772841909 ], [ -73.613139149019105, -1.319699249542939 ], [ -73.620358927287498, -1.264716768633351 ], [ -73.64582922039898, -1.270150084737018 ], [ -73.6816562247256, -1.241403403205591 ], [ -73.697763682782977, -1.253646182761367 ], [ -73.732944277780632, -1.250835156164525 ], [ -73.744778800562585, -1.200897649351841 ], [ -73.750800720259122, -1.237968541062625 ], [ -73.769278394963976, -1.262746323267186 ], [ -73.784904653886315, -1.258656762135218 ], [ -73.788180833897911, -1.241388281852379 ], [ -73.812500768692587, -1.250050638835429 ], [ -73.864014255944483, -1.229386280629114 ], [ -73.906571680000241, -1.126589952354978 ], [ -73.96846857731714, -1.1272432966834 ], [ -73.95237340822257, -1.096807339998908 ], [ -73.962103402093817, -1.084947754200964 ], [ -73.98232484739367, -1.109939424546796 ], [ -74.011965702790974, -1.097930092166627 ], [ -74.028153372382349, -1.059942593843809 ], [ -74.015195138031174, -1.018074301230765 ], [ -74.024167081657595, -1.006385018180099 ], [ -74.049655077882448, -1.052945948286848 ], [ -74.086516190350551, -1.054374419847272 ], [ -74.16776451122638, -1.008736398039269 ], [ -74.22132869939594, -1.01150361376479 ], [ -74.274297144157231, -0.979859783183348 ], [ -74.276807958038489, -0.959697570146222 ], [ -74.263180631879379, -0.944644464680213 ], [ -74.275647505344864, -0.909612782628718 ], [ -74.314489339015893, -0.896746694838258 ], [ -74.322027470593241, -0.881156465574626 ], [ -74.302994991435185, -0.863087351275304 ], [ -74.27140062482664, -0.879123801045698 ], [ -74.273336203853944, -0.853695222136808 ], [ -74.255391355402935, -0.820126259044926 ], [ -74.2752646134212, -0.830462635978801 ], [ -74.290569305758311, -0.822010792163788 ], [ -74.291825661769792, -0.780493954905938 ], [ -74.317728474272258, -0.796198398760798 ], [ -74.314244943164965, -0.768101721618988 ], [ -74.354455172615644, -0.755407000181988 ], [ -74.381729408222668, -0.720452089114193 ], [ -74.341852940895251, -0.69387185561865 ], [ -74.375518419957643, -0.654909812895031 ], [ -74.363604477956471, -0.621290416546258 ], [ -74.395246106766422, -0.587625924734316 ], [ -74.389132736704425, -0.553683590071775 ], [ -73.841317932996617, -0.39797757858259 ], [ -73.815850253984706, -0.411668724703142 ], [ -73.763427124764689, -0.407461034118888 ], [ -73.729053010024074, -0.380462744119895 ], [ -73.708991500904858, -0.385353504309103 ], [ -73.680247953597018, -0.420187296328963 ], [ -73.639982067181904, -0.418064801996619 ], [ -73.650887012567011, -0.457422589749207 ], [ -73.608693189098858, -0.439224115250979 ], [ -73.585056771270445, -0.448768131658747 ], [ -73.568355203841577, -0.516834313816455 ], [ -73.549792802666502, -0.514098109755918 ], [ -73.533194308015482, -0.487737568421325 ], [ -73.510478565272308, -0.524273714176944 ], [ -73.430344844346564, -0.510896666940686 ], [ -73.378504011642576, -0.536262060997036 ], [ -73.331876292638015, -0.506100451815562 ], [ -73.315499753904248, -0.530937333331449 ], [ -73.265017767880863, -0.555769347771248 ], [ -73.25603542265344, -0.57954310823378 ], [ -73.20298421064922, -0.626476802649538 ], [ -73.121423874982156, -0.604131504764241 ], [ -73.074792014740808, -0.621288799577461 ], [ -73.053302139164089, -0.546697719815188 ], [ -73.015656655792384, -0.52686736357312 ], [ -72.958914328921139, -0.559440697889412 ], [ -72.937176384279383, -0.60584265481029 ], [ -72.917278269857377, -0.615509517727673 ], [ -72.872214839707624, -0.616765240426342 ], [ -72.81586180615983, -0.599208180620075 ], [ -72.8014566380578, -0.579382580062874 ], [ -72.77656100667474, -0.57770606189529 ], [ -72.749728811709986, -0.554995626403811 ], [ -72.740619057425988, -0.580109004194612 ], [ -72.677648814423037, -0.615957964261361 ], [ -72.673814184591947, -0.635177886035395 ], [ -72.562805691292795, -0.705686957706552 ], [ -72.424969998564166, -0.562289796016606 ], [ -72.4077723460058, -0.567970407735261 ], [ -72.408890317335818, -0.597787702275424 ], [ -72.394717937943653, -0.613849258181342 ], [ -72.308976278165119, -0.6519647207201 ], [ -72.242829889823724, -0.605261492867376 ], [ -72.230610642553529, -0.492975930190083 ], [ -72.201183860350625, -0.47955318741553 ], [ -72.172789595371626, -0.443931292887463 ], [ -72.148029685163067, -0.395394511348884 ], [ -72.158858995035928, -0.382399339142532 ], [ -72.153444339650321, -0.355326063113801 ], [ -72.126272070994162, -0.337190157223253 ], [ -72.093658523561032, -0.329176543394112 ], [ -72.082849462629156, -0.338308336962526 ], [ -72.062722245287773, -0.324703827131982 ], [ -72.061417702707729, -0.296190269382356 ], [ -72.036258680581852, -0.267117622212256 ], [ -71.983145190125924, -0.279417588564505 ], [ -71.92779534198803, -0.265253991110064 ], [ -71.830867813648183, -0.276304416974407 ], [ -71.742997454868657, -0.252355177667801 ], [ -71.729190236438967, -0.23132514466225 ], [ -71.711326070239522, -0.234377882043479 ], [ -71.736458009934609, -0.154534416003137 ], [ -71.727195590439692, -0.123894898218063 ], [ -71.700928636563447, -0.097458479724278 ], [ -71.704826313804688, -0.067293848607729 ], [ -71.593488325383248, -0.014421017010004 ], [ -71.577219759741126, 0.015743614106551 ], [ -71.546716201183358, 0.021335933938854 ], [ -71.453751901999965, -0.012226563074527 ], [ -71.448378997647069, 0.00334882421226 ], [ -71.400450745246758, 0.005609208253913 ], [ -71.370589366746231, 0.031184925933638 ], [ -71.32787100578588, 0.018742685191577 ], [ -71.271361668847362, 0.035168254012065 ], [ -71.255679489754016, 0.058640276418426 ], [ -71.234916755165216, 0.0663962999312 ], [ -71.225752922258039, 0.054200319944163 ], [ -71.187143541326691, 0.081152767080993 ], [ -71.188019494648188, 0.097256855554553 ], [ -71.144693434591943, 0.055716394382536 ] ] ] } },
{ "type": "Feature", "properties": { "dpto_ccdgo": "94", "dpto_cnmbr": "GUAINÍA" }, "geometry": { "type": "Polygon", "coordinates": [ [ [ -67.692388421135433, 3.936180023450529 ], [ -67.650157763117988, 3.868934721555271 ], [ -67.634426562022213, 3.785550010299576 ], [ -67.612505450748017, 3.755614174878376 ], [ -67.54457772603314, 3.755416265083817 ], [ -67.519131785370121, 3.775236289793554 ], [ -67.501285934935652, 3.767448794678075 ], [ -67.479212680372086, 3.704752138306532 ], [ -67.447956715688917, 3.676483995996521 ], [ -67.444071843043957, 3.585236200825491 ], [ -67.412044029982269, 3.538876881575223 ], [ -67.401468136849587, 3.479996636287856 ], [ -67.339150384774939, 3.451022202904346 ], [ -67.310784634142408, 3.377893365994212 ], [ -67.336399293821557, 3.331736309777868 ], [ -67.381602887318479, 3.292583515939886 ], [ -67.381178463551237, 3.248417413643967 ], [ -67.434852690040884, 3.248472015087049 ], [ -67.862829441705742, 2.864865687706328 ], [ -67.864110735867712, 2.789472143159635 ], [ -67.837950114758087, 2.793300197317474 ], [ -67.815380572943923, 2.831264572986468 ], [ -67.750422648585641, 2.837543750622236 ], [ -67.736065800901201, 2.835631669744969 ], [ -67.735565340972755, 2.816934397202906 ], [ -67.658347975093193, 2.796558367889761 ], [ -67.614386401382717, 2.811549973744117 ], [ -67.585244460810372, 2.777133288707676 ], [ -67.584309602213807, 2.743936576986382 ], [ -67.563826809840066, 2.726057847288572 ], [ -67.561896088007416, 2.655785284253815 ], [ -67.52318694638933, 2.673383838174415 ], [ -67.485224861424854, 2.665804481977749 ], [ -67.467627610061868, 2.619430034187777 ], [ -67.45093374120114, 2.619358105127297 ], [ -67.392087685818808, 2.573603997535928 ], [ -67.383251344789244, 2.543965125621349 ], [ -67.339447686048402, 2.518694620684108 ], [ -67.297091809068775, 2.441947599589918 ], [ -67.221757240761576, 2.398596456755738 ], [ -67.187902270023869, 2.350310217346126 ], [ -67.217390806960168, 2.302699958031635 ], [ -67.221971128004554, 2.254247055851208 ], [ -67.161579057311485, 2.132835811747595 ], [ -67.147603513328022, 2.125615196248865 ], [ -67.121726662157926, 2.136990542112091 ], [ -67.108021849955605, 2.119304336804386 ], [ -67.097040161434563, 2.05241152153111 ], [ -67.122995785934734, 1.976885880514936 ], [ -67.071554500831326, 1.933960083120144 ], [ -67.035393601430656, 1.84548264957726 ], [ -67.032425710893847, 1.784693741505021 ], [ -66.989594077675747, 1.69063642890806 ], [ -66.962433081088705, 1.6685874755897 ], [ -66.96287337540474, 1.589635181242169 ], [ -66.942291992850016, 1.575213184986952 ], [ -66.920809231037708, 1.531045827743593 ], [ -66.908189984313992, 1.481920898058585 ], [ -66.911194581839197, 1.423481757368244 ], [ -66.874839134142405, 1.398093043926858 ], [ -66.852004318715103, 1.356179116860999 ], [ -66.84845587529361, 1.318648888331624 ], [ -66.881212079799127, 1.286597313914446 ], [ -66.850552740670537, 1.223597107583384 ], [ -67.092990078595733, 1.17086370271362 ], [ -67.082115612174164, 1.200703424611082 ], [ -67.100610866923205, 1.259699641595677 ], [ -67.126654341338224, 1.270586397878105 ], [ -67.125456439647166, 1.284392115221297 ], [ -67.15614968571316, 1.31716809705074 ], [ -67.15140938177575, 1.345551768188251 ], [ -67.131906777922211, 1.349714937333268 ], [ -67.112060048972069, 1.334993108350132 ], [ -67.074853189946907, 1.370072375996777 ], [ -67.084501268178769, 1.374972014242956 ], [ -67.087057842277034, 1.414503171593628 ], [ -67.07901463791859, 1.473357990944891 ], [ -67.089550717686109, 1.476213038618986 ], [ -67.103061973333183, 1.519541495380891 ], [ -67.10083705480713, 1.581731739582195 ], [ -67.143143475897716, 1.604233156703443 ], [ -67.128920338058322, 1.687946851939516 ], [ -67.149030934757093, 1.731527748972215 ], [ -67.139162510390236, 1.731129220061986 ], [ -67.145733892254725, 1.756862520334456 ], [ -67.127557548668847, 1.776777985729309 ], [ -67.136564221191804, 1.798885491284579 ], [ -67.163146553154434, 1.801338818331631 ], [ -67.159952864602815, 1.813352869565766 ], [ -67.152832590102776, 1.808286960214477 ], [ -67.156575332986847, 1.827826106663918 ], [ -67.208502349229548, 1.858331643312541 ], [ -67.220226347702408, 1.917907687342515 ], [ -67.26317839299378, 1.912896454892856 ], [ -67.275471605806729, 1.923407032367143 ], [ -67.283662089971699, 1.905631602721098 ], [ -67.30311467469204, 1.900630400867905 ], [ -67.334026815214372, 1.979047765105503 ], [ -67.347277584374353, 1.984991772058508 ], [ -67.341482664639386, 2.02667142280314 ], [ -67.358359171922757, 2.041567490056 ], [ -67.341673970014767, 2.084920298368071 ], [ -67.358509578767269, 2.094472724810196 ], [ -67.358458631673614, 2.115757243552002 ], [ -67.327256798614314, 2.15486617980622 ], [ -67.334324989651009, 2.168235506914765 ], [ -67.361656120101941, 2.170969911648378 ], [ -67.368567478639761, 2.21617081468739 ], [ -67.394569910793393, 2.232695420151906 ], [ -67.416072654746813, 2.228703195151821 ], [ -67.425247269242618, 2.203157335699246 ], [ -67.416459696890342, 2.193585946704649 ], [ -67.445820080964438, 2.199094674639944 ], [ -67.450376081001423, 2.168786540237353 ], [ -67.550910596016422, 2.149423576013425 ], [ -67.573919113418754, 2.162317882604361 ], [ -67.586557574223377, 2.121649910847291 ], [ -67.573938234074831, 2.103512691618765 ], [ -67.597325372806495, 2.07677832236903 ], [ -67.601662213383918, 2.043769896782988 ], [ -67.624754266987679, 2.04037896319074 ], [ -67.627374762557565, 2.021176338491349 ], [ -67.658350773347536, 1.990465665095943 ], [ -67.677168591812574, 2.009065329316363 ], [ -67.690925258407731, 1.999748233818402 ], [ -67.716537050662225, 2.017541516596647 ], [ -67.730694684197204, 2.011656129254207 ], [ -67.743387829988365, 2.034458645728969 ], [ -67.775497736556019, 2.034927122014517 ], [ -67.783405623083809, 1.99989191137778 ], [ -67.808716566614976, 1.985908658945143 ], [ -67.832379775819788, 1.9394206442498 ], [ -67.869302420238967, 1.923736399030225 ], [ -67.871170181798163, 1.900770534570649 ], [ -67.897307982986433, 1.888072826232946 ], [ -67.921705372383315, 1.892710404142386 ], [ -67.908832264252908, 1.862159233939302 ], [ -67.922470238151618, 1.858408895793591 ], [ -67.921896906829204, 1.820376793386375 ], [ -67.90770917431837, 1.80478793405459 ], [ -67.995635621253996, 1.84575519056681 ], [ -68.030980262227956, 1.811007582984017 ], [ -68.06193740568699, 1.893217229538 ], [ -68.094185652918668, 1.8965176775562 ], [ -68.139262417671148, 1.970733395079577 ], [ -68.174668798107177, 1.968544290615836 ], [ -68.19902258144873, 2.038655109159845 ], [ -68.205654941901628, 1.98586397401236 ], [ -68.245148766138925, 1.927101583292638 ], [ -68.253561237662211, 1.878857542277197 ], [ -68.285110233024568, 1.846587018606347 ], [ -68.273183128897358, 1.84433634356405 ], [ -68.28525495083386, 1.829674733193948 ], [ -68.274597286690721, 1.819123494344313 ], [ -68.22663760670514, 1.829315740069225 ], [ -68.244626612777381, 1.787388392162297 ], [ -68.239789705733926, 1.77113373604567 ], [ -68.230490909830905, 1.781115977049371 ], [ -68.218485512972734, 1.77135707896286 ], [ -68.19214895577619, 1.77998401893927 ], [ -68.177541173398652, 1.765708280206991 ], [ -68.193029151844144, 1.737756579589433 ], [ -68.185284026700799, 1.729675026121242 ], [ -68.169576843879952, 1.743306309361862 ], [ -68.163292129922411, 1.727788332552403 ], [ -69.393270933618226, 1.726748055674975 ], [ -69.407875635670223, 1.741099429919499 ], [ -69.467399927717395, 1.748400403377681 ], [ -69.466657082369181, 1.757089456515599 ], [ -69.47618105016079, 1.743259759525087 ], [ -69.482633221898766, 1.758703062020468 ], [ -69.508832359205257, 1.758689832520712 ], [ -69.513804978440078, 1.771418300096564 ], [ -69.534387227869786, 1.763706837548932 ], [ -69.534196632164083, 1.776905471142737 ], [ -69.547238250002977, 1.776793865261241 ], [ -69.571859522204932, 1.756248506077081 ], [ -69.590000533225862, 1.758494717387199 ], [ -69.629002397400711, 1.723376065770524 ], [ -69.641772845080311, 1.730493219520531 ], [ -69.655283214089479, 1.7181122259634 ], [ -69.665101154893762, 1.729789479664471 ], [ -69.676646225887453, 1.722364980569767 ], [ -69.676772493184387, 1.732876877670223 ], [ -69.721153717010907, 1.735164831928267 ], [ -69.745326988243846, 1.729703238633536 ], [ -69.748894890986548, 1.713759027051725 ], [ -69.761964179653205, 1.717853522633503 ], [ -69.782578914884425, 1.692769568284999 ], [ -69.803725120810668, 1.704731526174243 ], [ -69.80929427756513, 1.694772126651477 ], [ -69.839570679854262, 1.718891134207372 ], [ -69.859009204132576, 1.709301430346155 ], [ -69.902769491278605, 1.745250047793381 ], [ -69.97501501227174, 1.743234931867461 ], [ -70.046779157161495, 1.772336815630089 ], [ -70.148930496347646, 1.867491238862852 ], [ -70.174777846820291, 1.869383163325731 ], [ -70.180195935569657, 1.881672609499337 ], [ -70.165639105675609, 1.933719004750231 ], [ -70.139735376890826, 1.95562344058375 ], [ -70.140694615783616, 1.979836605131151 ], [ -70.111535345797336, 2.002838901694414 ], [ -70.120762562983145, 2.049488135365661 ], [ -70.103822807066877, 2.09445940008896 ], [ -70.119019579312976, 2.110893051058517 ], [ -70.058351676200516, 2.14572446523591 ], [ -70.055257677368672, 2.161896195107653 ], [ -70.033567785446394, 2.158515119635176 ], [ -70.027092713836907, 2.174559261685402 ], [ -70.036244803058992, 2.181950969551185 ], [ -70.006646800928195, 2.182086932372682 ], [ -70.006232141855889, 2.207253584793854 ], [ -69.996176016157449, 2.204796519853919 ], [ -69.996010699063959, 2.224442538059502 ], [ -70.024112464268569, 2.235346515059655 ], [ -70.026383074739613, 2.27239623975055 ], [ -70.036517752782345, 2.266193595943011 ], [ -70.053131979641478, 2.278045078032318 ], [ -70.045212531786774, 2.293053262308434 ], [ -70.069247780359603, 2.293994737002289 ], [ -70.085152203729649, 2.263191608924179 ], [ -70.122904739419084, 2.263445079563392 ], [ -70.14670514393498, 2.277714952292223 ], [ -70.153104273706447, 2.268022165771664 ], [ -70.137930174956182, 2.263834768145838 ], [ -70.141713592690451, 2.251228710498041 ], [ -70.159675245040489, 2.265064129761483 ], [ -70.156771531097036, 2.239895735505609 ], [ -70.17449168915681, 2.23742565396681 ], [ -70.191395817860496, 2.252551337077444 ], [ -70.182720157715551, 2.240114527553978 ], [ -70.194429805590289, 2.229766357527677 ], [ -70.225175642668205, 2.247406648107951 ], [ -70.247301641855699, 2.243267209776711 ], [ -70.235111854858701, 2.257059008611797 ], [ -70.243488473692139, 2.265343212288145 ], [ -70.273556334616842, 2.237407968819765 ], [ -70.305487957797936, 2.252920798278538 ], [ -70.292815531665326, 2.228531417369668 ], [ -70.312231475872636, 2.20826085394822 ], [ -70.341289253218918, 2.23321554691254 ], [ -70.342036992592682, 2.247850674926903 ], [ -70.365904009036626, 2.235481268747848 ], [ -70.398962073769269, 2.267780043558535 ], [ -70.407928535871463, 2.255225548350829 ], [ -70.420784487962862, 2.26862578830953 ], [ -70.458167707978362, 2.257349649770428 ], [ -70.464722093704154, 2.233424791658392 ], [ -70.473124701717779, 2.243657726606537 ], [ -70.496814012392235, 2.233741834324251 ], [ -70.514328214441036, 2.245092328275331 ], [ -70.511176294888458, 2.259473132250347 ], [ -70.488575624628254, 2.252855414348477 ], [ -70.509814008555963, 2.267296622888007 ], [ -70.511016126043955, 2.282793235048072 ], [ -70.530730669591378, 2.268444202713295 ], [ -70.561943738787193, 2.293049543280177 ], [ -70.586809465230658, 2.289106254044173 ], [ -70.629998541978409, 2.312933051981673 ], [ -70.634794333098512, 2.34768495261667 ], [ -70.680926793424305, 2.41922940534312 ], [ -70.679719447737114, 2.44101421602826 ], [ -70.733188233849148, 2.485010806094974 ], [ -70.754055029363428, 2.536989501557118 ], [ -70.769896316390032, 2.539389254834628 ], [ -70.792991318266957, 2.520070615318719 ], [ -70.829307735930172, 2.532729151688921 ], [ -70.852611139034195, 2.570172759199684 ], [ -70.888559300138013, 2.557309341204428 ], [ -70.930046601665481, 2.573225724753175 ], [ -70.942492379976329, 2.606656134280215 ], [ -70.497576629675621, 2.78850767966098 ], [ -70.493867280790482, 2.813336385602918 ], [ -70.410813897219043, 2.828990620779919 ], [ -70.355903454064276, 2.853720420333674 ], [ -70.354048780969208, 2.914027245327943 ], [ -70.324015023713116, 2.91336913273816 ], [ -70.278366108025523, 2.936522647325278 ], [ -70.28269569470126, 2.993327726957118 ], [ -70.303314466964537, 3.033623813856494 ], [ -70.255332252722155, 3.039666463092812 ], [ -70.272742258199742, 3.066110523560865 ], [ -70.315220280104256, 3.070836954804219 ], [ -70.319946706856115, 3.086332454849063 ], [ -70.279921640994303, 3.094469091257798 ], [ -70.287938620813748, 3.124024222154849 ], [ -70.259939023782806, 3.1435880453448 ], [ -70.244398863059189, 3.179185414947781 ], [ -70.206527292414876, 3.173090092952736 ], [ -70.217858820220613, 3.205977459678013 ], [ -70.203906511180492, 3.203118914859742 ], [ -70.19225145396905, 3.17354811104346 ], [ -70.164641885982348, 3.181120791853921 ], [ -70.157723197185987, 3.194461804940456 ], [ -70.178204721137547, 3.217572958538262 ], [ -70.174356096441443, 3.235807600136956 ], [ -70.157179346798102, 3.229403062503385 ], [ -70.148106461199347, 3.190770142999193 ], [ -70.12798123632291, 3.202260877552586 ], [ -70.13181839581182, 3.244091733744643 ], [ -70.15680930528481, 3.257888798508184 ], [ -70.157850591869476, 3.281578099300379 ], [ -70.136180715325963, 3.293780834623768 ], [ -70.115654085131439, 3.279674375456825 ], [ -70.10877422963739, 3.293709149007 ], [ -70.172949267110084, 3.34900148695279 ], [ -70.13338032928209, 3.36514144698089 ], [ -70.1266119566003, 3.400805557869409 ], [ -70.110262045749437, 3.384993478689727 ], [ -70.076018546155183, 3.387365487477569 ], [ -70.025809585313652, 3.417619678004308 ], [ -70.015738670638939, 3.380257598958755 ], [ -70.001927567890846, 3.37271634124197 ], [ -69.943545590638962, 3.394751986907124 ], [ -69.939557286788045, 3.41419836516154 ], [ -69.961246416938422, 3.437565370834271 ], [ -69.960279624106363, 3.456920550251719 ], [ -69.91496909507282, 3.446998145178492 ], [ -69.902533276391466, 3.424400897503 ], [ -69.871734520416283, 3.439353680834777 ], [ -69.86167593872193, 3.478811182561664 ], [ -69.895535284258585, 3.517216695167095 ], [ -69.893555800036779, 3.536854673444521 ], [ -69.87244670444278, 3.535845381282557 ], [ -69.851589404128617, 3.491823881811462 ], [ -69.817209188924039, 3.47704824908985 ], [ -69.84389147111807, 3.548966607884958 ], [ -69.817108486802113, 3.552072736677665 ], [ -69.815398148833708, 3.51593292075468 ], [ -69.801922576094796, 3.507862186604366 ], [ -69.777342612055747, 3.564573574572375 ], [ -69.734010343737623, 3.542920378859365 ], [ -69.713731217567386, 3.549375284172752 ], [ -69.720383710180101, 3.569014803960421 ], [ -69.742351067660309, 3.576010315842588 ], [ -69.73991894087078, 3.590930865799693 ], [ -69.709817959933446, 3.576732891588524 ], [ -69.700637241380434, 3.539909485037378 ], [ -69.663143904891285, 3.585375439805507 ], [ -69.629040424913626, 3.568634852225094 ], [ -69.608883596381986, 3.595461580037778 ], [ -69.592601882986855, 3.567736302662942 ], [ -69.570550720708695, 3.669410363860028 ], [ -69.59495348293359, 3.672620708986809 ], [ -69.589031941066878, 3.683333280898515 ], [ -69.504303959029016, 3.678738496966696 ], [ -69.492879345922745, 3.65076507776323 ], [ -69.478449572945465, 3.695438432154839 ], [ -69.454748432347571, 3.708988303711354 ], [ -69.407709201969965, 3.660004849813125 ], [ -69.387874600285784, 3.685147700453556 ], [ -69.366358581916813, 3.665496065976301 ], [ -69.30350551884618, 3.717256468853825 ], [ -69.289583393223609, 3.698052807497755 ], [ -69.305658143595508, 3.65216816291347 ], [ -69.291982586850338, 3.644787372282054 ], [ -69.267998987854241, 3.681267783818103 ], [ -69.287094745289664, 3.713252344759991 ], [ -69.279677536029055, 3.726294525842611 ], [ -69.247039037869058, 3.714758264634368 ], [ -69.234962509655077, 3.674011445885313 ], [ -69.208044931551171, 3.701982386634943 ], [ -69.196892859434456, 3.694467674155957 ], [ -69.20008145633102, 3.669490349916651 ], [ -69.168091668985539, 3.671903207827961 ], [ -69.18669243633866, 3.633916193697438 ], [ -69.152525723897782, 3.642616872841032 ], [ -69.121111333103215, 3.676044874881203 ], [ -69.100439275429721, 3.638070238646828 ], [ -69.078767095603951, 3.655900474552007 ], [ -69.05594244013065, 3.638655850847187 ], [ -68.995819320756368, 3.691854143230101 ], [ -68.942317773958166, 3.682459364957727 ], [ -68.935496370987948, 3.703681712147452 ], [ -68.94793491156679, 3.732738663940409 ], [ -68.937621821678249, 3.742359307601299 ], [ -68.925293314927956, 3.731431353648824 ], [ -68.925643614150488, 3.686788308439073 ], [ -68.906667430659468, 3.683266491103888 ], [ -68.864220380894039, 3.706332604934102 ], [ -68.832138361648276, 3.670655340004382 ], [ -68.852116822351604, 3.738699606844991 ], [ -68.837825569701522, 3.74405363578188 ], [ -68.812729029945046, 3.719858691777908 ], [ -68.794811207330895, 3.722252637442435 ], [ -68.775062705642085, 3.734772754096825 ], [ -68.754301311340726, 3.783117516997173 ], [ -68.708127500631178, 3.767418932857565 ], [ -68.670482431383107, 3.775911650948879 ], [ -68.650838675136526, 3.761710112219861 ], [ -68.646433750291123, 3.775066228693338 ], [ -68.680497264189967, 3.797003941744807 ], [ -68.672040442805724, 3.812001349822188 ], [ -68.634678323334697, 3.773646674715846 ], [ -68.606014259924905, 3.784749061872531 ], [ -68.587831784434002, 3.776851657794398 ], [ -68.576023105305126, 3.790243939571691 ], [ -68.55061546973468, 3.763983588318891 ], [ -68.572372982393858, 3.801665425639601 ], [ -68.569300753351968, 3.817967350245874 ], [ -68.509891371192566, 3.779105307161033 ], [ -68.502458927390933, 3.792034199816236 ], [ -68.512967706436939, 3.825507656645987 ], [ -68.476239924724439, 3.851970011319387 ], [ -68.444493463335618, 3.838353734447519 ], [ -68.446761705845745, 3.88443555580052 ], [ -68.431361892624068, 3.881928609169713 ], [ -68.411783835616404, 3.850412714956397 ], [ -68.394712726138039, 3.85077085018932 ], [ -68.393041429881293, 3.872855852030504 ], [ -68.42957121735742, 3.895895880560697 ], [ -68.436614542108941, 3.914996422426529 ], [ -68.420379081208068, 3.926695505206391 ], [ -68.381819860445546, 3.91237009858248 ], [ -68.34672261300301, 3.924069180464044 ], [ -68.355556614817715, 3.954749428794845 ], [ -68.341828099649433, 3.993666782992446 ], [ -68.31389355506991, 3.977789459121684 ], [ -68.23665573633167, 3.975163135277632 ], [ -68.206572383049263, 3.956778860284522 ], [ -68.20502046400577, 3.997486890646954 ], [ -68.173743325116163, 3.986026567683427 ], [ -68.130528346324866, 4.000948864865123 ], [ -68.119545534908866, 3.98208707922243 ], [ -68.132796535834302, 3.946512320233153 ], [ -68.112860345390345, 3.943408481247918 ], [ -68.098296181644514, 3.974566240228307 ], [ -68.078359991200557, 3.980535161077284 ], [ -68.078978856364301, 3.935151575598187 ], [ -68.034532515407591, 4.011355486516904 ], [ -68.024774603671744, 3.975920583650726 ], [ -67.995897978933328, 3.980714305050631 ], [ -67.966169154145121, 3.962948627523084 ], [ -67.937428087087824, 3.963099321828679 ], [ -67.913570853305146, 3.909438039176043 ], [ -67.87601811567049, 3.919145549095804 ], [ -67.813174759802507, 3.984543513544545 ], [ -67.707601587648526, 4.045025830857639 ], [ -67.692388421135433, 3.936180023450529 ] ] ] } },
{ "type": "Feature", "properties": { "dpto_ccdgo": "95", "dpto_cnmbr": "GUAVIARE" }, "geometry": { "type": "Polygon", "coordinates": [ [ [ -71.312658625299264, 2.9246304328936 ], [ -71.299562265879956, 2.875577233741152 ], [ -71.283681102606067, 2.867820801494584 ], [ -71.259641790950013, 2.886178781880077 ], [ -71.247171881176428, 2.862753262598056 ], [ -71.221794438006725, 2.865591848631436 ], [ -71.213189089953403, 2.885886733060286 ], [ -71.183508528988909, 2.904840702094275 ], [ -71.151449102390529, 2.872164048861544 ], [ -71.137203339564394, 2.903948657238288 ], [ -71.115830847837685, 2.875150103347818 ], [ -71.075840536923579, 2.882194385703914 ], [ -71.058057271266478, 2.852830164923179 ], [ -71.027455633669547, 2.846391208312028 ], [ -71.010594862187588, 2.856813024978989 ], [ -70.988489992290738, 2.829132152262344 ], [ -70.954569305246025, 2.842142824012952 ], [ -70.947931207248871, 2.817960229159024 ], [ -70.962003975973005, 2.800488754613058 ], [ -70.946550481183806, 2.785566308310904 ], [ -70.925149249633364, 2.815411199118564 ], [ -70.941240002606435, 2.837821420996151 ], [ -70.938053715280319, 2.857310879790988 ], [ -70.911342004254152, 2.849876209064252 ], [ -70.883674406850503, 2.792576139350126 ], [ -70.871035467243416, 2.799320447942673 ], [ -70.88354164383054, 2.835431705501637 ], [ -70.87610697310356, 2.847380283872424 ], [ -70.854174694863161, 2.823164500733903 ], [ -70.871433751811708, 2.777813007593911 ], [ -70.821568351026031, 2.813074587574447 ], [ -70.79639279808913, 2.794446338040546 ], [ -70.811343421869765, 2.760012717950881 ], [ -70.754420678111444, 2.77021795781674 ], [ -70.724778726768648, 2.795155012346401 ], [ -70.709165314663437, 2.737109025941682 ], [ -70.681720373863527, 2.777782823278013 ], [ -70.657829454129171, 2.780941954511323 ], [ -70.640413140676628, 2.802639907920736 ], [ -70.66221654830025, 2.856467391609749 ], [ -70.635411306408798, 2.848765566196213 ], [ -70.631814071852091, 2.807958553986985 ], [ -70.618301856803498, 2.791743901678491 ], [ -70.595672334430049, 2.837685792348188 ], [ -70.569928144770188, 2.832685894849826 ], [ -70.501152633431957, 2.787987388508555 ], [ -70.942492379976329, 2.606656134280215 ], [ -70.92824093080992, 2.570369001719808 ], [ -70.888559300138013, 2.557309341204428 ], [ -70.852611139034195, 2.570172759199684 ], [ -70.829307735930172, 2.532729151688921 ], [ -70.792991318266957, 2.520070615318719 ], [ -70.769896316390032, 2.539389254834628 ], [ -70.754055029363428, 2.536989501557118 ], [ -70.733188233849148, 2.485010806094974 ], [ -70.679719447737114, 2.44101421602826 ], [ -70.680926793424305, 2.41922940534312 ], [ -70.634794333098512, 2.34768495261667 ], [ -70.629998541978409, 2.312933051981673 ], [ -70.586809465230658, 2.289106254044173 ], [ -70.561943738787193, 2.293049543280177 ], [ -70.530730669591378, 2.268444202713295 ], [ -70.511016126043955, 2.282793235048072 ], [ -70.509814008555963, 2.267296622888007 ], [ -70.488751048675056, 2.254754509169694 ], [ -70.513442500916199, 2.257347106637876 ], [ -70.498424665132461, 2.234375489362656 ], [ -70.473124701717779, 2.243657726606537 ], [ -70.464722093704154, 2.233424791658392 ], [ -70.458167707978362, 2.257349649770428 ], [ -70.420784487962862, 2.26862578830953 ], [ -70.407928535871463, 2.255225548350829 ], [ -70.398962073769269, 2.267780043558535 ], [ -70.365904009036626, 2.235481268747848 ], [ -70.342036992592682, 2.247850674926903 ], [ -70.341289253218918, 2.23321554691254 ], [ -70.312231475872636, 2.20826085394822 ], [ -70.292815531665326, 2.228531417369668 ], [ -70.305487957797936, 2.252920798278538 ], [ -70.273556334616842, 2.237407968819765 ], [ -70.243488473692139, 2.265343212288145 ], [ -70.235111854858701, 2.257059008611797 ], [ -70.247301641855699, 2.243267209776711 ], [ -70.225175642668205, 2.247406648107951 ], [ -70.194429805590289, 2.229766357527677 ], [ -70.182720157715551, 2.240114527553978 ], [ -70.191395817860496, 2.252551337077444 ], [ -70.17449168915681, 2.23742565396681 ], [ -70.156771531097036, 2.239895735505609 ], [ -70.159675245040489, 2.265064129761483 ], [ -70.141713592690451, 2.251228710498041 ], [ -70.137930174956182, 2.263834768145838 ], [ -70.153104273706447, 2.268022165771664 ], [ -70.14670514393498, 2.277714952292223 ], [ -70.122904739419084, 2.263445079563392 ], [ -70.085152203729649, 2.263191608924179 ], [ -70.069247780359603, 2.293994737002289 ], [ -70.047040097298236, 2.294160878749854 ], [ -70.053796548428352, 2.279263453243284 ], [ -70.036517752782345, 2.266193595943011 ], [ -70.026383074739613, 2.27239623975055 ], [ -70.023335140653955, 2.234209732992616 ], [ -69.995482641969716, 2.223834538926103 ], [ -69.996176016157449, 2.204796519853919 ], [ -70.005881275795957, 2.207604451752069 ], [ -70.012996179264633, 2.192403252605244 ], [ -70.005945068808387, 2.182692969583957 ], [ -70.036244803058992, 2.181950969551185 ], [ -70.027092713836907, 2.174559261685402 ], [ -70.033567785446394, 2.158515119635176 ], [ -70.055257677368672, 2.161896195107653 ], [ -70.058351676200516, 2.14572446523591 ], [ -70.100104717567092, 2.130031191042193 ], [ -70.092216636212186, 2.121998071179399 ], [ -70.119338548866665, 2.110287007558991 ], [ -70.103822807066877, 2.09445940008896 ], [ -70.108843626345049, 2.080248626671452 ], [ -70.139465492221689, 2.0622502772151 ], [ -70.151490624184078, 2.071627965025529 ], [ -70.181023902647041, 2.024756745792631 ], [ -70.250543772995911, 2.029397987034686 ], [ -70.260690315996328, 2.014116451487973 ], [ -70.265084682933775, 2.02349768585003 ], [ -70.30631273136197, 2.006784278616844 ], [ -70.317644271744086, 2.012832705821666 ], [ -70.351120458557261, 1.983034948756222 ], [ -70.364797308877485, 1.985553067743121 ], [ -70.368105426717818, 2.003550223337553 ], [ -70.379091343612231, 2.004216782792645 ], [ -70.376351036942424, 1.98849087727025 ], [ -70.386522266564839, 1.985207446052025 ], [ -70.398668495117306, 1.998859606156499 ], [ -70.420763764711069, 1.986515881933565 ], [ -70.434712177754704, 1.999748355091052 ], [ -70.442069039044725, 1.986392441637032 ], [ -70.465645557162247, 1.982886822736047 ], [ -70.464435872260196, 1.962988736162459 ], [ -70.485296770329967, 1.963087486243748 ], [ -70.486629892833548, 1.945756892799403 ], [ -70.511119847405951, 1.940399716163257 ], [ -70.513983590778992, 1.956964997376217 ], [ -70.523858572852646, 1.947213453802824 ], [ -70.530894497276904, 1.957113122498097 ], [ -70.579142489087758, 1.928550372964356 ], [ -70.590334918949054, 1.938807268695139 ], [ -70.609709052834774, 1.921763471616935 ], [ -70.620918492309613, 1.929979193071351 ], [ -70.616972226054202, 1.920759896338007 ], [ -70.634475282696371, 1.918718723858239 ], [ -70.63653346568799, 1.903222818672851 ], [ -70.662592437850662, 1.913904958333402 ], [ -70.691066800277497, 1.89766062656257 ], [ -70.699860853081418, 1.912816330495558 ], [ -70.716564450704425, 1.918956862938247 ], [ -70.719898367281985, 1.910264865120464 ], [ -70.733148981033253, 1.923906703574096 ], [ -70.745361997583643, 1.921151124634107 ], [ -70.743031658980044, 1.908138644573383 ], [ -70.761062019029339, 1.90999270861014 ], [ -70.770451413694275, 1.927631844854341 ], [ -70.801034987953074, 1.905570168686448 ], [ -70.846978385998568, 1.920555779179864 ], [ -70.866131392214356, 1.908750996047806 ], [ -70.877357842200922, 1.933074972365393 ], [ -70.885182338054392, 1.921474307289825 ], [ -70.894452663628442, 1.927699883308231 ], [ -70.902432305841671, 1.88848151689377 ], [ -70.934904769153718, 1.874115916917074 ], [ -70.956537342227023, 1.846208461057449 ], [ -70.989585237124231, 1.8345090090697 ], [ -71.000339086656481, 1.815036604804084 ], [ -71.00504162359266, 1.824553203709235 ], [ -71.024633502988593, 1.810541048857612 ], [ -71.04171564109248, 1.817504645368966 ], [ -71.064711704241802, 1.798319299777761 ], [ -71.093371958791749, 1.802059443833577 ], [ -71.092585070806706, 1.781080234852385 ], [ -71.125825395770903, 1.783058836927819 ], [ -71.25861937618788, 1.667971697039708 ], [ -71.313884384667801, 1.71390839364632 ], [ -71.330443685791749, 1.705118778523756 ], [ -71.367819720177579, 1.738939204518585 ], [ -71.398176290881509, 1.733711396166189 ], [ -71.390179999279553, 1.598200008057078 ], [ -71.439479999974822, 1.545000007077197 ], [ -71.439940000648903, 1.507999997888676 ], [ -71.455320002409564, 1.464770004645205 ], [ -71.479419997108039, 1.446160001705912 ], [ -71.478639998308438, 1.404840004348286 ], [ -71.522143421875739, 1.316724751155296 ], [ -71.522759638803961, 1.292598725954818 ], [ -71.530613779983753, 1.295835636082382 ], [ -71.526402189809573, 1.278027441258571 ], [ -71.552519709717558, 1.276904709752125 ], [ -71.538908104088421, 1.23019389651907 ], [ -71.553017692090464, 1.207418853242565 ], [ -71.53468175637903, 1.206022098525151 ], [ -71.531932658788833, 1.179684474130042 ], [ -71.513074193321472, 1.172673670214625 ], [ -71.50799996556384, 1.137215245842264 ], [ -71.492831574713477, 1.131186782812214 ], [ -71.485052911840569, 1.108823128737742 ], [ -71.502652135905521, 1.103280831631941 ], [ -71.535516983646346, 1.124088756006416 ], [ -71.53162765265904, 1.160259533288639 ], [ -71.556227671602755, 1.155495105075137 ], [ -71.53998971338342, 1.11455989329127 ], [ -71.552338339717153, 1.112712460623218 ], [ -71.563325701103736, 1.130506150338603 ], [ -71.582541999969919, 1.126873751202161 ], [ -71.572951028584498, 1.120891238832133 ], [ -71.582232719652609, 1.119385698047136 ], [ -71.57528856180096, 1.108053074296278 ], [ -71.585682798370385, 1.11147111906543 ], [ -71.583450736435509, 1.095613770149242 ], [ -71.572684347310258, 1.091154487304499 ], [ -71.588491606126752, 1.068576913647752 ], [ -71.579313743320313, 1.062034170995896 ], [ -71.592066423207712, 1.057075369657915 ], [ -71.585250727239043, 1.044587708262278 ], [ -71.615795808657253, 1.037083462961359 ], [ -71.665564558726146, 0.972923942103054 ], [ -71.68838074128297, 0.970327880728415 ], [ -71.710232416323663, 0.990475243703739 ], [ -71.740285481085493, 0.984824232395558 ], [ -71.765705536772998, 0.961615474967758 ], [ -71.774096539442212, 0.906057895748204 ], [ -72.04855811692812, 0.656200576367459 ], [ -72.08618486142808, 0.659615219213908 ], [ -72.070687633022715, 0.668414493030142 ], [ -72.070359302117993, 0.692710992556226 ], [ -72.081128562261199, 0.704924909218849 ], [ -72.109824700043816, 0.704924909218849 ], [ -72.126700918069389, 0.740122003585304 ], [ -72.140293824352625, 0.718058155289349 ], [ -72.163377937741302, 0.7338507868259 ], [ -72.163933662968361, 0.713330187027347 ], [ -72.190791147325115, 0.726988759311456 ], [ -72.200378414055365, 0.701969929279683 ], [ -72.220920789932734, 0.706293761342991 ], [ -72.230519209256101, 0.718189483698627 ], [ -72.221851268340515, 0.747279620182923 ], [ -72.248695818743499, 0.788537374123197 ], [ -72.27034076162812, 0.79409849633915 ], [ -72.260988332666614, 0.773349108930139 ], [ -72.269654450000758, 0.76310517859419 ], [ -72.31011456221654, 0.809290466187433 ], [ -72.286752902421597, 0.818728576528656 ], [ -72.301424023263621, 0.84237057739025 ], [ -72.288528387164604, 0.87320797083387 ], [ -72.323103644739149, 0.876104817151415 ], [ -72.316655827138788, 0.853023495729648 ], [ -72.328803890052484, 0.840781983697769 ], [ -72.343568460013103, 0.868629082603666 ], [ -72.332354863131854, 0.879375447366609 ], [ -72.346932538448641, 0.902924000007953 ], [ -72.339924041408494, 0.926659448191425 ], [ -72.354408271199986, 0.935069645178352 ], [ -72.374032065068434, 0.917408228900732 ], [ -72.391600033126451, 0.919090272610038 ], [ -72.377022357809665, 0.960206793308828 ], [ -72.400465090623641, 0.967362853124818 ], [ -72.410478608295819, 0.986819485656361 ], [ -72.39946043017892, 1.003933851744573 ], [ -72.423659439063556, 1.022663494205335 ], [ -72.455681889178777, 1.079863665790394 ], [ -72.510916668427001, 1.0680111623158 ], [ -72.62257066285764, 1.136249216578842 ], [ -72.649902760794873, 1.181814423586816 ], [ -72.662198691013771, 1.150793549998556 ], [ -72.669189805639348, 1.16319487424342 ], [ -72.694378897995023, 1.163756971225836 ], [ -72.699191876595194, 1.182200868350223 ], [ -72.725856479930314, 1.186100434749848 ], [ -72.722764932602843, 1.149599087061189 ], [ -72.738749641168738, 1.151109729382729 ], [ -72.749605191750277, 1.128836530339599 ], [ -72.778026357700242, 1.147877654890193 ], [ -72.771281160672913, 1.182271131034449 ], [ -72.823907744992198, 1.178231036571369 ], [ -72.816249135764508, 1.168078111934422 ], [ -72.826893899191589, 1.1488964602186 ], [ -72.859249761985154, 1.164775775655947 ], [ -72.849799460597183, 1.143099806734031 ], [ -72.869086507238251, 1.146648063305685 ], [ -72.872072661437642, 1.135406068859395 ], [ -72.850045379992082, 1.10466624331316 ], [ -72.88370109795278, 1.098623669535342 ], [ -72.869121637682099, 1.086538528267948 ], [ -72.883349786328097, 1.070026848672359 ], [ -72.860830667889331, 1.071923936655603 ], [ -72.858020167705661, 1.04223804777993 ], [ -72.873758959571603, 1.052215315706275 ], [ -72.879344825901967, 1.046172743725103 ], [ -72.865151807699704, 1.041711076749708 ], [ -72.874531847301796, 1.036406263851506 ], [ -72.867189419254942, 1.024461644359332 ], [ -72.907871384081659, 1.008687722050061 ], [ -72.932498376759895, 1.015151868340131 ], [ -72.940308153705757, 0.979990039164904 ], [ -72.954222525064552, 0.983582476714077 ], [ -72.96047134411134, 0.960838803530562 ], [ -72.996648707847612, 0.951705919406548 ], [ -72.987870006365881, 0.928102084398551 ], [ -73.006211676028329, 0.933288349229182 ], [ -73.009728219350393, 0.910544678740609 ], [ -73.026577257028748, 0.921499082709399 ], [ -73.038265329149795, 0.902423742200624 ], [ -73.051597827099442, 0.911860219403423 ], [ -73.076719590670848, 0.894429305621492 ], [ -73.109279220279348, 0.924003668565773 ], [ -73.144520528862131, 0.919930552006484 ], [ -73.154817164296503, 0.933465442347113 ], [ -73.145861367900181, 0.933364245253051 ], [ -73.146949217796362, 0.943331994623052 ], [ -73.164253637906313, 0.9403720290301 ], [ -73.180672595121564, 0.970958348541601 ], [ -73.189501896048682, 0.966986426381427 ], [ -73.172922053132766, 0.981514871286019 ], [ -73.17857046561295, 1.000162200153387 ], [ -73.20647211475881, 1.006718395087378 ], [ -73.216331622441032, 0.996972358191022 ], [ -73.234903303220392, 1.008697859546137 ], [ -73.251555838765341, 1.048763000181715 ], [ -73.278847470261724, 1.047291788542654 ], [ -73.282012596856134, 1.066795452408442 ], [ -73.340540409422374, 1.099177493925794 ], [ -73.333713966899438, 1.113195759122805 ], [ -73.343567766681758, 1.12340328699948 ], [ -73.355652111143286, 1.120253417404124 ], [ -73.393020077753135, 1.147353837847476 ], [ -73.392985006598167, 1.171941516623477 ], [ -73.410974910986454, 1.174014971885356 ], [ -73.421065355050985, 1.190911878127807 ], [ -73.407271705684479, 1.205746665856375 ], [ -73.424167849257231, 1.223537486350459 ], [ -73.40874095360482, 1.241436497328658 ], [ -73.43187025498321, 1.258920562671663 ], [ -73.428253638360445, 1.295942497058796 ], [ -73.456126896229193, 1.294634576810613 ], [ -73.455156537082587, 1.321018637854697 ], [ -73.482969994953521, 1.370308846903937 ], [ -73.535115814024323, 1.389910730844515 ], [ -73.548123535705599, 1.407217015857886 ], [ -73.547258512194901, 1.438015102586581 ], [ -73.6069725743954, 1.501716912578277 ], [ -73.663908802775211, 1.593357367961062 ], [ -73.656931530300881, 2.294470946890339 ], [ -73.643401054284652, 2.283667961269851 ], [ -73.62970149543429, 2.294869136237083 ], [ -73.635035483839715, 2.32569802172987 ], [ -73.613847792782224, 2.341135077335772 ], [ -73.632978288995673, 2.360344732256244 ], [ -73.618500096785965, 2.376722599598768 ], [ -73.58637689963308, 2.390019462250562 ], [ -73.585438616655949, 2.359570088318291 ], [ -73.571966044292424, 2.354919430029571 ], [ -73.528033862583129, 2.3875601901482 ], [ -73.512283727681051, 2.332943709228119 ], [ -73.505863092224558, 2.356443894739434 ], [ -73.474039024418175, 2.361762918996718 ], [ -73.450301493039092, 2.339727074803762 ], [ -73.455678727275085, 2.382377818619111 ], [ -73.442308228762045, 2.386267030130234 ], [ -73.430823547061493, 2.359694665882865 ], [ -73.436771624284518, 2.326544104247694 ], [ -73.42523828709443, 2.328043487974855 ], [ -73.412162296092106, 2.356968593928456 ], [ -73.390348200304686, 2.351127101000735 ], [ -73.396301603643224, 2.328868419642461 ], [ -73.378970408326609, 2.324956123206766 ], [ -73.374607604620167, 2.362483334292727 ], [ -73.356909311571826, 2.368503832853115 ], [ -73.345089206761713, 2.352676085245807 ], [ -73.356706849111731, 2.324095045099964 ], [ -73.333165122772925, 2.333345882606395 ], [ -73.33041052030228, 2.360356221717842 ], [ -73.300645157409122, 2.335993596252716 ], [ -73.267426086601461, 2.358769248587465 ], [ -73.242474686862806, 2.347332252195523 ], [ -73.241151834806033, 2.371342010152704 ], [ -73.267873438986328, 2.380866541188096 ], [ -73.22594560598742, 2.388909077199204 ], [ -73.216523086818313, 2.405468079183381 ], [ -73.217687466051188, 2.386355631935602 ], [ -73.201595583894914, 2.38246656325676 ], [ -73.165733382649137, 2.399409687857457 ], [ -73.163501742922733, 2.365389843795477 ], [ -73.12406632180182, 2.378824614122915 ], [ -73.141274944595239, 2.397115804713839 ], [ -73.127784591863133, 2.410980742641007 ], [ -73.110553188674317, 2.380999202698384 ], [ -73.045229693721524, 2.437923029823949 ], [ -73.032793476187862, 2.412567496582302 ], [ -72.986096367662185, 2.451901509503625 ], [ -72.965766992389888, 2.448437309258408 ], [ -72.962551490030819, 2.480169904240421 ], [ -72.934800595377737, 2.464143248809424 ], [ -72.932733962825807, 2.496979690000618 ], [ -72.954233391993228, 2.494864607673625 ], [ -72.958342617262531, 2.508514786093057 ], [ -72.921030834030262, 2.534376495247813 ], [ -72.920320159174707, 2.562458741841411 ], [ -72.86850134868746, 2.578054780514671 ], [ -72.81821266589418, 2.613972692622637 ], [ -72.739666284611758, 2.569908939960211 ], [ -72.702158849951331, 2.617818254959348 ], [ -72.679422709146763, 2.622178103205995 ], [ -72.652959776855312, 2.571539948540932 ], [ -72.645920251980499, 2.602443170581018 ], [ -72.620873705306053, 2.627358626899066 ], [ -72.602655216326752, 2.619717330915885 ], [ -72.599049399258945, 2.585711515854932 ], [ -72.586413981948908, 2.583668138907684 ], [ -72.586719256675224, 2.639323478264199 ], [ -72.555826322148903, 2.649897258557292 ], [ -72.571420820210733, 2.67411664394295 ], [ -72.537245201865062, 2.68282006474702 ], [ -72.536309405426607, 2.702719788950628 ], [ -72.472208814994076, 2.689345506731056 ], [ -72.4705916503612, 2.733829399990058 ], [ -72.434638216142446, 2.739994259728276 ], [ -72.406650125641136, 2.726001370161655 ], [ -72.335505232190997, 2.796746852552872 ], [ -72.313023966991864, 2.799124677038469 ], [ -72.294972684264565, 2.774053756356808 ], [ -72.279952870388968, 2.775781907931445 ], [ -72.266468869649373, 2.78706543871292 ], [ -72.272168592142805, 2.812887245569274 ], [ -72.259486853168198, 2.824704323054097 ], [ -72.215120880950735, 2.775662054610742 ], [ -72.19286090691503, 2.772349221509844 ], [ -72.184044915437823, 2.79033392734281 ], [ -72.205805627000302, 2.814832739310224 ], [ -72.202707247979674, 2.864046534905534 ], [ -72.182819975333473, 2.875215111781735 ], [ -72.143964357901723, 2.864742259986245 ], [ -72.134854476955184, 2.889037481208658 ], [ -72.115999713447991, 2.880769686172379 ], [ -72.082128511038491, 2.825854396604606 ], [ -72.05162370022822, 2.816684628523911 ], [ -72.004858681707901, 2.829350460118356 ], [ -71.98191802668947, 2.801187394729217 ], [ -71.953944346075161, 2.831740238494983 ], [ -71.827910074082183, 2.837469388023774 ], [ -71.823147962625512, 2.870024025689171 ], [ -71.850864847933167, 2.871597854659838 ], [ -71.820612348934446, 2.879117262636518 ], [ -71.788436279596681, 2.869499414535079 ], [ -71.789223195429543, 2.821934790571635 ], [ -71.780042522690621, 2.817825347909988 ], [ -71.75800891081218, 2.85297420450385 ], [ -71.761856049693563, 2.897303733836389 ], [ -71.697066738350202, 2.838110260132915 ], [ -71.681503313937128, 2.871685287756104 ], [ -71.662005315749695, 2.872734508267629 ], [ -71.67389647196552, 2.825781930351252 ], [ -71.6522125987604, 2.820186093611788 ], [ -71.610587817155704, 2.8463158081586 ], [ -71.57516630189167, 2.844268214516061 ], [ -71.58324906539184, 2.872286165938608 ], [ -71.54509390536947, 2.859110219315362 ], [ -71.520672943262468, 2.878997281754976 ], [ -71.470298216169454, 2.853095305585516 ], [ -71.463380829032985, 2.89927768622822 ], [ -71.391243731187785, 2.843905205918797 ], [ -71.382667514624018, 2.887486253868564 ], [ -71.3616315940547, 2.890527437109358 ], [ -71.358539682909282, 2.861852027071129 ], [ -71.347705255330141, 2.858230989835445 ], [ -71.327608836752859, 2.895613733742262 ], [ -71.33081788920299, 2.921313295062422 ], [ -71.312658625299264, 2.9246304328936 ] ] ] } },
{ "type": "Feature", "properties": { "dpto_ccdgo": "97", "dpto_cnmbr": "VAUPÉS" }, "geometry": { "type": "Polygon", "coordinates": [ [ [ -70.110325500096735, 2.080104576310998 ], [ -70.121760150986006, 2.032186879125273 ], [ -70.111545892925449, 2.002802809154154 ], [ -70.140694615783616, 1.979836605131151 ], [ -70.140096677789359, 1.954931271936097 ], [ -70.165662265160449, 1.933673348737838 ], [ -70.175564915366863, 1.870091527712576 ], [ -70.149078763403452, 1.867606420940329 ], [ -70.046497014970498, 1.77220005420562 ], [ -69.97501501227174, 1.743234931867461 ], [ -69.902769491278605, 1.745250047793381 ], [ -69.859009204132576, 1.709301430346155 ], [ -69.845719111189737, 1.713921053613728 ], [ -69.846586519729442, 1.077834658305889 ], [ -69.803838978770443, 1.065284851409393 ], [ -69.77364034100242, 1.100591323833702 ], [ -69.703676493241971, 1.118640023901897 ], [ -69.702073168963693, 1.075817508592594 ], [ -69.67428766758502, 1.070634584599195 ], [ -69.605248743046104, 1.097857851552145 ], [ -69.561081607685367, 1.071923120086363 ], [ -69.43756270223912, 1.074099809822933 ], [ -69.43095834229598, 1.048508147034213 ], [ -69.413161116808283, 1.041242166577495 ], [ -69.37617180835872, 1.088976565976693 ], [ -69.356653941218042, 1.079252167716165 ], [ -69.320914809264252, 1.088085465250849 ], [ -69.287757874974318, 1.053756012986225 ], [ -69.244193338969524, 1.056204685858136 ], [ -69.198065046830038, 1.000597119844801 ], [ -69.217701285070007, 0.974373700159375 ], [ -69.165716093883134, 0.941800688338545 ], [ -69.18801002426369, 0.93356491377611 ], [ -69.191023046196335, 0.915941433383104 ], [ -69.136585040900741, 0.87684016695086 ], [ -69.141666315947361, 0.848705724604412 ], [ -69.167375780303871, 0.843746689704264 ], [ -69.147593453424406, 0.76868906683251 ], [ -69.175719277328085, 0.760020928287648 ], [ -69.187795041973516, 0.732984302653376 ], [ -69.181098852575587, 0.715985654937394 ], [ -69.145633966615094, 0.698526584338753 ], [ -69.117901349099327, 0.654018766229719 ], [ -69.120578248134279, 0.633753247750877 ], [ -69.183288937102077, 0.654268610367212 ], [ -69.204255557981867, 0.63258109179645 ], [ -69.20012023034451, 0.606669454238445 ], [ -69.294781674827561, 0.603906052762658 ], [ -69.284686867642222, 0.620168079562077 ], [ -69.290988041443768, 0.650358774419012 ], [ -69.319535532182897, 0.626328231226215 ], [ -69.322730050778489, 0.640924210629353 ], [ -69.336519027105226, 0.643279877252483 ], [ -69.353149853945695, 0.614306915310617 ], [ -69.435576740260672, 0.698575249709717 ], [ -69.43386407655214, 0.712644463796979 ], [ -69.456094824775107, 0.719014501604583 ], [ -69.463780484094173, 0.736491642727896 ], [ -69.48077955761255, 0.735582478663918 ], [ -69.532508223885827, 0.702396738075916 ], [ -69.535746376384509, 0.679477168331389 ], [ -69.562634285805871, 0.684200398874796 ], [ -69.592908763003834, 0.656548681902289 ], [ -69.587497868867331, 0.639930525809559 ], [ -69.606284732261315, 0.634621128804766 ], [ -69.606684481084699, 0.613263087390024 ], [ -69.649369632200887, 0.663667209177503 ], [ -69.671076198664821, 0.667897997262776 ], [ -69.715832737119456, 0.641076606345452 ], [ -69.724056154447339, 0.615073857087118 ], [ -69.738759966805276, 0.608732699240634 ], [ -69.748727529325834, 0.619837643902964 ], [ -69.80283647158916, 0.571867709641891 ], [ -69.823310418245285, 0.591404275229416 ], [ -69.887222739610479, 0.577051365762843 ], [ -69.916461557275227, 0.590195508406373 ], [ -69.936087350795049, 0.552933148725075 ], [ -69.978310093750281, 0.578045981237986 ], [ -69.985524619565012, 0.567481174223462 ], [ -70.000444034051156, 0.573573677302888 ], [ -69.991686195958493, 0.562916291637997 ], [ -70.005431339854283, 0.544343488862591 ], [ -70.046476257582697, 0.563189895335382 ], [ -70.042648136051014, -0.122507598276567 ], [ -70.065227438068518, -0.164499165895995 ], [ -70.053301957198357, -0.18924371310352 ], [ -70.000059782975427, -0.222902965038239 ], [ -69.936134507893485, -0.294180884712563 ], [ -69.920730343229138, -0.325624987307783 ], [ -69.889628297806041, -0.341815248540324 ], [ -69.844836435769594, -0.33757459694534 ], [ -69.829122934194004, -0.375472151378693 ], [ -69.774391580215308, -0.391287338731727 ], [ -69.726878844779151, -0.445996152163513 ], [ -69.666448432162554, -0.464369969860092 ], [ -69.641254597596742, -0.49365055742121 ], [ -69.608488093898359, -0.500586713073662 ], [ -69.614410183737789, -0.534366933139269 ], [ -69.591537978601934, -0.560958000325774 ], [ -69.603480291219057, -0.595664391373896 ], [ -69.561992292598347, -0.63672099529382 ], [ -69.62559509559253, -0.745645849118966 ], [ -69.606236473827494, -0.755006902812056 ], [ -69.601556801728464, -0.784249039753431 ], [ -69.586178760093333, -0.781363255299129 ], [ -69.583388717259936, -0.80053479556998 ], [ -69.564503730809236, -0.806711108837247 ], [ -69.558324981308772, -0.818596629916392 ], [ -69.573315366352233, -0.838656334318127 ], [ -69.525672455944459, -0.86879741518237 ], [ -69.528261346960846, -0.924458601677754 ], [ -69.471305714955463, -0.957663958792204 ], [ -69.459092897831226, -0.993795892890577 ], [ -69.418177142672221, -0.999029963403784 ], [ -69.437031030321293, -1.028464537598688 ], [ -69.445079108044013, -1.023005359875668 ], [ -69.418596114559648, -1.043640381776447 ], [ -69.430558800983647, -1.060769420059878 ], [ -69.420372068223685, -1.06994310569663 ], [ -69.452148783098778, -1.070840261970654 ], [ -69.469887742014123, -1.089742107117041 ], [ -69.459571847583049, -1.134249785987102 ], [ -69.489219090905351, -1.152902396054241 ], [ -69.47007362964564, -1.163786645136725 ], [ -69.465030982187045, -1.189306101285364 ], [ -69.490396629569318, -1.216860332107228 ], [ -69.508655623617074, -1.216546918637979 ], [ -69.539049016293859, -1.191925760523003 ], [ -69.564725947238173, -1.193264967320826 ], [ -69.592539144597424, -1.145835753714573 ], [ -69.633066737412832, -1.166418958951818 ], [ -69.638506321965735, -1.214863735864031 ], [ -69.66652913417704, -1.225066453258564 ], [ -69.680391213663199, -1.200714930080813 ], [ -69.68090618409002, -1.121334095882137 ], [ -69.661547123048422, -1.11647718064656 ], [ -69.652304649761959, -1.133694926736631 ], [ -69.649672363794537, -1.115785587819449 ], [ -69.704710892437845, -1.047776509813173 ], [ -69.737776680891443, -1.042438973958061 ], [ -69.749520039870731, -1.027621016179743 ], [ -69.774749819652982, -1.040959186994497 ], [ -69.75758011370533, -1.073477265893606 ], [ -69.734842568832846, -1.081336372964001 ], [ -69.745366421621327, -1.097500335995643 ], [ -69.780884847215418, -1.089423090850915 ], [ -69.830325879929376, -1.027783424526023 ], [ -69.853416418972358, -1.038778921061887 ], [ -69.876398127031962, -1.07855645684693 ], [ -69.960887589103834, -1.093303836632053 ], [ -69.970950265322472, -1.068706591688972 ], [ -69.941186116952508, -1.033114268825256 ], [ -69.954021289198238, -0.995108142123553 ], [ -69.921069550045672, -0.972951249849564 ], [ -69.901808143139817, -0.97468091059509 ], [ -69.939345746844822, -0.94671177276563 ], [ -69.958194825808334, -0.967752770616277 ], [ -69.996833576282938, -0.97649490704331 ], [ -70.007900011935362, -0.966050167148672 ], [ -70.00104254337441, -0.945517299946827 ], [ -70.020325797325313, -0.937555910616656 ], [ -70.023087334795491, -0.971529162620952 ], [ -70.039306891909916, -0.980852937996708 ], [ -70.073150425288304, -0.948208034844695 ], [ -70.105280818850702, -0.955799544358484 ], [ -70.136674107304145, -0.990644647075118 ], [ -70.138053165196368, -1.009858955272433 ], [ -70.125611517342463, -1.021262600784589 ], [ -70.087423631668287, -1.012571625250394 ], [ -70.07933379123466, -1.038374374332798 ], [ -70.128286834442918, -1.111075937119012 ], [ -70.169518813901902, -1.112295644532639 ], [ -70.177550445255349, -1.074900280184321 ], [ -70.216755733986759, -1.065362578039698 ], [ -70.227598695567849, -1.049673616661105 ], [ -70.197468468156501, -0.985065028532724 ], [ -70.219919519395319, -0.985347434828576 ], [ -70.232062853573609, -1.014576162607024 ], [ -70.253178502382866, -1.020778424630286 ], [ -70.30712294502024, -0.964603714895219 ], [ -70.295885967668482, -0.936491688227919 ], [ -70.260585574147399, -0.938044905337954 ], [ -70.250946269767951, -0.910474501234823 ], [ -70.221252888935851, -0.88634563466086 ], [ -70.297126977747723, -0.791319325662806 ], [ -70.290231666726925, -0.752465438388952 ], [ -70.248799399630911, -0.739398321850792 ], [ -70.261909849136714, -0.711549517941151 ], [ -70.256134326739129, -0.602855798127861 ], [ -70.2822395954135, -0.558178063547423 ], [ -70.299937150944402, -0.559286599864465 ], [ -70.309746870360641, -0.590287803925638 ], [ -70.324253708969309, -0.580618411350377 ], [ -70.325233681893678, -0.561342523591251 ], [ -70.244511484936083, -0.469851403362012 ], [ -70.202572125644622, -0.473843552005236 ], [ -70.211596467145, -0.44011967072587 ], [ -70.246605376887032, -0.445440744041978 ], [ -70.268112112956771, -0.418098074722959 ], [ -70.288333827751444, -0.412934935241107 ], [ -70.309759536616241, -0.441497734182285 ], [ -70.333980362901627, -0.438157983042389 ], [ -70.365065782292163, -0.453960752075067 ], [ -70.351162286845181, -0.472538910610456 ], [ -70.321248210433112, -0.469823275291411 ], [ -70.334614794983338, -0.499275618176763 ], [ -70.377766953638456, -0.497901044678038 ], [ -70.399623062766921, -0.462851504104464 ], [ -70.457353537238134, -0.495480120787391 ], [ -70.46478387987861, -0.482218956315151 ], [ -70.448442779711058, -0.46027333089637 ], [ -70.452594586955456, -0.43968810354982 ], [ -70.519303039041631, -0.357653872059444 ], [ -70.531224005873923, -0.374670234566998 ], [ -70.56065235743489, -0.365860312112929 ], [ -70.579514921019836, -0.391992763828604 ], [ -70.630376300924411, -0.319905944732306 ], [ -70.677988223921716, -0.352116796864536 ], [ -70.73669632581425, -0.286713411078761 ], [ -70.780083660004891, -0.312314903241132 ], [ -70.759483502645764, -0.319075172214066 ], [ -70.762124145646908, -0.331077734884893 ], [ -70.826187077774364, -0.365719845134991 ], [ -70.87817976091668, -0.279955825375716 ], [ -70.883085505915233, -0.213941635913946 ], [ -70.915079767772681, -0.201787465350149 ], [ -70.917343675009761, -0.183783555317711 ], [ -70.944735042040065, -0.159474650047709 ], [ -70.934548416179666, -0.131746981355696 ], [ -70.917193216062913, -0.122706929207073 ], [ -70.901573426812433, -0.132506426685217 ], [ -70.892141368425712, -0.11305910430067 ], [ -70.924963602750495, -0.091646113794515 ], [ -70.927254560977246, -0.051756490630564 ], [ -70.961282027251627, -0.039830032392947 ], [ -70.972871579260357, -0.026758098186091 ], [ -70.968896092582156, -0.009306385693813 ], [ -71.001710699305704, -0.003781135032388 ], [ -71.018623360214804, -0.018335454132704 ], [ -71.012087390865361, -0.041514559945991 ], [ -71.031088867341623, -0.047444100418174 ], [ -71.053055111808305, -0.027701434190755 ], [ -71.03951150690375, -0.00452232837741 ], [ -71.064577283828839, -0.010114960823682 ], [ -71.081355182066488, 0.00154197207116 ], [ -71.095033549642437, -0.008160907029622 ], [ -71.104332144322655, 0.02600132011838 ], [ -71.133979836803007, 0.004169837425456 ], [ -71.149452263601916, 0.038720883586024 ], [ -71.145434627038696, 0.062926172597055 ], [ -71.184313534211071, 0.097054710200082 ], [ -71.187143541326691, 0.081152767080993 ], [ -71.225752922258039, 0.054200319944163 ], [ -71.234916755165216, 0.0663962999312 ], [ -71.25027965029426, 0.057771517709818 ], [ -71.264362304087626, 0.070102264859847 ], [ -71.292662374345866, 0.068350354623609 ], [ -71.290304035232509, 0.095909230637539 ], [ -71.328509129946383, 0.112889273330861 ], [ -71.320962444604049, 0.136337906283583 ], [ -71.335247241955358, 0.155002474733293 ], [ -71.341850592191349, 0.138291954687746 ], [ -71.365433984222875, 0.144558398694253 ], [ -71.373115432236546, 0.172117278301422 ], [ -71.399596212270296, 0.185863026763406 ], [ -71.408827425165669, 0.150690080927666 ], [ -71.449593003449081, 0.13903314893112 ], [ -71.470346388364987, 0.152644134721782 ], [ -71.455589922113006, 0.174071330298885 ], [ -71.473513299913236, 0.184987074340295 ], [ -71.495210020833838, 0.134788136910332 ], [ -71.529709154212185, 0.11989691158075 ], [ -71.545004667556384, 0.131014793790146 ], [ -71.526137954649755, 0.152509372948686 ], [ -71.531461062651829, 0.165244405417875 ], [ -71.548306342674323, 0.173869190334252 ], [ -71.589947875177529, 0.166255122309023 ], [ -71.560771850699496, 0.21625191438446 ], [ -71.605782439207189, 0.183302544990603 ], [ -71.636148830301636, 0.18297210933149 ], [ -71.617122674389918, 0.192939287372503 ], [ -71.624111359968992, 0.215873278682054 ], [ -71.643906555225215, 0.209584553743835 ], [ -71.697932431106324, 0.237455043900029 ], [ -71.726303161104454, 0.280975887609773 ], [ -71.700862404623081, 0.299556215578335 ], [ -71.705007248121831, 0.31842239757954 ], [ -71.727160715117634, 0.30856052822486 ], [ -71.737244864681998, 0.285695174545947 ], [ -71.751323514680962, 0.297222659206881 ], [ -71.753685704875011, 0.332419287347313 ], [ -71.789071304567017, 0.335679105431166 ], [ -71.766961210064323, 0.369600150004517 ], [ -71.81481917103423, 0.373568627122848 ], [ -71.801874371897156, 0.355285278830644 ], [ -71.823464785203953, 0.339364121630641 ], [ -71.853133886351259, 0.352356165900722 ], [ -71.834708808048163, 0.367615910097907 ], [ -71.836267853432446, 0.395111795295564 ], [ -71.823417540968933, 0.405741650269963 ], [ -71.846897705712252, 0.413584118731426 ], [ -71.858992116702893, 0.457001165620674 ], [ -71.887102173364156, 0.469379038428009 ], [ -71.889842312947167, 0.447552404844899 ], [ -71.919369683185835, 0.451001201665655 ], [ -71.901464285180282, 0.471977445305762 ], [ -71.92900741641057, 0.486623023430162 ], [ -71.913133501648531, 0.514544102251902 ], [ -71.929290879126086, 0.553425742100266 ], [ -71.941385290116671, 0.571047679186318 ], [ -71.9531017499217, 0.540008505104524 ], [ -71.989762932282531, 0.563016231089667 ], [ -71.990677124221179, 0.589001081401666 ], [ -72.011844774747033, 0.597714822059931 ], [ -71.98147424061915, 0.632014410707444 ], [ -71.994960456606066, 0.633076318135849 ], [ -71.999314275355914, 0.658774461015006 ], [ -72.033192223220283, 0.664277519678 ], [ -71.774096539442212, 0.906057895748204 ], [ -71.765705536772998, 0.961615474967758 ], [ -71.740285481085493, 0.984824232395558 ], [ -71.710232416323663, 0.990475243703739 ], [ -71.68838074128297, 0.970327880728415 ], [ -71.665564558726146, 0.972923942103054 ], [ -71.615795808657253, 1.037083462961359 ], [ -71.585146934011789, 1.04469414433527 ], [ -71.592066423207712, 1.057075369657915 ], [ -71.579313743320313, 1.062034170995896 ], [ -71.588491606126752, 1.068576913647752 ], [ -71.572684347310258, 1.091154487304499 ], [ -71.583450736435509, 1.095613770149242 ], [ -71.585682798370385, 1.11147111906543 ], [ -71.57528856180096, 1.108053074296278 ], [ -71.582232719652609, 1.119385698047136 ], [ -71.572951028584498, 1.120891238832133 ], [ -71.582541999969919, 1.126873751202161 ], [ -71.563325701103736, 1.130506150338603 ], [ -71.552338339717153, 1.112712460623218 ], [ -71.53998971338342, 1.11455989329127 ], [ -71.556227671602755, 1.155495105075137 ], [ -71.53162765265904, 1.160259533288639 ], [ -71.535516983646346, 1.124088756006416 ], [ -71.502652135905521, 1.103280831631941 ], [ -71.485052911840569, 1.108823128737742 ], [ -71.492831574713477, 1.131186782812214 ], [ -71.50799996556384, 1.137215245842264 ], [ -71.513074193321472, 1.172673670214625 ], [ -71.531932658788833, 1.179684474130042 ], [ -71.53468175637903, 1.206022098525151 ], [ -71.553017692090464, 1.207418853242565 ], [ -71.538908104088421, 1.23019389651907 ], [ -71.552519709717558, 1.276904709752125 ], [ -71.526402189809573, 1.278027441258571 ], [ -71.530613779983753, 1.295835636082382 ], [ -71.522759638803961, 1.292598725954818 ], [ -71.522143421875739, 1.316724751155296 ], [ -71.478639998308438, 1.404840004348286 ], [ -71.479419997108039, 1.446160001705912 ], [ -71.455320002409564, 1.464770004645205 ], [ -71.439940000648903, 1.507999997888676 ], [ -71.439479999974822, 1.545000007077197 ], [ -71.390179999279553, 1.598200008057078 ], [ -71.398176290881509, 1.733711396166189 ], [ -71.367819720177579, 1.738939204518585 ], [ -71.330443685791749, 1.705118778523756 ], [ -71.313884384667801, 1.71390839364632 ], [ -71.25861937618788, 1.667971697039708 ], [ -71.125825395770903, 1.783058836927819 ], [ -71.092585070806706, 1.781080234852385 ], [ -71.093371958791749, 1.802059443833577 ], [ -71.064711704241802, 1.798319299777761 ], [ -71.04196625418848, 1.817404447202319 ], [ -71.024633502988593, 1.810541048857612 ], [ -71.00504162359266, 1.824553203709235 ], [ -71.000117292436073, 1.815190884288915 ], [ -70.989585237124231, 1.8345090090697 ], [ -70.902611528866828, 1.888278786735507 ], [ -70.89467379219667, 1.927529788970243 ], [ -70.884706065284263, 1.921627394709271 ], [ -70.879637151964118, 1.933160021331003 ], [ -70.866131392214356, 1.908750996047806 ], [ -70.846978385998568, 1.920555779179864 ], [ -70.801034987953074, 1.905570168686448 ], [ -70.770451413694275, 1.927631844854341 ], [ -70.761062019029339, 1.90999270861014 ], [ -70.743031658980044, 1.908138644573383 ], [ -70.745361997583643, 1.921151124634107 ], [ -70.733148981033253, 1.923906703574096 ], [ -70.719898367281985, 1.910264865120464 ], [ -70.716564450704425, 1.918956862938247 ], [ -70.699860853081418, 1.912816330495558 ], [ -70.691066800277497, 1.89766062656257 ], [ -70.662592437850662, 1.913904958333402 ], [ -70.636142240086826, 1.903290858025034 ], [ -70.620918492309613, 1.929979193071351 ], [ -70.609709052834774, 1.921763471616935 ], [ -70.590334918949054, 1.938807268695139 ], [ -70.579142489087758, 1.928550372964356 ], [ -70.530894497276904, 1.957113122498097 ], [ -70.523858572852646, 1.947213453802824 ], [ -70.513983590778992, 1.956964997376217 ], [ -70.511119847405951, 1.940399716163257 ], [ -70.486629892833548, 1.945756892799403 ], [ -70.485296770329967, 1.963087486243748 ], [ -70.464435872260196, 1.962988736162459 ], [ -70.465645557162247, 1.982886822736047 ], [ -70.442069039044725, 1.986392441637032 ], [ -70.434712177754704, 1.999748355091052 ], [ -70.420763764711069, 1.986515881933565 ], [ -70.398668495117306, 1.998859606156499 ], [ -70.386522266564839, 1.985207446052025 ], [ -70.376351036942424, 1.98849087727025 ], [ -70.379091343612231, 2.004216782792645 ], [ -70.368105426717818, 2.003550223337553 ], [ -70.364797308877485, 1.985553067743121 ], [ -70.351120458557261, 1.983034948756222 ], [ -70.317644271744086, 2.012832705821666 ], [ -70.30631273136197, 2.006784278616844 ], [ -70.265084682933775, 2.02349768585003 ], [ -70.260690315996328, 2.014116451487973 ], [ -70.250543772995911, 2.029397987034686 ], [ -70.181023902647041, 2.024756745792631 ], [ -70.151490624184078, 2.071627965025529 ], [ -70.139465492221689, 2.0622502772151 ], [ -70.110325500096735, 2.080104576310998 ] ] ] } },
{ "type": "Feature", "properties": { "dpto_ccdgo": "99", "dpto_cnmbr": "VICHADA" }, "geometry": { "type": "Polygon", "coordinates": [ [ [ -67.809724463692248, 6.324317079714977 ], [ -67.761767634063347, 6.291370331607148 ], [ -67.718796914579002, 6.300460509788537 ], [ -67.625259198733147, 6.291350295567055 ], [ -67.586377399881599, 6.262439334497152 ], [ -67.547193683310638, 6.266227386643518 ], [ -67.472507542848462, 6.21049665252343 ], [ -67.45590750399225, 6.18993372946481 ], [ -67.486244948650267, 6.163079438622267 ], [ -67.493273843751808, 6.126999457731436 ], [ -67.409908996955153, 6.001866528169122 ], [ -67.415519701722872, 5.984847758174683 ], [ -67.533771702307604, 5.903017856743325 ], [ -67.597359978633733, 5.827751836237617 ], [ -67.631095435614213, 5.73234774314065 ], [ -67.637952071436246, 5.674736079945443 ], [ -67.620182332621482, 5.566250802681786 ], [ -67.598885920175121, 5.544088503443759 ], [ -67.625373591190908, 5.475248394204224 ], [ -67.726814398353724, 5.397013340503818 ], [ -67.799669244394693, 5.358674591641834 ], [ -67.849510361902219, 5.303959710085469 ], [ -67.849325937627441, 5.273921410944602 ], [ -67.82387062124036, 5.251042578932387 ], [ -67.824446018689514, 5.196136909430708 ], [ -67.854284926713603, 5.135224971592298 ], [ -67.805926638765982, 5.054005088708719 ], [ -67.838732267719479, 4.943478119738647 ], [ -67.817844174929462, 4.7072327177021 ], [ -67.844935522382059, 4.645093814056839 ], [ -67.839298313699089, 4.557475662887042 ], [ -67.857229701783069, 4.524694279483459 ], [ -67.799219780967235, 4.479774769439841 ], [ -67.797824706100698, 4.437063991166213 ], [ -67.773182251607466, 4.41899692323075 ], [ -67.78145849261108, 4.392416643022813 ], [ -67.761609903248484, 4.349344509951625 ], [ -67.804012102790978, 4.327284572025232 ], [ -67.791299376406016, 4.276596638077301 ], [ -67.798394598669461, 4.236624527944965 ], [ -67.776550986913207, 4.204229413234859 ], [ -67.768435946020873, 4.162304877955343 ], [ -67.735571224942589, 4.128123717001024 ], [ -67.707601587648526, 4.045025830857639 ], [ -67.813174759802507, 3.984543513544545 ], [ -67.87601811567049, 3.919145549095804 ], [ -67.913570853305146, 3.909438039176043 ], [ -67.937428087087824, 3.963099321828679 ], [ -67.966169154145121, 3.962948627523084 ], [ -67.995897978933328, 3.980714305050631 ], [ -68.024774603671744, 3.975920583650726 ], [ -68.034532515407591, 4.011355486516904 ], [ -68.078978856364301, 3.935151575598187 ], [ -68.078359991200557, 3.980535161077284 ], [ -68.098296181644514, 3.974566240228307 ], [ -68.112860345390345, 3.943408481247918 ], [ -68.132796535834302, 3.946512320233153 ], [ -68.119545534908866, 3.98208707922243 ], [ -68.130528346324866, 4.000948864865123 ], [ -68.173743325116163, 3.986026567683427 ], [ -68.20502046400577, 3.997486890646954 ], [ -68.206572383049263, 3.956778860284522 ], [ -68.23665573633167, 3.975163135277632 ], [ -68.31389355506991, 3.977789459121684 ], [ -68.344573803401715, 3.993189270546265 ], [ -68.355556614817715, 3.954749428794845 ], [ -68.34672261300301, 3.924069180464044 ], [ -68.381819860445546, 3.91237009858248 ], [ -68.420379081208068, 3.926695505206391 ], [ -68.436614542108941, 3.914996422426529 ], [ -68.42957121735742, 3.895895880560697 ], [ -68.393041429881293, 3.872855852030504 ], [ -68.394712726138039, 3.85077085018932 ], [ -68.411783835616404, 3.850412714956397 ], [ -68.431361892624068, 3.881928609169713 ], [ -68.446761705845745, 3.88443555580052 ], [ -68.444493463335618, 3.838353734447519 ], [ -68.476239924724439, 3.851970011319387 ], [ -68.512967706436939, 3.825507656645987 ], [ -68.502458927390933, 3.792034199816236 ], [ -68.509891371192566, 3.779105307161033 ], [ -68.569300753351968, 3.817967350245874 ], [ -68.572372982393858, 3.801665425639601 ], [ -68.55061546973468, 3.763983588318891 ], [ -68.576023105305126, 3.790243939571691 ], [ -68.587831784434002, 3.776851657794398 ], [ -68.606014259924905, 3.784749061872531 ], [ -68.634678323334697, 3.773646674715846 ], [ -68.672040442805724, 3.812001349822188 ], [ -68.680497264189967, 3.797003941744807 ], [ -68.646433750291123, 3.775066228693338 ], [ -68.650838675136526, 3.761710112219861 ], [ -68.670482431383107, 3.775911650948879 ], [ -68.708127500631178, 3.767418932857565 ], [ -68.754301311340726, 3.783117516997173 ], [ -68.775062705642085, 3.734772754096825 ], [ -68.794811207330895, 3.722252637442435 ], [ -68.812729029945046, 3.719858691777908 ], [ -68.837825569701522, 3.74405363578188 ], [ -68.852116822351604, 3.738699606844991 ], [ -68.829175521443972, 3.682189213488728 ], [ -68.834993828835991, 3.670101439257134 ], [ -68.864220380894039, 3.706332604934102 ], [ -68.90691216787053, 3.683189388641603 ], [ -68.925839777618762, 3.686925195627783 ], [ -68.925293314927956, 3.731431353648824 ], [ -68.937621821678249, 3.742359307601299 ], [ -68.94793491156679, 3.732738663940409 ], [ -68.935496370987948, 3.703681712147452 ], [ -68.942317773958166, 3.682459364957727 ], [ -68.995819320756368, 3.691854143230101 ], [ -69.05594244013065, 3.638655850847187 ], [ -69.078767095603951, 3.655900474552007 ], [ -69.100439275429721, 3.638070238646828 ], [ -69.121111333103215, 3.676044874881203 ], [ -69.152525723897782, 3.642616872841032 ], [ -69.18669243633866, 3.633916193697438 ], [ -69.168091668985539, 3.671903207827961 ], [ -69.20008145633102, 3.669490349916651 ], [ -69.196892859434456, 3.694467674155957 ], [ -69.208044931551171, 3.701982386634943 ], [ -69.234962509655077, 3.674011445885313 ], [ -69.247039037869058, 3.714758264634368 ], [ -69.279677536029055, 3.726294525842611 ], [ -69.287094745289664, 3.713252344759991 ], [ -69.267998987854241, 3.681267783818103 ], [ -69.291982586850338, 3.644787372282054 ], [ -69.305658143595508, 3.65216816291347 ], [ -69.289583393223609, 3.698052807497755 ], [ -69.30350551884618, 3.717256468853825 ], [ -69.366358581916813, 3.665496065976301 ], [ -69.387874600285784, 3.685147700453556 ], [ -69.407709201969965, 3.660004849813125 ], [ -69.454748432347571, 3.708988303711354 ], [ -69.478449572945465, 3.695438432154839 ], [ -69.492879345922745, 3.65076507776323 ], [ -69.504303959029016, 3.678738496966696 ], [ -69.588666766629728, 3.683465999900977 ], [ -69.595494995903209, 3.673031842168869 ], [ -69.570550720708695, 3.669410363860028 ], [ -69.592601882986855, 3.567736302662942 ], [ -69.608883596381986, 3.595461580037778 ], [ -69.629040424913626, 3.568634852225094 ], [ -69.663143904891285, 3.585375439805507 ], [ -69.700637241380434, 3.539909485037378 ], [ -69.709817959933446, 3.576732891588524 ], [ -69.73991894087078, 3.590930865799693 ], [ -69.742351067660309, 3.576010315842588 ], [ -69.720383710180101, 3.569014803960421 ], [ -69.713731217567386, 3.549375284172752 ], [ -69.734010343737623, 3.542920378859365 ], [ -69.777342612055747, 3.564573574572375 ], [ -69.801922576094796, 3.507862186604366 ], [ -69.815398148833708, 3.51593292075468 ], [ -69.817108486802113, 3.552072736677665 ], [ -69.84389147111807, 3.548966607884958 ], [ -69.817209188924039, 3.47704824908985 ], [ -69.851589404128617, 3.491823881811462 ], [ -69.87244670444278, 3.535845381282557 ], [ -69.893555800036779, 3.536854673444521 ], [ -69.895535284258585, 3.517216695167095 ], [ -69.86167593872193, 3.478811182561664 ], [ -69.871734520416283, 3.439353680834777 ], [ -69.902533276391466, 3.424400897503 ], [ -69.91496909507282, 3.446998145178492 ], [ -69.960279624106363, 3.456920550251719 ], [ -69.961246416938422, 3.437565370834271 ], [ -69.939557286788045, 3.41419836516154 ], [ -69.943545590638962, 3.394751986907124 ], [ -70.001927567890846, 3.37271634124197 ], [ -70.015738670638939, 3.380257598958755 ], [ -70.025809585313652, 3.417619678004308 ], [ -70.076018546155183, 3.387365487477569 ], [ -70.110262045749437, 3.384993478689727 ], [ -70.1266119566003, 3.400805557869409 ], [ -70.13338032928209, 3.36514144698089 ], [ -70.172949267110084, 3.34900148695279 ], [ -70.10877422963739, 3.293709149007 ], [ -70.115654085131439, 3.279674375456825 ], [ -70.136180715325963, 3.293780834623768 ], [ -70.157850591869476, 3.281578099300379 ], [ -70.15680930528481, 3.257888798508184 ], [ -70.13181839581182, 3.244091733744643 ], [ -70.12798123632291, 3.202260877552586 ], [ -70.148106461199347, 3.190770142999193 ], [ -70.157179346798102, 3.229403062503385 ], [ -70.174356096441443, 3.235807600136956 ], [ -70.178204721137547, 3.217572958538262 ], [ -70.157723197185987, 3.194461804940456 ], [ -70.164641885982348, 3.181120791853921 ], [ -70.19225145396905, 3.17354811104346 ], [ -70.203906511180492, 3.203118914859742 ], [ -70.217858820220613, 3.205977459678013 ], [ -70.206527292414876, 3.173090092952736 ], [ -70.244398863059189, 3.179185414947781 ], [ -70.259939023782806, 3.1435880453448 ], [ -70.287938620813748, 3.124024222154849 ], [ -70.279921640994303, 3.094469091257798 ], [ -70.319946706856115, 3.086332454849063 ], [ -70.315220280104256, 3.070836954804219 ], [ -70.272742258199742, 3.066110523560865 ], [ -70.255332252722155, 3.039666463092812 ], [ -70.303314466964537, 3.033623813856494 ], [ -70.28269569470126, 2.993327726957118 ], [ -70.278366108025523, 2.936522647325278 ], [ -70.324015023713116, 2.91336913273816 ], [ -70.354048780969208, 2.914027245327943 ], [ -70.34851674802178, 2.873488066932433 ], [ -70.358715380773788, 2.851865743645371 ], [ -70.493867280790482, 2.813336385602918 ], [ -70.504696184624549, 2.787849569766141 ], [ -70.587332113564287, 2.840513455757253 ], [ -70.620328688566758, 2.792554630071799 ], [ -70.635411306408798, 2.848765566196213 ], [ -70.660054589149411, 2.857413246492449 ], [ -70.640413140676628, 2.802639907920736 ], [ -70.657829454129171, 2.780941954511323 ], [ -70.681720373863527, 2.777782823278013 ], [ -70.709165314663437, 2.737109025941682 ], [ -70.724778726768648, 2.795155012346401 ], [ -70.754420678111444, 2.77021795781674 ], [ -70.811343421869765, 2.760012717950881 ], [ -70.79639279808913, 2.794446338040546 ], [ -70.821568351026031, 2.813074587574447 ], [ -70.871433751811708, 2.777813007593911 ], [ -70.854174694863161, 2.823164500733903 ], [ -70.875310401272031, 2.847114760527511 ], [ -70.88354164383054, 2.835431705501637 ], [ -70.871460305134349, 2.796293472467723 ], [ -70.883674406850503, 2.792576139350126 ], [ -70.911342004254152, 2.849876209064252 ], [ -70.938053715280319, 2.857310879790988 ], [ -70.941240002606435, 2.837821420996151 ], [ -70.925149249633364, 2.815411199118564 ], [ -70.945700805401941, 2.785460095918633 ], [ -70.962003975973005, 2.800488754613058 ], [ -70.947931207248871, 2.817960229159024 ], [ -70.954569305246025, 2.842142824012952 ], [ -70.987560658337543, 2.828933007283259 ], [ -71.010594862187588, 2.856813024978989 ], [ -71.029115158393381, 2.846324826352902 ], [ -71.062438414992414, 2.856281974695807 ], [ -71.077525695992847, 2.882232412318474 ], [ -71.077931044918159, 4.899101334492937 ], [ -71.05650919072724, 4.906405542786973 ], [ -71.001893567697209, 4.980725215234535 ], [ -70.986787885591809, 5.04367065393403 ], [ -70.967745857334648, 5.058279099268336 ], [ -70.97445859730658, 5.08008849326911 ], [ -70.943790130389118, 5.124293325561032 ], [ -70.914570823249619, 5.140522911474791 ], [ -70.860851044053902, 5.145032227825708 ], [ -70.824109290832723, 5.18604900849906 ], [ -70.693782137355754, 5.283534200628707 ], [ -70.674108802258274, 5.31547139157133 ], [ -70.674390028166897, 5.367530999253916 ], [ -70.511238744020147, 5.476239942828561 ], [ -70.496651447738998, 5.497821602943579 ], [ -70.420571142404413, 5.534468389789311 ], [ -70.360814410193939, 5.586876194635017 ], [ -70.263827414233219, 5.563574959168218 ], [ -70.194668963360641, 5.603156700692859 ], [ -70.159796258087169, 5.599001526560257 ], [ -70.140158638237153, 5.609920908781477 ], [ -70.05675565343472, 5.703642751556438 ], [ -70.043777984915209, 5.746221489954539 ], [ -69.978815410873324, 5.807338303129816 ], [ -69.967687451354664, 5.859419414700834 ], [ -69.932528100632112, 5.876453497389807 ], [ -69.924331779209751, 5.91069962096396 ], [ -69.882794310326972, 5.969788245918921 ], [ -69.854577621759915, 5.98413288009853 ], [ -69.841746572784643, 6.034264473472932 ], [ -69.804180808669685, 6.055369718883923 ], [ -69.682579577914566, 6.038423382803474 ], [ -69.541548567987434, 6.043653390233469 ], [ -69.452261643029431, 6.083469695540434 ], [ -69.404268353449027, 6.125582977791344 ], [ -69.34465521615283, 6.144379279790916 ], [ -69.307266919753545, 6.088953678463147 ], [ -69.238608971928613, 6.079534202788989 ], [ -69.177695170980826, 6.14726523312867 ], [ -69.150304210887668, 6.150879749488452 ], [ -69.123728127611173, 6.190909756086971 ], [ -69.046177541292934, 6.221698220054726 ], [ -69.014164252204296, 6.192928579363008 ], [ -68.973311415097953, 6.196189311932533 ], [ -68.882219738261597, 6.167354207360598 ], [ -68.82961148587691, 6.179920720239768 ], [ -68.792711850923752, 6.147409891649075 ], [ -68.706454521828562, 6.152071942381277 ], [ -68.686889861407451, 6.131950613501974 ], [ -68.644845010173128, 6.129152469654915 ], [ -68.588468703054446, 6.166326281429861 ], [ -68.541995677658349, 6.148979031410238 ], [ -68.510084805576867, 6.17906693376391 ], [ -68.448567692010215, 6.187729279967179 ], [ -68.373569684080678, 6.185884680587826 ], [ -68.306973036403861, 6.162989562106526 ], [ -68.257388062923894, 6.197032943844337 ], [ -68.141853912905617, 6.22867498498031 ], [ -68.07768601165526, 6.22709629612004 ], [ -68.027537994367776, 6.196109169568912 ], [ -67.929807082266166, 6.236351361101605 ], [ -67.845666362635257, 6.312044431152203 ], [ -67.809724463692248, 6.324317079714977 ] ] ] } }
]
}
