año,corporacion,lugar,votacion,localidad,longitud,latitud,geometry,upz
2007,CONCEJO,PUESTO CENSO(FERIA EXPOSICION),1904,NACIONAL,-74.08994026099998,4.630369649000045,POINT (-74.08994026099998 4.630369649000045),QUINTA PAREDES
2007,CONCEJO,ALTOS DE SAN ISIDRO,19,USAQUEN,-74.0244897,4.6696769,POINT (-74.0244897 4.6696769),SAN ISIDRO - PATIOS
2007,CONCEJO,BARRANCAS,143,USAQUEN,-74.0269239,4.7352201,POINT (-74.0269239 4.7352201),SAN CRISTOBAL NORTE
2007,CONCEJO,BUENAVISTA,7,USAQUEN,-74.02579167099998,4.766856689000065,POINT (-74.02579167099998 4.766856689000065),VERBENAL
2007,CONCEJO,CANAIMA,14,USAQUEN,-74.04098847999995,4.772747019000064,POINT (-74.04098847999995 4.772747019000064),PASEO DE LOS LIBERTADORES
2007,CONCEJO,LOS CEDRITOS,469,USAQUEN,-74.0455034,4.7242924,POINT (-74.0455034 4.7242924),LOS CEDROS
2007,CONCEJO,CEDRITOS II SECTOR,954,USAQUEN,-74.03989464361008,4.725161840959483,POINT (-74.03989464361008 4.725161840959483),LOS CEDROS
2007,CONCEJO,ALQUERIA,74,PUENTE ARANDA,-74.1345257,4.5943297,POINT (-74.1345257 4.5943297),MUZU
2007,CONCEJO,CONTADOR,984,USAQUEN,-74.0480373,4.7116123,POINT (-74.0480373 4.7116123),COUNTRY CLUB
2007,CONCEJO,EL VERBENAL II SECTOR,89,USAQUEN,-74.0375706,4.7641288,POINT (-74.0375706 4.7641288),VERBENAL
2007,CONCEJO,LA CITA,216,USAQUEN,-74.0227166,4.7449208,POINT (-74.0227166 4.7449208),LA URIBE
2007,CONCEJO,LA URIBE,135,USAQUEN,-74.0450134,4.7523999,POINT (-74.0450134 4.7523999),LA URIBE
2007,CONCEJO,LAS MARGARITAS,1232,USAQUEN,-74.0470339940858,4.73247890295971,POINT (-74.0470339940858 4.73247890295971),LOS CEDROS
2007,CONCEJO,LAS ORQUIDEAS,137,USAQUEN,-74.04022487333644,4.742062972948161,POINT (-74.04022487333644 4.742062972948161),TOBERIN
2007,CONCEJO,LIJACA,39,USAQUEN,-74.02799443399994,4.765537425000048,POINT (-74.02799443399994 4.765537425000048),VERBENAL
2007,CONCEJO,SALÓN COMUNAL SAN ANTONIO,47,USAQUEN,-74.0321796349869,4.76460865457396,POINT (-74.0321796349869 4.76460865457396),VERBENAL
2007,CONCEJO,SANTA ANA ORIENTAL,697,USAQUEN,-74.0320003446318,4.686688896535118,POINT (-74.0320003446318 4.686688896535118),USAQUEN
2007,CONCEJO,SANTA BARBARA OCCIDENTAL,546,USAQUEN,-74.0494267,4.7008515,POINT (-74.0494267 4.7008515),SANTA BARBARA
2007,CONCEJO,SANTA BARBARA ORIENTAL,402,USAQUEN,-74.030432,4.6981675,POINT (-74.030432 4.6981675),USAQUEN
2007,CONCEJO,SANTA PAULA,332,USAQUEN,-74.04258361999996,4.690482880000047,POINT (-74.04258361999996 4.690482880000047),SANTA BARBARA
2007,CONCEJO,CENTRO COMERCIAL UNICENTRO,2642,USAQUEN,-74.04262499899994,4.702378772000031,POINT (-74.04262499899994 4.702378772000031),SANTA BARBARA
2007,CONCEJO,USAQUÉN,683,USAQUEN,-74.03094040199994,4.695968200000038,POINT (-74.03094040199994 4.695968200000038),USAQUEN
2007,CONCEJO,AVENIDA CHILE,318,CHAPINERO,-74.059637,4.6576875,POINT (-74.059637 4.6576875),CHICO LAGO
2007,CONCEJO,BOSQUE CALDERON,112,CHAPINERO,-74.0605512,4.6410711,POINT (-74.0605512 4.6410711),PARDO RUBIO
2007,CONCEJO,CHAPINERO NORTE,693,CHAPINERO,-74.0629969,4.6530765,POINT (-74.0629969 4.6530765),CHAPINERO
2007,CONCEJO,CHICO 97,687,CHAPINERO,-74.04965463599996,4.685075567000069,POINT (-74.04965463599996 4.685075567000069),CHICO LAGO
2007,CONCEJO,CHICO NORTE,628,CHAPINERO,-74.04965463599996,4.685075567000069,POINT (-74.04965463599996 4.685075567000069),CHICO LAGO
2007,CONCEJO,CHICO RESERVADO,581,CHAPINERO,-74.04422465799996,4.679733713000076,POINT (-74.04422465799996 4.679733713000076),EL REFUGIO
2007,CONCEJO,EL LAGO GAITAN,175,CHAPINERO,-74.07820828312313,4.604816474737992,POINT (-74.07820828312313 4.604816474737992),LAS NIEVES
2007,CONCEJO,EL NOGAL,457,CHAPINERO,-74.0535638,4.6603208,POINT (-74.0535638 4.6603208),EL REFUGIO
2007,CONCEJO,GRANADA,50,CHAPINERO,-74.0542202,4.6477537,POINT (-74.0542202 4.6477537),PARDO RUBIO
2007,CONCEJO,MARLY,304,CHAPINERO,-74.0645593,4.6324629,POINT (-74.0645593 4.6324629),CHAPINERO
2007,CONCEJO,PARQUE LOURDES,139,CHAPINERO,-74.0596186,4.6509837,POINT (-74.0596186 4.6509837),CHAPINERO
2007,CONCEJO,SAN LUIS,14,CHAPINERO,-74.06726194899994,4.64830091400006,POINT (-74.06726194899994 4.64830091400006),GALERIAS
2007,CONCEJO,BIBLIOTECA DIST.ANTONIO NARIÑO,14,SANTA FE,-74.07827843555914,4.604774932009518,POINT (-74.07827843555914 4.604774932009518),LAS NIEVES
2007,CONCEJO,CAMILO TORRES,86,SANTA FE,-74.06658511799998,4.620288446000075,POINT (-74.06658511799998 4.620288446000075),SAGRADO CORAZON
2007,CONCEJO,CENTRO ORIENTE,12,SANTA FE,-74.07394485299994,4.589504470000065,POINT (-74.07394485299994 4.589504470000065),LOURDES
2007,CONCEJO,EL CONSUELO,19,SANTA FE,-74.07114749899995,4.580839076000075,POINT (-74.07114749899995 4.580839076000075),LOURDES
2007,CONCEJO,EL VERJON,1,SANTA FE,-74.02245577399998,4.605824588000075,POINT (-74.02245577399998 4.605824588000075),
2007,CONCEJO,GIRARDOT,12,SANTA FE,-74.07299620499998,4.587580039000045,POINT (-74.07299620499998 4.587580039000045),LOURDES
2007,CONCEJO,LA PERSEVERANCIA,40,SANTA FE,-74.06450466499996,4.617777998000065,POINT (-74.06450466499996 4.617777998000065),LA MACARENA
2007,CONCEJO,LAS AGUAS,56,SANTA FE,-74.06592860099994,4.604145636000055,POINT (-74.06592860099994 4.604145636000055),LA MACARENA
2007,CONCEJO,LAS CRUCES,155,SANTA FE,-74.08225487599998,4.592220084000076,POINT (-74.08225487599998 4.592220084000076),LAS CRUCES
2007,CONCEJO,LAS NIEVES,54,SANTA FE,-74.06913089899996,4.605013588000077,POINT (-74.06913089899996 4.605013588000077),LAS NIEVES
2007,CONCEJO,LOS LACHES,30,SANTA FE,-74.06663596699997,4.587465473000066,POINT (-74.06663596699997 4.587465473000066),LOURDES
2007,CONCEJO,PARQUE SANTANDER,80,SANTA FE,-74.0725651,4.6020053,POINT (-74.0725651 4.6020053),LAS NIEVES
2007,CONCEJO,POLICARPA SALAVARRIETA,95,SANTA FE,-74.06780815299999,4.614912219000075,POINT (-74.06780815299999 4.614912219000075),SAGRADO CORAZON
2007,CONCEJO,SAN BERNARDO,14,SANTA FE,-74.08471557899998,4.593608135000068,POINT (-74.08471557899998 4.593608135000068),LAS CRUCES
2007,CONCEJO,SANTA INES - SAN VICTORINO,11,SANTA FE,-74.075983,4.6037209,POINT (-74.075983 4.6037209),LAS NIEVES
2007,CONCEJO,20 DE JULIO SEDE B,55,SAN CRISTOBAL,-74.09452945499999,4.571464270000035,POINT (-74.09452945499999 4.571464270000035),20 DE JULIO
2007,CONCEJO,ALTAMIRA,28,SAN CRISTOBAL,-74.08484396199998,4.545385692000025,POINT (-74.08484396199998 4.545385692000025),LA GLORIA
2007,CONCEJO,ARBOLEDA SUR,8,SAN CRISTOBAL,-74.09111476899994,4.579195660000039,POINT (-74.09111476899994 4.579195660000039),SOSIEGO
2007,CONCEJO,BELLO HORIZONTE,16,SAN CRISTOBAL,-74.09247453299997,4.559956495000051,POINT (-74.09247453299997 4.559956495000051),20 DE JULIO
2007,CONCEJO,CANADA GUIRA,1,SAN CRISTOBAL,-74.09879301299998,4.544384960000059,POINT (-74.09879301299998 4.544384960000059),LOS LIBERTADORES
2007,CONCEJO,EL QUINDIO,3,SAN CRISTOBAL,-74.08281201799997,4.537394023000047,POINT (-74.08281201799997 4.537394023000047),LA GLORIA
2007,CONCEJO,GUACAMAYAS II SECTOR,12,SAN CRISTOBAL,-74.10002307994216,4.559268276283567,POINT (-74.10002307994216 4.559268276283567),LA GLORIA
2007,CONCEJO,JUAN REY,3,SAN CRISTOBAL,-74.08995580399994,4.522433833000036,POINT (-74.08995580399994 4.522433833000036),LOS LIBERTADORES
2007,CONCEJO,LA GLORIA,24,SAN CRISTOBAL,-74.08928989799995,4.541038678000064,POINT (-74.08928989799995 4.541038678000064),LOS LIBERTADORES
2007,CONCEJO,ESCUELA LA VICTORIA B,44,SAN CRISTOBAL,-74.09391079499994,4.554348808000043,POINT (-74.09391079499994 4.554348808000043),LA GLORIA
2007,CONCEJO,LAS BRISAS,8,SAN CRISTOBAL,-74.08007909299994,4.57683851500002,POINT (-74.08007909299994 4.57683851500002),SOSIEGO
2007,CONCEJO,LAS MERCEDES,12,SAN CRISTOBAL,-74.08081979099995,4.569269680000048,POINT (-74.08081979099995 4.569269680000048),SAN BLAS
2007,CONCEJO,LOS LIBERTADORES,16,SAN CRISTOBAL,-74.09086297499994,4.534402597000053,POINT (-74.09086297499994 4.534402597000053),LOS LIBERTADORES
2007,CONCEJO,MONTEBELLO,28,SAN CRISTOBAL,-74.08799157699997,4.56674681800007,POINT (-74.08799157699997 4.56674681800007),20 DE JULIO
2007,CONCEJO,PRIMERA DE MAYO,29,SAN CRISTOBAL,-74.09008012099997,4.574318484000059,POINT (-74.09008012099997 4.574318484000059),SOSIEGO
2007,CONCEJO,RAMAJAL,17,SAN CRISTOBAL,-74.08363441199998,4.562173595000047,POINT (-74.08363441199998 4.562173595000047),SAN BLAS
2007,CONCEJO,REPUBLICA DEL CANADA,18,SAN CRISTOBAL,-74.08732730199995,4.53577178300003,POINT (-74.08732730199995 4.53577178300003),LOS LIBERTADORES
2007,CONCEJO,SAN BLAS,23,SAN CRISTOBAL,-74.08486411199993,4.571123991000036,POINT (-74.08486411199993 4.571123991000036),SOSIEGO
2007,CONCEJO,SAN CRISTOBAL,33,SAN CRISTOBAL,-74.0944791,4.568535,POINT (-74.0944791 4.568535),20 DE JULIO
2007,CONCEJO,SAN ISIDRO,25,SAN CRISTOBAL,-74.10093586299996,4.565904587000034,POINT (-74.10093586299996 4.565904587000034),20 DE JULIO
2007,CONCEJO,SAN MARTIN DE LOBA SUR,9,SAN CRISTOBAL,-74.09566884599997,4.552086761000055,POINT (-74.09566884599997 4.552086761000055),LA GLORIA
2007,CONCEJO,SAN PEDRO SUR ORIENTAL,12,SAN CRISTOBAL,-74.08717515099994,4.564504542000066,POINT (-74.08717515099994 4.564504542000066),20 DE JULIO
2007,CONCEJO,SANTA ANA SUR,48,SAN CRISTOBAL,-74.08415687399997,4.577041486000041,POINT (-74.08415687399997 4.577041486000041),SOSIEGO
2007,CONCEJO,SOSIEGO,29,SAN CRISTOBAL,-74.09301011799994,4.576361586000075,POINT (-74.09301011799994 4.576361586000075),SOSIEGO
2007,CONCEJO,VILLA DE LOS ALPES,33,SAN CRISTOBAL,-74.09844988499998,4.561453494000034,POINT (-74.09844988499998 4.561453494000034),20 DE JULIO
2007,CONCEJO,VILLA DEL CERRO,10,SAN CRISTOBAL,-74.09562216299997,4.544188748000067,POINT (-74.09562216299997 4.544188748000067),LOS LIBERTADORES
2007,CONCEJO,ALMIRANTE PADILLA,19,USME,-74.11190314099997,4.512266250000039,POINT (-74.11190314099997 4.512266250000039),GRAN YOMASA
2007,CONCEJO,EL BOSQUE,9,USME,-74.10311553799994,4.506018318000031,POINT (-74.10311553799994 4.506018318000031),GRAN YOMASA
2007,CONCEJO,EL DANUBIO AZUL,4,USME,-74.11502143899997,4.537765720000039,POINT (-74.11502143899997 4.537765720000039),DANUBIO
2007,CONCEJO,EL DESTINO,3,USME,-74.13895919099997,4.408202995000067,POINT (-74.13895919099997 4.408202995000067),
2007,CONCEJO,EL VIRREY,21,USME,-74.11179901,4.50250233600002,POINT (-74.11179901 4.50250233600002),COMUNEROS
2007,CONCEJO,LA AURORA,35,USME,-74.12113946399995,4.521681535000027,POINT (-74.12113946399995 4.521681535000027),GRAN YOMASA
2007,CONCEJO,LA FISCALA,9,USME,-74.11172754099994,4.533770827000069,POINT (-74.11172754099994 4.533770827000069),DANUBIO
2007,CONCEJO,LA FLORA,6,USME,-74.09120984199996,4.513289875000055,POINT (-74.09120984199996 4.513289875000055),LA FLORA
2007,CONCEJO,LA FORTALEZA,6,USME,-74.11916043499997,4.517830869000022,POINT (-74.11916043499997 4.517830869000022),GRAN YOMASA
2007,CONCEJO,LOS COMUNEROS,7,USME,-74.10874844399996,4.498587950000058,POINT (-74.10874844399996 4.498587950000058),COMUNEROS
2007,CONCEJO,MARICHUELA,22,USME,-74.11698187599995,4.512414104000072,POINT (-74.11698187599995 4.512414104000072),GRAN YOMASA
2007,CONCEJO,MONTEBLANCO,20,USME,-74.11504819099997,4.49678054900005,POINT (-74.11504819099997 4.49678054900005),COMUNEROS
2007,CONCEJO,SANTA LIBRADA,29,USME,-74.11594454099998,4.519357661000072,POINT (-74.11594454099998 4.519357661000072),GRAN YOMASA
2007,CONCEJO,SANTA MARTA,15,USME,-74.11562807999996,4.525273169000059,POINT (-74.11562807999996 4.525273169000059),GRAN YOMASA
2007,CONCEJO,USME,9,USME,-74.12153515999995,4.472581938000076,POINT (-74.12153515999995 4.472581938000076),CIUDAD USME
2007,CONCEJO,USMINIA,6,USME,-74.11448729499995,4.495438658000069,POINT (-74.11448729499995 4.495438658000069),COMUNEROS
2007,CONCEJO,VALLES DE CAFAM,8,USME,-74.11805941599994,4.507653595000022,POINT (-74.11805941599994 4.507653595000022),COMUNEROS
2007,CONCEJO,VILLA HERMOSA,13,USME,-74.10232047799997,4.493986247000066,POINT (-74.10232047799997 4.493986247000066),ALFONSO LOPEZ
2007,CONCEJO,ABRAHAM LINCOLN,13,TUNJUELITO,-74.12380751399996,4.555324423000059,POINT (-74.12380751399996 4.555324423000059),TUNJUELITO
2007,CONCEJO,"EL CARMEN SUR ""A""",23,TUNJUELITO,-74.13231081699996,4.582996852000065,POINT (-74.13231081699996 4.582996852000065),VENECIA
2007,CONCEJO,"EL TUNAL ""A""",179,TUNJUELITO,-74.13192148,4.575923139000054,POINT (-74.13192148 4.575923139000054),VENECIA
2007,CONCEJO,"FATIMA ""A""",49,TUNJUELITO,-74.13798926899995,4.585521978000031,POINT (-74.13798926899995 4.585521978000031),VENECIA
2007,CONCEJO,ISLA DEL SOL,11,TUNJUELITO,-74.15250680099996,4.589211385000056,POINT (-74.15250680099996 4.589211385000056),VENECIA
2007,CONCEJO,"NUEVO MUZU  ""A""",29,TUNJUELITO,-74.14759957699994,4.586123155000053,POINT (-74.14759957699994 4.586123155000053),VENECIA
2007,CONCEJO,SAN CARLOS,29,TUNJUELITO,-74.12815740499997,4.569460392000053,POINT (-74.12815740499997 4.569460392000053),TUNJUELITO
2007,CONCEJO,SAN VICENTE FERRER,29,TUNJUELITO,-74.13827658499997,4.577185763000045,POINT (-74.13827658499997 4.577185763000045),VENECIA
2007,CONCEJO,TUNJUELITO A,22,TUNJUELITO,-74.12478150499999,4.559472671000037,POINT (-74.12478150499999 4.559472671000037),TUNJUELITO
2007,CONCEJO,VENECIA A,67,TUNJUELITO,-74.14358300899994,4.59223242500002,POINT (-74.14358300899994 4.59223242500002),VENECIA
2007,CONCEJO,VENECIA A,8,TUNJUELITO,-74.14358300899994,4.59223242500002,POINT (-74.14358300899994 4.59223242500002),VENECIA
2007,CONCEJO,BOSA,125,BOSA,-74.18578013099994,4.611585041000069,POINT (-74.18578013099994 4.611585041000069),BOSA CENTRAL
2007,CONCEJO,BOSANOVA,25,BOSA,-74.188373,4.622721,POINT (-74.188373 4.622721),BOSA OCCIDENTAL
2007,CONCEJO,BRASILIA,22,BOSA,-74.11643953199996,4.51760874100006,POINT (-74.11643953199996 4.51760874100006),GRAN YOMASA
2007,CONCEJO,CARLOS ALBAN,33,BOSA,-74.19756533399999,4.605714728000066,POINT (-74.19756533399999 4.605714728000066),BOSA CENTRAL
2007,CONCEJO,EL PORVENIR,9,BOSA,-74.18362205699998,4.635898909000048,POINT (-74.18362205699998 4.635898909000048),EL PORVENIR
2007,CONCEJO,EL RECREO,27,BOSA,-74.20148261099996,4.627533565000022,POINT (-74.20148261099996 4.627533565000022),TINTAL SUR
2007,CONCEJO,ISLANDIA,9,BOSA,-74.20035773099994,4.616162771000063,POINT (-74.20035773099994 4.616162771000063),BOSA CENTRAL
2007,CONCEJO,JIMENEZ DE QUESADA,20,BOSA,-74.18843550999998,4.606190850000075,POINT (-74.18843550999998 4.606190850000075),BOSA CENTRAL
2007,CONCEJO,JOSE ANTONIO GALAN,45,BOSA,-74.17896635799997,4.606142614000021,POINT (-74.17896635799997 4.606142614000021),BOSA CENTRAL
2007,CONCEJO,LA AMISTAD,25,BOSA,-74.14812764599998,4.623422550000043,POINT (-74.14812764599998 4.623422550000043),KENNEDY CENTRAL
2007,CONCEJO,LA ESPERANZA,5,BOSA,-74.20536969899996,4.609695983000051,POINT (-74.20536969899996 4.609695983000051),BOSA CENTRAL
2007,CONCEJO,LA ESTACION,43,BOSA,-74.18081058199994,4.60111936100003,POINT (-74.18081058199994 4.60111936100003),BOSA CENTRAL
2007,CONCEJO,LA LIBERTAD,47,BOSA,-74.19449057699995,4.625125380000043,POINT (-74.19449057699995 4.625125380000043),BOSA OCCIDENTAL
2007,CONCEJO,LAURELES,21,BOSA,-74.20015505899994,4.609059013000035,POINT (-74.20015505899994 4.609059013000035),BOSA CENTRAL
2007,CONCEJO,NUEVO CHILE,17,BOSA,-74.16626320399996,4.603305502000069,POINT (-74.16626320399996 4.603305502000069),APOGEO
2007,CONCEJO,JARDIN INFANTIL OLARTE,58,BOSA,-74.16323479399995,4.603148889000067,POINT (-74.16323479399995 4.603148889000067),APOGEO
2007,CONCEJO,PALESTINA,11,BOSA,-74.19364580199993,4.611871835000045,POINT (-74.19364580199993 4.611871835000045),BOSA CENTRAL
2007,CONCEJO,COLEGIO PAULO VI SEDE A,15,BOSA,-74.15802882799994,4.620888029000071,POINT (-74.15802882799994 4.620888029000071),KENNEDY CENTRAL
2007,CONCEJO,PIAMONTE,70,BOSA,-74.19074859799997,4.606868318000068,POINT (-74.19074859799997 4.606868318000068),BOSA CENTRAL
2007,CONCEJO,SAN BERNARDINO,4,BOSA,-74.20614751399995,4.623649620000037,POINT (-74.20614751399995 4.623649620000037),BOSA OCCIDENTAL
2007,CONCEJO,SAN JOSE,6,BOSA,-74.10269822499998,4.577056372000072,POINT (-74.10269822499998 4.577056372000072),SAN JOSE
2007,CONCEJO,SANTA FE DE BOSA,6,BOSA,-74.19523999299997,4.64115361100005,POINT (-74.19523999299997 4.64115361100005),EL PORVENIR
2007,CONCEJO,SURBANA,32,BOSA,-74.16766293699999,4.597031586000071,POINT (-74.16766293699999 4.597031586000071),APOGEO
2007,CONCEJO,VILLA DEL RIO,118,BOSA,-74.15738736799995,4.602225416000067,POINT (-74.15738736799995 4.602225416000067),APOGEO
2007,CONCEJO,ALMENAR,150,KENNEDY,-74.17039948099995,4.619730318000052,POINT (-74.17039948099995 4.619730318000052),GRAN BRITALIA
2007,CONCEJO,ALOHA,45,KENNEDY,-74.13324789799998,4.632901238000045,POINT (-74.13324789799998 4.632901238000045),BAVARIA
2007,CONCEJO,ALQUERIA DE LA FRAGUA,77,KENNEDY,-74.1321490829876,4.6069947558269,POINT (-74.1321490829876 4.6069947558269),CARVAJAL
2007,CONCEJO,AVENIDA BOYACA SUR,48,KENNEDY,-74.1370055,4.5466035,POINT (-74.1370055 4.5466035),EL TESORO
2007,CONCEJO,BANDERAS,31,KENNEDY,-74.1512936,4.6314084,POINT (-74.1512936 4.6314084),KENNEDY CENTRAL
2007,CONCEJO,BOITA,15,KENNEDY,-74.15258212699996,4.602362910000068,POINT (-74.15258212699996 4.602362910000068),TIMIZA
2007,CONCEJO,BRITALIA,32,KENNEDY,-74.17301132799997,4.625309595000033,POINT (-74.17301132799997 4.625309595000033),GRAN BRITALIA
2007,CONCEJO,CAMILO TORRES,112,KENNEDY,-74.06658511799998,4.620288446000075,POINT (-74.06658511799998 4.620288446000075),SAGRADO CORAZON
2007,CONCEJO,CARIMAGUA,19,KENNEDY,-74.1456912,4.6114712,POINT (-74.1456912 4.6114712),CARVAJAL
2007,CONCEJO,CARVAJAL I SECTOR,114,KENNEDY,-74.13825329614068,4.615126174317189,POINT (-74.13825329614068 4.615126174317189),CARVAJAL
2007,CONCEJO,CASTILLA,99,KENNEDY,-74.1433359,4.6400199,POINT (-74.1433359 4.6400199),CASTILLA
2007,CONCEJO,CATALINA,41,KENNEDY,-74.16898937599996,4.610011166000049,POINT (-74.16898937599996 4.610011166000049),TIMIZA
2007,CONCEJO,CLASS,33,KENNEDY,-74.17890293099998,4.614181763000033,POINT (-74.17890293099998 4.614181763000033),GRAN BRITALIA
2007,CONCEJO,EL SAUCEDAL,34,KENNEDY,-74.16282556699997,4.633038830000032,POINT (-74.16282556699997 4.633038830000032),CORABASTOS
2007,CONCEJO,ESTADOS UNIDOS SUPER 13,29,KENNEDY,-74.16032958799997,4.625627870000073,POINT (-74.16032958799997 4.625627870000073),CORABASTOS
2007,CONCEJO,FAVIDI VISION DE COLOMBIA,15,KENNEDY,-74.1350275,4.6482265,POINT (-74.1350275 4.6482265),CASTILLA
2007,CONCEJO,FCO. JOSE DE CALDAS,60,KENNEDY,-74.15475287168277,4.628956291867225,POINT (-74.15475287168277 4.628956291867225),KENNEDY CENTRAL
2007,CONCEJO,FLORALIA,37,KENNEDY,-74.13231108999997,4.608704879000072,POINT (-74.13231108999997 4.608704879000072),CARVAJAL
2007,CONCEJO,GRAN COLOMBIANO,60,KENNEDY,-74.16282961299999,4.621250330000066,POINT (-74.16282961299999 4.621250330000066),KENNEDY CENTRAL
2007,CONCEJO,KENEDDY SUPER 2,27,KENNEDY,-74.1457321610863,4.622146763469804,POINT (-74.1457321610863 4.622146763469804),KENNEDY CENTRAL
2007,CONCEJO,KENNEDY - CARULLA,41,KENNEDY,-74.15204866859122,4.625329605798465,POINT (-74.15204866859122 4.625329605798465),KENNEDY CENTRAL
2007,CONCEJO,KENNEDY LEY,52,KENNEDY,-74.14873786438484,4.624146457405746,POINT (-74.14873786438484 4.624146457405746),KENNEDY CENTRAL
2007,CONCEJO,KENNEDY SUPER 8,74,KENNEDY,-74.15083364867328,4.623712339091912,POINT (-74.15083364867328 4.623712339091912),KENNEDY CENTRAL
2007,CONCEJO,LA CHUCUA,52,KENNEDY,-74.14854789299994,4.603639944000065,POINT (-74.14854789299994 4.603639944000065),TIMIZA
2007,CONCEJO,LA FLORESTA SUR,47,KENNEDY,-74.12744374299996,4.620795857000076,POINT (-74.12744374299996 4.620795857000076),AMERICAS
2007,CONCEJO,LA MACARENA,67,KENNEDY,-74.0657523,4.6135854,POINT (-74.0657523 4.6135854),LA MACARENA
2007,CONCEJO,LAS AMERICAS SEDE A,91,KENNEDY,-74.15062750199996,4.616765260000022,POINT (-74.15062750199996 4.616765260000022),CARVAJAL
2007,CONCEJO,LAS PALMERAS,54,KENNEDY,-74.16940801399994,4.640645230000075,POINT (-74.16940801399994 4.640645230000075),PATIO BONITO
2007,CONCEJO,LOS PERIODISTAS,62,KENNEDY,-74.15832380899997,4.617388222000045,POINT (-74.15832380899997 4.617388222000045),KENNEDY CENTRAL
2007,CONCEJO,MANDALAY,29,KENNEDY,-74.1439971,4.6284086,POINT (-74.1439971 4.6284086),AMERICAS
2007,CONCEJO,MARIA PAZ,59,KENNEDY,-74.15796743599998,4.636868682000056,POINT (-74.15796743599998 4.636868682000056),CORABASTOS
2007,CONCEJO,MARSELLA,41,KENNEDY,-74.12731736499995,4.632151289000035,POINT (-74.12731736499995 4.632151289000035),BAVARIA
2007,CONCEJO,MULTIFAMILIARES LAGO DE TIMIZ,23,KENNEDY,-74.15944930776018,4.610043391449132,POINT (-74.15944930776018 4.610043391449132),TIMIZA
2007,CONCEJO,PATIO BONITO I SECTOR,142,KENNEDY,-74.16321590229937,4.638212332275138,POINT (-74.16321590229937 4.638212332275138),PATIO BONITO
2007,CONCEJO,PATIO BONITO II SECTOR,101,KENNEDY,-74.16280180822436,4.640922718484578,POINT (-74.16280180822436 4.640922718484578),PATIO BONITO
2007,CONCEJO,PERPETUO SOCORRO,39,KENNEDY,-74.16713612199999,4.605662528000039,POINT (-74.16713612199999 4.605662528000039),TIMIZA
2007,CONCEJO,PIO XII,59,KENNEDY,-74.1503792,4.6345534,POINT (-74.1503792 4.6345534),CASTILLA
2007,CONCEJO,ROMA,36,KENNEDY,-74.17402687199996,4.610423380000043,POINT (-74.17402687199996 4.610423380000043),TIMIZA
2007,CONCEJO,SANTA MARIA DE KENNEDY,23,KENNEDY,-74.17647344399995,4.622501831000022,POINT (-74.17647344399995 4.622501831000022),GRAN BRITALIA
2007,CONCEJO,SANTA MARTA DE PASTRANA,21,KENNEDY,-74.1588714543584,4.61762770243009,POINT (-74.1588714543584 4.61762770243009),KENNEDY CENTRAL
2007,CONCEJO,SUMAPAZ,16,KENNEDY,-74.13942372424493,4.616088238562626,POINT (-74.13942372424493 4.616088238562626),CARVAJAL
2007,CONCEJO,TIMIZA,61,KENNEDY,-74.1519461,4.6163963,POINT (-74.1519461 4.6163963),CARVAJAL
2007,CONCEJO,TINTAL CENTRAL,80,KENNEDY,-74.1671965,4.6508824,POINT (-74.1671965 4.6508824),CALANDAIMA
2007,CONCEJO,TINTALITO,42,KENNEDY,-74.17220865799999,4.634596462000047,POINT (-74.17220865799999 4.634596462000047),PATIO BONITO
2007,CONCEJO,VALLADOLID,46,KENNEDY,-74.1469673,4.6452938,POINT (-74.1469673 4.6452938),CASTILLA
2007,CONCEJO,VILLA ADRIANA,64,KENNEDY,-74.12908471199995,4.612923953000063,POINT (-74.12908471199995 4.612923953000063),AMERICAS
2007,CONCEJO,SALON COMUNAL VILLA ALSACIA,37,KENNEDY,-74.13615890899996,4.643465975000026,POINT (-74.13615890899996 4.643465975000026),CASTILLA
2007,CONCEJO,VILLA DE LA LOMA,40,KENNEDY,-74.168167,4.6278591,POINT (-74.168167 4.6278591),CORABASTOS
2007,CONCEJO,VILLANUEVA,11,KENNEDY,-74.14097588099997,4.603200021000021,POINT (-74.14097588099997 4.603200021000021),CARVAJAL
2007,CONCEJO,BATAVIA,21,FONTIBON,-74.15300324099996,4.682683578000024,POINT (-74.15300324099996 4.682683578000024),FONTIBON
2007,CONCEJO,BELEN,29,FONTIBON,-74.14731025499998,4.678433946000041,POINT (-74.14731025499998 4.678433946000041),FONTIBON
2007,CONCEJO,CAPELLANIA,91,FONTIBON,-74.1318408,4.6695304,POINT (-74.1318408 4.6695304),MODELIA
2007,CONCEJO,CENTRO A,24,FONTIBON,-74.124134,4.6843237,POINT (-74.124134 4.6843237),CAPELLANIA
2007,CONCEJO,CTRO EDUCATIVO SANTA CECILIA,96,FONTIBON,-74.108657766542,4.678651273688369,POINT (-74.108657766542 4.678651273688369),SANTA CECILIA
2007,CONCEJO,EL TAPETE,12,FONTIBON,-74.14298509763157,4.678485003238495,POINT (-74.14298509763157 4.678485003238495),FONTIBON
2007,CONCEJO,FONTIBON,299,FONTIBON,-74.14450537799996,4.67263517300006,POINT (-74.14450537799996 4.67263517300006),FONTIBON
2007,CONCEJO,LA ESPERANZA,169,FONTIBON,-74.20536969899996,4.609695983000051,POINT (-74.20536969899996 4.609695983000051),BOSA CENTRAL
2007,CONCEJO,COLEGIO LA GIRALDA,27,FONTIBON,-74.14173478999999,4.681725344000029,POINT (-74.14173478999999 4.681725344000029),FONTIBON
2007,CONCEJO,LA LAGUNA,22,FONTIBON,-74.14939245199997,4.672245606000047,POINT (-74.14939245199997 4.672245606000047),FONTIBON
2007,CONCEJO,MODELIA SUR,370,FONTIBON,-74.11924086099998,4.670049755000036,POINT (-74.11924086099998 4.670049755000036),MODELIA
2007,CONCEJO,LA PRADERA,11,FONTIBON,-74.12182556299996,4.623994109000023,POINT (-74.12182556299996 4.623994109000023),SAN RAFAEL
2007,CONCEJO,PUENTE GRANDE,6,FONTIBON,-74.16811639799994,4.697663889000069,POINT (-74.16811639799994 4.697663889000069),FONTIBON SAN PABLO
2007,CONCEJO,PUERTA DE TEJA,9,FONTIBON,-74.12699896,4.682179560000066,POINT (-74.12699896 4.682179560000066),CAPELLANIA
2007,CONCEJO,SAN PABLO LA PERLA,15,FONTIBON,-74.15887107399993,4.688993233000076,POINT (-74.15887107399993 4.688993233000076),FONTIBON SAN PABLO
2007,CONCEJO,SAUZALITO CARLOS LLERAS,412,FONTIBON,-74.11116312152735,4.658984334694457,POINT (-74.11116312152735 4.658984334694457),CIUDAD SALITRE OCCIDENTAL
2007,CONCEJO,VERACRUZ,51,FONTIBON,-74.13770941799999,4.679446399000028,POINT (-74.13770941799999 4.679446399000028),FONTIBON
2007,CONCEJO,VERSALLES,29,FONTIBON,-74.14523521799998,4.686837268000033,POINT (-74.14523521799998 4.686837268000033),FONTIBON
2007,CONCEJO,VILLEMAR,53,FONTIBON,-74.13918465199998,4.672594228000037,POINT (-74.13918465199998 4.672594228000037),FONTIBON
2007,CONCEJO,ZONA FRANCA,23,FONTIBON,-74.15965763099996,4.671739569000067,POINT (-74.15965763099996 4.671739569000067),ZONA FRANCA
2007,CONCEJO,BACHUE,51,ENGATIVA,-74.10182822499996,4.718635634000066,POINT (-74.10182822499996 4.718635634000066),MINUTO DE DIOS
2007,CONCEJO,BACHUE II - BOCHICA I,44,ENGATIVA,-74.10589612699994,4.712395776000051,POINT (-74.10589612699994 4.712395776000051),MINUTO DE DIOS
2007,CONCEJO,BOCHICA,161,ENGATIVA,-74.11216229099995,4.710570740000037,POINT (-74.11216229099995 4.710570740000037),BOLIVIA
2007,CONCEJO,BOLIVIA,164,ENGATIVA,-74.108315,4.71982,POINT (-74.108315 4.71982),BOLIVIA
2007,CONCEJO,BONANZA,106,ENGATIVA,-74.08685265499997,4.690132197000025,POINT (-74.08685265499997 4.690132197000025),LAS FERIAS
2007,CONCEJO,BOSQUE POPULAR,102,ENGATIVA,-74.09538260399995,4.668805920000068,POINT (-74.09538260399995 4.668805920000068),LAS FERIAS
2007,CONCEJO,BOYACA,102,ENGATIVA,-74.09952889199997,4.68813907200007,POINT (-74.09952889199997 4.68813907200007),BOYACA REAL
2007,CONCEJO,CIUDAD DE HONDA,17,ENGATIVA,-74.09349927999995,4.67293255900006,POINT (-74.09349927999995 4.67293255900006),LAS FERIAS
2007,CONCEJO,CIUDADELA COLSUBSIDIO,238,ENGATIVA,-74.11391557099995,4.720811409000021,POINT (-74.11391557099995 4.720811409000021),BOLIVIA
2007,CONCEJO,EL CORTIJO,205,ENGATIVA,-74.12238073899994,4.725671602000034,POINT (-74.12238073899994 4.725671602000034),BOLIVIA
2007,CONCEJO,EL GUALI,72,ENGATIVA,-74.09435405699998,4.671215577000055,POINT (-74.09435405699998 4.671215577000055),LAS FERIAS
2007,CONCEJO,EL LUJAN,99,ENGATIVA,-74.10148869699998,4.678894774000071,POINT (-74.10148869699998 4.678894774000071),SANTA CECILIA
2007,CONCEJO,EL MORISCO,22,ENGATIVA,-74.09038497199998,4.70515559100005,POINT (-74.09038497199998 4.70515559100005),MINUTO DE DIOS
2007,CONCEJO,EL MUELLE,19,ENGATIVA,-74.12521383799998,4.700289142000031,POINT (-74.12521383799998 4.700289142000031),ENGATIVA
2007,CONCEJO,EL PALMAR,12,ENGATIVA,-74.0999003,4.7137102,POINT (-74.0999003 4.7137102),MINUTO DE DIOS
2007,CONCEJO,ENGATIVA,67,ENGATIVA,-74.14095824099996,4.716288231000021,POINT (-74.14095824099996 4.716288231000021),ENGATIVA
2007,CONCEJO,FERIAS II,31,ENGATIVA,-74.08190081299995,4.686961488000065,POINT (-74.08190081299995 4.686961488000065),LAS FERIAS
2007,CONCEJO,FLORENCIA,31,ENGATIVA,-74.10526331599993,4.69956810900004,POINT (-74.10526331599993 4.69956810900004),BOYACA REAL
2007,CONCEJO,GARCES NAVAS,71,ENGATIVA,-74.12207204399994,4.711136510000074,POINT (-74.12207204399994 4.711136510000074),GARCES NAVAS
2007,CONCEJO,LA CABAÑA,18,ENGATIVA,-74.10219663,4.674296156000025,POINT (-74.10219663 4.674296156000025),LAS FERIAS
2007,CONCEJO,LA ESPAÑOLA,86,ENGATIVA,-74.09653854899994,4.703375863000076,POINT (-74.09653854899994 4.703375863000076),MINUTO DE DIOS
2007,CONCEJO,LA ESTRADA,99,ENGATIVA,-74.09152579599998,4.678782291000061,POINT (-74.09152579599998 4.678782291000061),LAS FERIAS
2007,CONCEJO,LA ESTRADITA,61,ENGATIVA,-74.09156636099993,4.677421343000049,POINT (-74.09156636099993 4.677421343000049),LAS FERIAS
2007,CONCEJO,LA EUROPA,57,ENGATIVA,-74.09357475199994,4.683808993000071,POINT (-74.09357475199994 4.683808993000071),LAS FERIAS
2007,CONCEJO,LA FLORIDA,42,ENGATIVA,-74.11058796699996,4.692899556000043,POINT (-74.11058796699996 4.692899556000043),BOYACA REAL
2007,CONCEJO,LA GRANJA,42,ENGATIVA,-74.10180744699994,4.698713442000042,POINT (-74.10180744699994 4.698713442000042),BOYACA REAL
2007,CONCEJO,LA SALINA,44,ENGATIVA,-74.11402123399995,4.697956262000048,POINT (-74.11402123399995 4.697956262000048),BOYACA REAL
2007,CONCEJO,LA SERENA,54,ENGATIVA,-74.09499903299997,4.708631876000027,POINT (-74.09499903299997 4.708631876000027),MINUTO DE DIOS
2007,CONCEJO,LAS FERIAS,57,ENGATIVA,-74.08716271499998,4.68068259000006,POINT (-74.08716271499998 4.68068259000006),LAS FERIAS
2007,CONCEJO,LAS MERCEDES,5,ENGATIVA,-74.08081979099995,4.569269680000048,POINT (-74.08081979099995 4.569269680000048),SAN BLAS
2007,CONCEJO,LOS ALAMOS,60,ENGATIVA,-74.11978794899994,4.69570563000002,POINT (-74.11978794899994 4.69570563000002),ALAMOS
2007,CONCEJO,LOS ALAMOS NORTE,148,ENGATIVA,-74.11737052299998,4.710317149000048,POINT (-74.11737052299998 4.710317149000048),GARCES NAVAS
2007,CONCEJO,LOS CEREZOS,21,ENGATIVA,-74.10015043799996,4.706390361000047,POINT (-74.10015043799996 4.706390361000047),MINUTO DE DIOS
2007,CONCEJO,MINUTO DE DIOS,224,ENGATIVA,-74.09033767699998,4.698129252000058,POINT (-74.09033767699998 4.698129252000058),MINUTO DE DIOS
2007,CONCEJO,NORMANDIA,286,ENGATIVA,-74.10790265099996,4.661957395000059,POINT (-74.10790265099996 4.661957395000059),JARDIN BOTANICO
2007,CONCEJO,PLAZUELAS DEL VIRREY,30,ENGATIVA,-74.12330064799994,4.704557273000034,POINT (-74.12330064799994 4.704557273000034),GARCES NAVAS
2007,CONCEJO,QUIRIGUA,172,ENGATIVA,-74.10385843999995,4.707612070000039,POINT (-74.10385843999995 4.707612070000039),MINUTO DE DIOS
2007,CONCEJO,QUIRIGUA (PLAZA DE MERCADO),69,ENGATIVA,-74.09834882399997,4.712708186000043,POINT (-74.09834882399997 4.712708186000043),MINUTO DE DIOS
2007,CONCEJO,SAN IGNACIO,23,ENGATIVA,-74.11170781499999,4.673938038000074,POINT (-74.11170781499999 4.673938038000074),SANTA CECILIA
2007,CONCEJO,SAN MARCOS,100,ENGATIVA,-74.10397213399995,4.685961514000041,POINT (-74.10397213399995 4.685961514000041),BOYACA REAL
2007,CONCEJO,SANTA CECILIA,18,ENGATIVA,-74.11305605299998,4.677248620000057,POINT (-74.11305605299998 4.677248620000057),SANTA CECILIA
2007,CONCEJO,SANTA HELENITA,76,ENGATIVA,-74.10337860899995,4.688928773000043,POINT (-74.10337860899995 4.688928773000043),BOYACA REAL
2007,CONCEJO,SANTA ROSITA,94,ENGATIVA,-74.10789106199996,4.701727638000023,POINT (-74.10789106199996 4.701727638000023),BOYACA REAL
2007,CONCEJO,STA. MARIA DEL LAGO,90,ENGATIVA,-74.09470131699999,4.691661443000044,POINT (-74.09470131699999 4.691661443000044),BOYACA REAL
2007,CONCEJO,TABORA,42,ENGATIVA,-74.09808773399999,4.693789436000031,POINT (-74.09808773399999 4.693789436000031),BOYACA REAL
2007,CONCEJO,TISQUESUSA,29,ENGATIVA,-74.09468949399997,4.702307462000022,POINT (-74.09468949399997 4.702307462000022),MINUTO DE DIOS
2007,CONCEJO,VILLA AMALIA,34,ENGATIVA,-74.12630135199998,4.710598490000052,POINT (-74.12630135199998 4.710598490000052),GARCES NAVAS
2007,CONCEJO,VILLA CONSTANZA,9,ENGATIVA,-74.12846496099996,4.708291404000022,POINT (-74.12846496099996 4.708291404000022),ENGATIVA
2007,CONCEJO,VILLA GLADYS,25,ENGATIVA,-74.13430698299999,4.705067449000069,POINT (-74.13430698299999 4.705067449000069),ENGATIVA
2007,CONCEJO,VILLA LUZ,240,ENGATIVA,-74.10643212699995,4.68078184500007,POINT (-74.10643212699995 4.68078184500007),SANTA CECILIA
2007,CONCEJO,VILLAS DE GRANADA,145,ENGATIVA,-74.12971919999995,4.716057361000026,POINT (-74.12971919999995 4.716057361000026),GARCES NAVAS
2007,CONCEJO,ZARZAMORA,66,ENGATIVA,-74.10797802399998,4.696281935000059,POINT (-74.10797802399998 4.696281935000059),BOYACA REAL
2007,CONCEJO,AFIDRO LAS PALMAS,58,SUBA,-74.11182177313226,4.749902312601088,POINT (-74.11182177313226 4.749902312601088),TIBABUYES
2007,CONCEJO,SALON COMUNAL AURES II,77,SUBA,-74.10196150899998,4.733217357000058,POINT (-74.10196150899998 4.733217357000058),EL RINCON
2007,CONCEJO,BILBAO,11,SUBA,-74.0611733,4.7075322,POINT (-74.0611733 4.7075322),LA ALHAMBRA
2007,CONCEJO,BOSQUES DE SUBA,28,SUBA,-74.0796719,4.7270888,POINT (-74.0796719 4.7270888),NIZA
2007,CONCEJO,CIUDADELA CAFAM,254,SUBA,-74.1035955,4.7468462,POINT (-74.1035955 4.7468462),EL RINCON
2007,CONCEJO,CIUDADELA NUEVA TIBABUYES,65,SUBA,-74.10660422064569,4.735692518145205,POINT (-74.10660422064569 4.735692518145205),TIBABUYES
2007,CONCEJO,COLINA CAMPESTRE,1282,SUBA,-74.061332,4.7337562,POINT (-74.061332 4.7337562),EL PRADO
2007,CONCEJO,EL RINCON,39,SUBA,-74.0896688,4.7250134,POINT (-74.0896688 4.7250134),EL RINCON
2007,CONCEJO,LA AGUADITA,2,SUBA,-74.0813027046065,4.71806369922045,POINT (-74.0813027046065 4.71806369922045),NIZA
2007,CONCEJO,LA ALHAMBRA,1070,SUBA,-74.0609083,4.7026269,POINT (-74.0609083 4.7026269),LA ALHAMBRA
2007,CONCEJO,LA FLORESTA NORTE,494,SUBA,-74.0735122,4.6929026,POINT (-74.0735122 4.6929026),LA FLORESTA
2007,CONCEJO,LA GAITANA,46,SUBA,-74.07245197899994,4.674229417000049,POINT (-74.07245197899994 4.674229417000049),DOCE DE OCTUBRE
2007,CONCEJO,LA TOSCANA,9,SUBA,-74.1152001,4.7443699,POINT (-74.1152001 4.7443699),TIBABUYES
2007,CONCEJO,LISBOA,23,SUBA,-74.1229855,4.7429247,POINT (-74.1229855 4.7429247),TIBABUYES
2007,CONCEJO,MAZUREN,590,SUBA,-74.0499144,4.736319,POINT (-74.0499144 4.736319),EL PRADO
2007,CONCEJO,NIZA IX,264,SUBA,-74.06067303499998,4.713495869000042,POINT (-74.06067303499998 4.713495869000042),EL PRADO
2007,CONCEJO,NIZA LEY,467,SUBA,-74.07537517238661,4.705291153673785,POINT (-74.07537517238661 4.705291153673785),NIZA
2007,CONCEJO,NIZA NORTE,794,SUBA,-74.0781304,4.7110285,POINT (-74.0781304 4.7110285),NIZA
2007,CONCEJO,NIZA VIII,227,SUBA,-74.0657219,4.7101916,POINT (-74.0657219 4.7101916),NIZA
2007,CONCEJO,NUEVA ZELANDIA,49,SUBA,-74.04953912599996,4.759085622000043,POINT (-74.04953912599996 4.759085622000043),SAN JOSE DE BAVARIA
2007,CONCEJO,PASADENA,599,SUBA,-74.0629801,4.6927092,POINT (-74.0629801 4.6927092),LA ALHAMBRA
2007,CONCEJO,PONTEVEDRA,434,SUBA,-74.07401792199994,4.695967249000034,POINT (-74.07401792199994 4.695967249000034),LA FLORESTA
2007,CONCEJO,PRADO CIUDAD JARDIN,108,SUBA,-74.06980868399995,4.719289007000043,POINT (-74.06980868399995 4.719289007000043),NIZA
2007,CONCEJO,PRADO PINZON,128,SUBA,-74.05738754199996,4.722990696000068,POINT (-74.05738754199996 4.722990696000068),EL PRADO
2007,CONCEJO,PRADO VERANIEGO,192,SUBA,-74.05417374199999,4.717159632000062,POINT (-74.05417374199999 4.717159632000062),EL PRADO
2007,CONCEJO,SAN BARTOLOME,107,SUBA,-74.0740146,4.7162099,POINT (-74.0740146 4.7162099),NIZA
2007,CONCEJO,SAN CIPRIANO,111,SUBA,-74.05503118599995,4.748629041000072,POINT (-74.05503118599995 4.748629041000072),BRITALIA
2007,CONCEJO,SAN LUIS,216,SUBA,-74.06726194899994,4.64830091400006,POINT (-74.06726194899994 4.64830091400006),GALERIAS
2007,CONCEJO,SAN NICOLAS,142,SUBA,-74.0603539,4.7640775,POINT (-74.0603539 4.7640775),SAN JOSE DE BAVARIA
2007,CONCEJO,SUBA,368,SUBA,-74.1137627,4.7399047,POINT (-74.1137627 4.7399047),TIBABUYES
2007,CONCEJO,TEJARES NORTE,330,SUBA,-74.05026994599996,4.762782869000034,POINT (-74.05026994599996 4.762782869000034),SAN JOSE DE BAVARIA
2007,CONCEJO,TIBABUYES,102,SUBA,-74.099281,4.7516348,POINT (-74.099281 4.7516348),SUBA
2007,CONCEJO,TIBABUYES UNIVERSAL,43,SUBA,-74.11057586699997,4.746231617000035,POINT (-74.11057586699997 4.746231617000035),TIBABUYES
2007,CONCEJO,UDCA - GUAYMARAL,14,SUBA,-74.04937821897461,4.801092475085889,POINT (-74.04937821897461 4.801092475085889),
2007,CONCEJO,VILLA DEL PRADO,543,SUBA,-74.0537779,4.7557424,POINT (-74.0537779 4.7557424),SAN JOSE DE BAVARIA
2007,CONCEJO,12 DE OCTUBRE,21,BARRIOS UNIDOS,-74.07335095099995,4.666941938000036,POINT (-74.07335095099995 4.666941938000036),LOS ALCAZARES
2007,CONCEJO,BENJAMIN HERRERA,18,BARRIOS UNIDOS,-74.07567930199997,4.652273764000029,POINT (-74.07567930199997 4.652273764000029),LOS ALCAZARES
2007,CONCEJO,COLOMBIA,47,BARRIOS UNIDOS,-74.06551906299995,4.657375872000046,POINT (-74.06551906299995 4.657375872000046),LOS ALCAZARES
2007,CONCEJO,ENTRE RIOS,114,BARRIOS UNIDOS,-74.07541461999995,4.680300152000029,POINT (-74.07541461999995 4.680300152000029),LOS ANDES
2007,CONCEJO,GAITAN,40,BARRIOS UNIDOS,-74.07245197899994,4.674229417000049,POINT (-74.07245197899994 4.674229417000049),DOCE DE OCTUBRE
2007,CONCEJO,JOSE JOAQUIN VARGAS,139,BARRIOS UNIDOS,-74.08314810399997,4.672682597000062,POINT (-74.08314810399997 4.672682597000062),DOCE DE OCTUBRE
2007,CONCEJO,LA CASTELLANA,358,BARRIOS UNIDOS,-74.06048851999998,4.682589826000026,POINT (-74.06048851999998 4.682589826000026),LOS ANDES
2007,CONCEJO,LA MUEQUETA,29,BARRIOS UNIDOS,-74.06936124999999,4.654475367000032,POINT (-74.06936124999999 4.654475367000032),LOS ALCAZARES
2007,CONCEJO,LA PAZ,18,BARRIOS UNIDOS,-74.07520913799993,4.660220166000045,POINT (-74.07520913799993 4.660220166000045),LOS ALCAZARES
2007,CONCEJO,LOS ALCAZARES,84,BARRIOS UNIDOS,-74.07035057899998,4.663748039000041,POINT (-74.07035057899998 4.663748039000041),LOS ALCAZARES
2007,CONCEJO,METROPOLIS,311,BARRIOS UNIDOS,-74.08229831399996,4.68054472700004,POINT (-74.08229831399996 4.68054472700004),DOCE DE OCTUBRE
2007,CONCEJO,PATRIA,22,BARRIOS UNIDOS,-74.06517255399996,4.679075652000051,POINT (-74.06517255399996 4.679075652000051),LOS ANDES
2007,CONCEJO,POLO CLUB,377,BARRIOS UNIDOS,-74.06070016599995,4.669161304000056,POINT (-74.06070016599995 4.669161304000056),LOS ALCAZARES
2007,CONCEJO,POPULAR MODELO,133,BARRIOS UNIDOS,-74.08165929299997,4.665450646000068,POINT (-74.08165929299997 4.665450646000068),DOCE DE OCTUBRE
2007,CONCEJO,RIONEGRO,75,BARRIOS UNIDOS,-74.06649724899995,4.684978809000029,POINT (-74.06649724899995 4.684978809000029),LOS ANDES
2007,CONCEJO,SAN FELIPE,42,BARRIOS UNIDOS,-74.06340934299999,4.666845969000065,POINT (-74.06340934299999 4.666845969000065),LOS ALCAZARES
2007,CONCEJO,SAN FERNANDO,66,BARRIOS UNIDOS,-74.07670481199995,4.672777722000035,POINT (-74.07670481199995 4.672777722000035),DOCE DE OCTUBRE
2007,CONCEJO,SANTA SOFIA,56,BARRIOS UNIDOS,-74.06707617899997,4.670677322000074,POINT (-74.06707617899997 4.670677322000074),LOS ALCAZARES
2007,CONCEJO,SIETE DE AGOSTO,107,BARRIOS UNIDOS,-74.07208126499995,4.654623555000057,POINT (-74.07208126499995 4.654623555000057),LOS ALCAZARES
2007,CONCEJO,SIMON BOLIVAR,44,BARRIOS UNIDOS,-74.08023466099996,4.675761623000028,POINT (-74.08023466099996 4.675761623000028),DOCE DE OCTUBRE
2007,CONCEJO,ALFONSO LOPEZ,64,TEUSAQUILLO,-74.100862,4.497976,POINT (-74.100862 4.497976),ALFONSO LOPEZ
2007,CONCEJO,BELALCAZAR,84,TEUSAQUILLO,-74.078779,4.6413716,POINT (-74.078779 4.6413716),GALERIAS
2007,CONCEJO,CENTRO NARIÑO,107,TEUSAQUILLO,-74.09149145199996,4.628473686000063,POINT (-74.09149145199996 4.628473686000063),QUINTA PAREDES
2007,CONCEJO,CHAPINERO,119,TEUSAQUILLO,-74.0750978,4.6511144,POINT (-74.0750978 4.6511144),GALERIAS
2007,CONCEJO,CTRO COMERCIAL GRAN ESTACION,171,TEUSAQUILLO,-74.09218032233545,4.650136146425976,POINT (-74.09218032233545 4.650136146425976),LA ESMERALDA
2007,CONCEJO,DIVINO SALVADOR,64,TEUSAQUILLO,-74.06639656599998,4.644427046000033,POINT (-74.06639656599998 4.644427046000033),GALERIAS
2007,CONCEJO,EL CAMPIN,73,TEUSAQUILLO,-74.07582905499999,4.649279934000049,POINT (-74.07582905499999 4.649279934000049),GALERIAS
2007,CONCEJO,EL SALITRE,39,TEUSAQUILLO,-74.10011001899994,4.655930620000049,POINT (-74.10011001899994 4.655930620000049),PARQUE SIMON BOLIVAR - CAN
2007,CONCEJO,GALERIAS,391,TEUSAQUILLO,-74.075995,4.6430327,POINT (-74.075995 4.6430327),GALERIAS
2007,CONCEJO,LA ESMERALDA,110,TEUSAQUILLO,-74.09103470999997,4.647253998000053,POINT (-74.09103470999997 4.647253998000053),LA ESMERALDA
2007,CONCEJO,COLEGIO LA MAGDALENA,38,TEUSAQUILLO,-74.07105250499995,4.629350958000032,POINT (-74.07105250499995 4.629350958000032),TEUSAQUILLO
2007,CONCEJO,LA SOLEDAD,377,TEUSAQUILLO,-74.0780862,4.6341867,POINT (-74.0780862 4.6341867),TEUSAQUILLO
2007,CONCEJO,NICOLAS DE FEDERMAN,230,TEUSAQUILLO,-74.08198887899994,4.648238759000037,POINT (-74.08198887899994 4.648238759000037),LA ESMERALDA
2007,CONCEJO,PABLO VI,313,TEUSAQUILLO,-74.08685655099998,4.649792883000032,POINT (-74.08685655099998 4.649792883000032),LA ESMERALDA
2007,CONCEJO,PABLO VI II ETAPA,107,TEUSAQUILLO,-74.08881135499996,4.650771604000056,POINT (-74.08881135499996 4.650771604000056),LA ESMERALDA
2007,CONCEJO,PALERMO,53,TEUSAQUILLO,-74.07408780599997,4.638043201000073,POINT (-74.07408780599997 4.638043201000073),GALERIAS
2007,CONCEJO,QUINTA PAREDES  A,86,TEUSAQUILLO,-74.09153300899999,4.63617090300005,POINT (-74.09153300899999 4.63617090300005),PARQUE SIMON BOLIVAR - CAN
2007,CONCEJO,QUINTA PAREDES  A,151,TEUSAQUILLO,-74.09153300899999,4.63617090300005,POINT (-74.09153300899999 4.63617090300005),PARQUE SIMON BOLIVAR - CAN
2007,CONCEJO,RAFAEL NUÑEZ,95,TEUSAQUILLO,-74.09262937299997,4.644623938000052,POINT (-74.09262937299997 4.644623938000052),PARQUE SIMON BOLIVAR - CAN
2007,CONCEJO,RESIDENCIAS B.C.H.,118,TEUSAQUILLO,-74.08162454299998,4.629672908000032,POINT (-74.08162454299998 4.629672908000032),QUINTA PAREDES
2007,CONCEJO,SAN LUIS,64,TEUSAQUILLO,-74.06726194899994,4.64830091400006,POINT (-74.06726194899994 4.64830091400006),GALERIAS
2007,CONCEJO,SANTA TERESITA,69,TEUSAQUILLO,-74.06879445899995,4.634295929000075,POINT (-74.06879445899995 4.634295929000075),TEUSAQUILLO
2007,CONCEJO,TEUSAQUILLO,73,TEUSAQUILLO,-74.07273435499997,4.621280332000026,POINT (-74.07273435499997 4.621280332000026),TEUSAQUILLO
2007,CONCEJO,COLSEGUROS,109,LOS MARTIRES,-74.08428456999997,4.621698653000067,POINT (-74.08428456999997 4.621698653000067),LA SABANA
2007,CONCEJO,EDUARDO SANTOS,73,LOS MARTIRES,-74.09333049699995,4.594339241000057,POINT (-74.09333049699995 4.594339241000057),SANTA ISABEL
2007,CONCEJO,EL VERGEL,44,LOS MARTIRES,-74.09426546999998,4.596321872000033,POINT (-74.09426546999998 4.596321872000033),SANTA ISABEL
2007,CONCEJO,ESTACION DE LA SABANA,23,LOS MARTIRES,-74.08335137199998,4.607028938000042,POINT (-74.08335137199998 4.607028938000042),LA SABANA
2007,CONCEJO,LA ESTANZUELA,23,LOS MARTIRES,-74.08590318299997,4.605598632000067,POINT (-74.08590318299997 4.605598632000067),LA SABANA
2007,CONCEJO,RICAURTE,51,LOS MARTIRES,-74.09447962199994,4.610112401000038,POINT (-74.09447962199994 4.610112401000038),LA SABANA
2007,CONCEJO,SAMPER MENDOZA,47,LOS MARTIRES,-74.08305313799997,4.61837266200007,POINT (-74.08305313799997 4.61837266200007),LA SABANA
2007,CONCEJO,SAN FASON,25,LOS MARTIRES,-74.08133885899997,4.612162252000076,POINT (-74.08133885899997 4.612162252000076),LA SABANA
2007,CONCEJO,SANTA FE,44,LOS MARTIRES,-74.07940438199995,4.61516279500006,POINT (-74.07940438199995 4.61516279500006),LA SABANA
2007,CONCEJO,SALON COMUNAL SANTA ISABEL,219,LOS MARTIRES,-74.10290328699995,4.599747278000052,POINT (-74.10290328699995 4.599747278000052),SANTA ISABEL
2007,CONCEJO,SALON COMUNAL VERAGUAS,44,LOS MARTIRES,-74.10320906899994,4.606667879000042,POINT (-74.10320906899994 4.606667879000042),CIUDAD MONTES
2007,CONCEJO,CIUDAD BERNA,57,ANTONIO NARINO,-74.09353678399998,4.586132712000051,POINT (-74.09353678399998 4.586132712000051),CIUDAD JARDIN
2007,CONCEJO,CIUDAD JARDIN,193,ANTONIO NARINO,-74.09646507499997,4.582211686000051,POINT (-74.09646507499997 4.582211686000051),CIUDAD JARDIN
2007,CONCEJO,LA FRAGUA,32,ANTONIO NARINO,-74.10444052099996,4.594286364000027,POINT (-74.10444052099996 4.594286364000027),RESTREPO
2007,CONCEJO,LA FRAGUITA,17,ANTONIO NARINO,-74.09889760699997,4.591921058000025,POINT (-74.09889760699997 4.591921058000025),RESTREPO
2007,CONCEJO,LUNA PARK,29,ANTONIO NARINO,-74.09726188799993,4.587194525000029,POINT (-74.09726188799993 4.587194525000029),RESTREPO
2007,CONCEJO,POLICARPA,12,ANTONIO NARINO,-74.08822097599995,4.586603001000071,POINT (-74.08822097599995 4.586603001000071),CIUDAD JARDIN
2007,CONCEJO,RESTREPO A,94,ANTONIO NARINO,-74.09690012899995,4.585244524000075,POINT (-74.09690012899995 4.585244524000075),RESTREPO
2007,CONCEJO,RESTREPO A,93,ANTONIO NARINO,-74.09690012899995,4.585244524000075,POINT (-74.09690012899995 4.585244524000075),RESTREPO
2007,CONCEJO,SALÓN COMUNAL SAN ANTONIO SUR,66,ANTONIO NARINO,-74.09567293699996,4.590876381000044,POINT (-74.09567293699996 4.590876381000044),RESTREPO
2007,CONCEJO,SANTANDER,9,ANTONIO NARINO,-74.11035550799994,4.589816232000032,POINT (-74.11035550799994 4.589816232000032),RESTREPO
2007,CONCEJO,SANTANDER SUR,22,ANTONIO NARINO,-74.11432248699998,4.590989214000047,POINT (-74.11432248699998 4.590989214000047),RESTREPO
2007,CONCEJO,SENA,79,ANTONIO NARINO,-74.11194131099995,4.595189787000038,POINT (-74.11194131099995 4.595189787000038),RESTREPO
2007,CONCEJO,SALON COMUNAL VILLA MAYOR,51,ANTONIO NARINO,-74.11921227799996,4.592108652000036,POINT (-74.11921227799996 4.592108652000036),RESTREPO
2007,CONCEJO,ALCALA,34,PUENTE ARANDA,-74.12717777899996,4.601979993000043,POINT (-74.12717777899996 4.601979993000043),MUZU
2007,CONCEJO,CARRERA CENTRO COMERCIAL,8,PUENTE ARANDA,-74.10792934599993,4.626474202000054,POINT (-74.10792934599993 4.626474202000054),SAN RAFAEL
2007,CONCEJO,CIUDAD MONTES,204,PUENTE ARANDA,-74.12029330099995,4.606158372000039,POINT (-74.12029330099995 4.606158372000039),CIUDAD MONTES
2007,CONCEJO,COLON,183,PUENTE ARANDA,-74.11942847599994,4.620190372000025,POINT (-74.11942847599994 4.620190372000025),SAN RAFAEL
2007,CONCEJO,CUNDINAMARCA,10,PUENTE ARANDA,-74.08933231699996,4.622689935000039,POINT (-74.08933231699996 4.622689935000039),ZONA INDUSTRIAL
2007,CONCEJO,DELICIAS MUZU,37,PUENTE ARANDA,-74.13043865899994,4.599249684000029,POINT (-74.13043865899994 4.599249684000029),MUZU
2007,CONCEJO,EL JAZMIN,140,PUENTE ARANDA,-74.11487267199993,4.609959443000037,POINT (-74.11487267199993 4.609959443000037),CIUDAD MONTES
2007,CONCEJO,EL TEJAR,63,PUENTE ARANDA,-74.12752014499995,4.60858481300005,POINT (-74.12752014499995 4.60858481300005),CIUDAD MONTES
2007,CONCEJO,GALAN,78,PUENTE ARANDA,-74.1224756299999,4.617260904000034,POINT (-74.1224756299999 4.617260904000034),SAN RAFAEL
2007,CONCEJO,LA ASUNCION,67,PUENTE ARANDA,-74.10681926199999,4.602694444000065,POINT (-74.10681926199999 4.602694444000065),CIUDAD MONTES
2007,CONCEJO,LA PONDEROSA,114,PUENTE ARANDA,-74.11908075799994,4.611495329000036,POINT (-74.11908075799994 4.611495329000036),CIUDAD MONTES
2007,CONCEJO,LA PRADERA,29,PUENTE ARANDA,-74.12182556299996,4.623994109000023,POINT (-74.12182556299996 4.623994109000023),SAN RAFAEL
2007,CONCEJO,LA PRIMAVERA,100,PUENTE ARANDA,-74.10939312699998,4.615518683000062,POINT (-74.10939312699998 4.615518683000062),CIUDAD MONTES
2007,CONCEJO,LA TRINIDAD,38,PUENTE ARANDA,-74.11704188499994,4.626988280000035,POINT (-74.11704188499994 4.626988280000035),SAN RAFAEL
2007,CONCEJO,LOS SAUCES,30,PUENTE ARANDA,-74.11885339399998,4.596838563000063,POINT (-74.11885339399998 4.596838563000063),MUZU
2007,CONCEJO,MILENTA,95,PUENTE ARANDA,-74.12565622599993,4.609531985000046,POINT (-74.12565622599993 4.609531985000046),CIUDAD MONTES
2007,CONCEJO,PUENTE ARANDA,19,PUENTE ARANDA,-74.10888560299998,4.632026551000024,POINT (-74.10888560299998 4.632026551000024),PUENTE ARANDA
2007,CONCEJO,SALAZAR GOMEZ,21,PUENTE ARANDA,-74.11809821699995,4.63356439000006,POINT (-74.11809821699995 4.63356439000006),PUENTE ARANDA
2007,CONCEJO,SAN FRANCISCO,48,PUENTE ARANDA,-74.14905784799998,4.563622939000027,POINT (-74.14905784799998 4.563622939000027),SAN FRANCISCO
2007,CONCEJO,SAN RAFAEL,70,PUENTE ARANDA,-74.11365582799993,4.619919495000033,POINT (-74.11365582799993 4.619919495000033),SAN RAFAEL
2007,CONCEJO,SANTA MATILDE,144,PUENTE ARANDA,-74.10943884399995,4.603050434000068,POINT (-74.10943884399995 4.603050434000068),CIUDAD MONTES
2007,CONCEJO,SANTA RITA,93,PUENTE ARANDA,-74.12372762999996,4.59804774600002,POINT (-74.12372762999996 4.59804774600002),MUZU
2007,CONCEJO,VERAGUAS CENTRAL,130,PUENTE ARANDA,-74.1010332,4.6068443,POINT (-74.1010332 4.6068443),CIUDAD MONTES
2007,CONCEJO,VILLA SONIA,32,PUENTE ARANDA,-74.1286128,4.5954515,POINT (-74.1286128 4.5954515),MUZU
2007,CONCEJO,ALCALDIA MAYOR,124,LA CANDELARIA,-74.0765547,4.598426,POINT (-74.0765547 4.598426),LA CANDELARIA
2007,CONCEJO,ARCHIVO NACIONAL,27,LA CANDELARIA,-74.07675695231927,4.594296558925359,POINT (-74.07675695231927 4.594296558925359),LA CANDELARIA
2007,CONCEJO,ANTIGUO COUNTRY PLAZOLETA CARULLA,815,CHAPINERO,-74.07001943899996,4.59294339500002,POINT (-74.07001943899996 4.59294339500002),LA CANDELARIA
2007,CONCEJO,LA CONCORDIA,55,LA CANDELARIA,-74.06917663199994,4.598773004000066,POINT (-74.06917663199994 4.598773004000066),LA CANDELARIA
2007,CONCEJO,BRAVO PAEZ,12,RAFAEL URIBE URIBE,-74.12037854099998,4.584800500000028,POINT (-74.12037854099998 4.584800500000028),QUIROGA
2007,CONCEJO,CENTENARIO,45,RAFAEL URIBE URIBE,-74.11268452199994,4.584835381000062,POINT (-74.11268452199994 4.584835381000062),QUIROGA
2007,CONCEJO,CIUDAD BOCHICA SUR,33,RAFAEL URIBE URIBE,-74.1121338199999,4.557649002000062,POINT (-74.1121338199999 4.557649002000062),MARRUECOS
2007,CONCEJO,CLARET,37,RAFAEL URIBE URIBE,-74.12841806999995,4.583001399000068,POINT (-74.12841806999995 4.583001399000068),QUIROGA
2007,CONCEJO,COUNTRY SUR,63,RAFAEL URIBE URIBE,-74.10245540999995,4.568172990000051,POINT (-74.10245540999995 4.568172990000051),SAN JOSE
2007,CONCEJO,EL SOCORRO SUR,3,RAFAEL URIBE URIBE,-74.12448237099994,4.564808620000065,POINT (-74.12448237099994 4.564808620000065),MARRUECOS
2007,CONCEJO,GRANJAS DE SAN PABLO,4,RAFAEL URIBE URIBE,-74.11613731499995,4.571512927000072,POINT (-74.11613731499995 4.571512927000072),MARCO FIDEL SUAREZ
2007,CONCEJO,GUSTAVO RESTREPO,64,RAFAEL URIBE URIBE,-74.10616393599997,4.575755499000024,POINT (-74.10616393599997 4.575755499000024),SAN JOSE
2007,CONCEJO,INGLES,37,RAFAEL URIBE URIBE,-74.12341538999993,4.583322852000038,POINT (-74.12341538999993 4.583322852000038),QUIROGA
2007,CONCEJO,LA MARQUEZA,4,RAFAEL URIBE URIBE,-74.106957,4.543018,POINT (-74.106957 4.543018),DIANA TURBAY
2007,CONCEJO,LA PAZ,3,RAFAEL URIBE URIBE,-74.07520913799993,4.660220166000045,POINT (-74.07520913799993 4.660220166000045),LOS ALCAZARES
2007,CONCEJO,LAS COLINAS,14,RAFAEL URIBE URIBE,-74.11286773499995,4.574369309000076,POINT (-74.11286773499995 4.574369309000076),MARCO FIDEL SUAREZ
2007,CONCEJO,LAS LOMAS,10,RAFAEL URIBE URIBE,-74.10835908299998,4.564671512000075,POINT (-74.10835908299998 4.564671512000075),MARCO FIDEL SUAREZ
2007,CONCEJO,LIBERTADOR II,18,RAFAEL URIBE URIBE,-74.11613920499997,4.584036610000055,POINT (-74.11613920499997 4.584036610000055),QUIROGA
2007,CONCEJO,LOS MOLINOS II SECTOR,20,RAFAEL URIBE URIBE,-74.10769519599995,4.55358904600007,POINT (-74.10769519599995 4.55358904600007),MARRUECOS
2007,CONCEJO,MARCO FIDEL SUAREZ,6,RAFAEL URIBE URIBE,-74.12201370999998,4.568143763000023,POINT (-74.12201370999998 4.568143763000023),MARCO FIDEL SUAREZ
2007,CONCEJO,MARCO FIDEL SUAREZ,24,RAFAEL URIBE URIBE,-74.12201370999998,4.568143763000023,POINT (-74.12201370999998 4.568143763000023),MARCO FIDEL SUAREZ
2007,CONCEJO,MARRUECOS APARTAMENTOS,16,RAFAEL URIBE URIBE,-74.11256656599994,4.554367677000073,POINT (-74.11256656599994 4.554367677000073),MARRUECOS
2007,CONCEJO,MIRADOR DE MARROCOS,3,RAFAEL URIBE URIBE,-74.11357177299993,4.557800496000027,POINT (-74.11357177299993 4.557800496000027),MARRUECOS
2007,CONCEJO,MOLINOS DEL SUR,51,RAFAEL URIBE URIBE,-74.11787294099997,4.555161542000064,POINT (-74.11787294099997 4.555161542000064),MARRUECOS
2007,CONCEJO,OLAYA,16,RAFAEL URIBE URIBE,-74.10905678999995,4.583496479000075,POINT (-74.10905678999995 4.583496479000075),QUIROGA
2007,CONCEJO,PALERMO SUR,6,RAFAEL URIBE URIBE,-74.10971793799996,4.543099721000033,POINT (-74.10971793799996 4.543099721000033),DIANA TURBAY
2007,CONCEJO,QUIROGA,19,RAFAEL URIBE URIBE,-74.11055171399994,4.579222339000069,POINT (-74.11055171399994 4.579222339000069),QUIROGA
2007,CONCEJO,QUIROGA,22,RAFAEL URIBE URIBE,-74.11055171399994,4.579222339000069,POINT (-74.11055171399994 4.579222339000069),QUIROGA
2007,CONCEJO,QUIROGA,69,RAFAEL URIBE URIBE,-74.11055171399994,4.579222339000069,POINT (-74.11055171399994 4.579222339000069),QUIROGA
2007,CONCEJO,RESURRECCION,5,RAFAEL URIBE URIBE,-74.10933182899998,4.56841423700007,POINT (-74.10933182899998 4.56841423700007),MARCO FIDEL SUAREZ
2007,CONCEJO,SAN AGUSTIN SUR,8,RAFAEL URIBE URIBE,-74.11336675299998,4.547747282000046,POINT (-74.11336675299998 4.547747282000046),DIANA TURBAY
2007,CONCEJO,SAN JORGE,19,RAFAEL URIBE URIBE,-74.12034817099999,4.571727375000023,POINT (-74.12034817099999 4.571727375000023),MARCO FIDEL SUAREZ
2007,CONCEJO,SAN JOSE,27,RAFAEL URIBE URIBE,-74.10269822499998,4.577056372000072,POINT (-74.10269822499998 4.577056372000072),SAN JOSE
2007,CONCEJO,SAN JUANITO,4,RAFAEL URIBE URIBE,-74.11959751699999,4.575572201000057,POINT (-74.11959751699999 4.575572201000057),MARCO FIDEL SUAREZ
2007,CONCEJO,SANTA LUCIA,20,RAFAEL URIBE URIBE,-74.12599363799995,4.577615822000041,POINT (-74.12599363799995 4.577615822000041),QUIROGA
2007,CONCEJO,VILLA MAYOR LA NUEVA,23,RAFAEL URIBE URIBE,-74.12704196399994,4.589394040000059,POINT (-74.12704196399994 4.589394040000059),QUIROGA
2007,CONCEJO,ARBORIZADORA ALTA,7,CIUDAD BOLIVAR,-74.16372346699995,4.56785762700002,POINT (-74.16372346699995 4.56785762700002),JERUSALEM
2007,CONCEJO,ALTOS DE JALISCO,40,CIUDAD BOLIVAR,-74.13929741599998,4.55577596400002,POINT (-74.13929741599998 4.55577596400002),LUCERO
2007,CONCEJO,ARBORIZADORA BAJA,22,CIUDAD BOLIVAR,-74.1499205179189,4.5743303249144,POINT (-74.1499205179189 4.5743303249144),ARBORIZADORA
2007,CONCEJO,LA CANDELARIA LA NUEVA,73,CIUDAD BOLIVAR,-74.15287385199997,4.571103852000022,POINT (-74.15287385199997 4.571103852000022),SAN FRANCISCO
2007,CONCEJO,CASONA DEL LIBERTADOR,29,CIUDAD BOLIVAR,-74.15763600299994,4.579283381000039,POINT (-74.15763600299994 4.579283381000039),JERUSALEM
2007,CONCEJO,CORDILLERA,2,CIUDAD BOLIVAR,-74.14964727999995,4.539866762000031,POINT (-74.14964727999995 4.539866762000031),LUCERO
2007,CONCEJO,EL PARAISO,57,CIUDAD BOLIVAR,-74.15899211599998,4.552388765000046,POINT (-74.15899211599998 4.552388765000046),LUCERO
2007,CONCEJO,EL TESORO,11,CIUDAD BOLIVAR,-74.14944513799998,4.534972583000069,POINT (-74.14944513799998 4.534972583000069),EL TESORO
2007,CONCEJO,ESTRELLA DEL SUR,13,CIUDAD BOLIVAR,-74.14255463799998,4.54309905100007,POINT (-74.14255463799998 4.54309905100007),EL TESORO
2007,CONCEJO,GALICIA,33,CIUDAD BOLIVAR,-74.17067691899996,4.590999912000029,POINT (-74.17067691899996 4.590999912000029),ISMAEL PERDOMO
2007,CONCEJO,ISMAEL PERDOMO,52,CIUDAD BOLIVAR,-74.16541520099997,4.587222700000041,POINT (-74.16541520099997 4.587222700000041),ISMAEL PERDOMO
2007,CONCEJO,JERUSALEN (EL TANQUE),9,CIUDAD BOLIVAR,-74.16542993299998,4.571907094000039,POINT (-74.16542993299998 4.571907094000039),JERUSALEM
2007,CONCEJO,JUAN PABLO II,13,CIUDAD BOLIVAR,-74.14786307699995,4.555261993000045,POINT (-74.14786307699995 4.555261993000045),LUCERO
2007,CONCEJO,LA ACACIA,32,CIUDAD BOLIVAR,-74.14226652099995,4.560672141000055,POINT (-74.14226652099995 4.560672141000055),SAN FRANCISCO
2007,CONCEJO,LA ESTANCIA,24,CIUDAD BOLIVAR,-74.17636492499997,4.593077627000071,POINT (-74.17636492499997 4.593077627000071),ISMAEL PERDOMO
2007,CONCEJO,LUCERO DEL SUR,27,CIUDAD BOLIVAR,-74.13841960299999,4.550661156000047,POINT (-74.13841960299999 4.550661156000047),LUCERO
2007,CONCEJO,LUCERO MEDIO,11,CIUDAD BOLIVAR,-74.14561460299996,4.549026850000075,POINT (-74.14561460299996 4.549026850000075),LUCERO
2007,CONCEJO,MADELENA,56,CIUDAD BOLIVAR,-74.15838841199997,4.586369214000058,POINT (-74.15838841199997 4.586369214000058),ARBORIZADORA
2007,CONCEJO,MANUELA BELTRAN,9,CIUDAD BOLIVAR,-74.15747735099995,4.57256518600002,POINT (-74.15747735099995 4.57256518600002),JERUSALEM
2007,CONCEJO,MEISSEN,14,CIUDAD BOLIVAR,-74.13563345799997,4.556714753000051,POINT (-74.13563345799997 4.556714753000051),LUCERO
2007,CONCEJO,MEXICO,36,CIUDAD BOLIVAR,-74.13659954999997,4.555005582000035,POINT (-74.13659954999997 4.555005582000035),LUCERO
2007,CONCEJO,MOCHUELO ALTO,1,CIUDAD BOLIVAR,-74.14828891199994,4.488795608000032,POINT (-74.14828891199994 4.488795608000032),
2007,CONCEJO,MOCHUELO BAJO,1,CIUDAD BOLIVAR,-74.15202863899998,4.510414233000063,POINT (-74.15202863899998 4.510414233000063),
2007,CONCEJO,NUEVA ARGENTINA,6,CIUDAD BOLIVAR,-74.16226333099996,4.573266183000044,POINT (-74.16226333099996 4.573266183000044),JERUSALEM
2007,CONCEJO,PASQUILLA,2,CIUDAD BOLIVAR,-74.15583652,4.448451586000033,POINT (-74.15583652 4.448451586000033),
2007,CONCEJO,POTOSI (LA LAGUNA),19,CIUDAD BOLIVAR,-74.16954199599996,4.570871196000041,POINT (-74.16954199599996 4.570871196000041),JERUSALEM
2007,CONCEJO,SAN FRANCISCO,41,CIUDAD BOLIVAR,-74.14905784799998,4.563622939000027,POINT (-74.14905784799998 4.563622939000027),SAN FRANCISCO
2007,CONCEJO,SANTO DOMINGO,6,CIUDAD BOLIVAR,-74.17893964099994,4.578844444000026,POINT (-74.17893964099994 4.578844444000026),ISMAEL PERDOMO
2007,CONCEJO,SIERRA MORENA,18,CIUDAD BOLIVAR,-74.16562389799998,4.577678521000053,POINT (-74.16562389799998 4.577678521000053),ISMAEL PERDOMO
2007,CONCEJO,SOTAVENTO,21,CIUDAD BOLIVAR,-74.13939966599997,4.544400308000036,POINT (-74.13939966599997 4.544400308000036),EL TESORO
2007,CONCEJO,VEREDA QUIBA,1,CIUDAD BOLIVAR,-74.16620634799995,4.52830381800004,POINT (-74.16620634799995 4.52830381800004),
2007,CONCEJO,VILLA GLORIA SUR,3,CIUDAD BOLIVAR,-74.15275059699997,4.553459471000053,POINT (-74.15275059699997 4.553459471000053),LUCERO
2007,CONCEJO,VISTAHERMOSA,20,CIUDAD BOLIVAR,-74.14905681699997,4.54710188100006,POINT (-74.14905681699997 4.54710188100006),LUCERO
2007,CONCEJO,BELLAVISTA SAN CRISTOBAL,14,SAN CRISTOBAL,-74.0884874,4.5509337,POINT (-74.0884874 4.5509337),SAN BLAS
2007,CONCEJO,BELLAVISTA USME,18,USME,-74.1068946159712,4.50556020641461,POINT (-74.1068946159712 4.50556020641461),COMUNEROS
2007,CONCEJO,CEDRO GOLF,293,USAQUEN,-74.02642592299998,4.725494393000076,POINT (-74.02642592299998 4.725494393000076),LOS CEDROS
2007,CONCEJO,COVIVIENDA DEL SUR ORIENTE,8,RAFAEL URIBE URIBE,-74.11013651099995,4.54753987600003,POINT (-74.11013651099995 4.54753987600003),DIANA TURBAY
2007,CONCEJO,EGIPTO,12,LA CANDELARIA,-74.07001943899996,4.59294339500002,POINT (-74.07001943899996 4.59294339500002),LA CANDELARIA
2007,CONCEJO,SAN BENITO ABAD,17,TUNJUELITO,-74.13704436299997,4.56659538100007,POINT (-74.13704436299997 4.56659538100007),TUNJUELITO
2007,CONCEJO,SAN JOAQUIN DEL VATICANO,4,CIUDAD BOLIVAR,-74.14493207799995,4.537077279000073,POINT (-74.14493207799995 4.537077279000073),EL TESORO
2007,CONCEJO,CASAVIANCA,2,CIUDAD BOLIVAR,-74.18273609599999,4.59551443700002,POINT (-74.18273609599999 4.59551443700002),ISMAEL PERDOMO
2007,CONCEJO,CASABLANCA 32,29,KENNEDY,-74.16793260399999,4.618398016000071,POINT (-74.16793260399999 4.618398016000071),KENNEDY CENTRAL
2007,CONCEJO,CASABLANCA SUBA,26,SUBA,-74.0722159,4.7458817,POINT (-74.0722159 4.7458817),CASA BLANCA SUBA
2011,ALCALDIA,PUESTO CENSO(FERIA EXPOSICION),6973,NACIONAL,-74.08994026099998,4.630369649000045,POINT (-74.08994026099998 4.630369649000045),QUINTA PAREDES
2011,ALCALDIA,ALTOS DE SAN ISIDRO,142,USAQUEN,-74.0244897,4.6696769,POINT (-74.0244897 4.6696769),SAN ISIDRO - PATIOS
2011,ALCALDIA,BARRANCAS,842,USAQUEN,-74.0269239,4.7352201,POINT (-74.0269239 4.7352201),SAN CRISTOBAL NORTE
2011,ALCALDIA,BUENAVISTA,503,USAQUEN,-74.02579167099998,4.766856689000065,POINT (-74.02579167099998 4.766856689000065),VERBENAL
2011,ALCALDIA,CANAIMA,112,USAQUEN,-74.04098847999995,4.772747019000064,POINT (-74.04098847999995 4.772747019000064),PASEO DE LOS LIBERTADORES
2011,ALCALDIA,LOS CEDRITOS,470,USAQUEN,-74.0455034,4.7242924,POINT (-74.0455034 4.7242924),LOS CEDROS
2011,ALCALDIA,CEDRITOS II SECTOR,549,USAQUEN,-74.03989464361008,4.725161840959483,POINT (-74.03989464361008 4.725161840959483),LOS CEDROS
2011,ALCALDIA,ARBORIZADORA BAJA,961,CIUDAD BOLIVAR,-74.1499205179189,4.5743303249144,POINT (-74.1499205179189 4.5743303249144),ARBORIZADORA
2011,ALCALDIA,CONTADOR,701,USAQUEN,-74.0480373,4.7116123,POINT (-74.0480373 4.7116123),COUNTRY CLUB
2011,ALCALDIA,EL VERBENAL II SECTOR,1053,USAQUEN,-74.0375706,4.7641288,POINT (-74.0375706 4.7641288),VERBENAL
2011,ALCALDIA,LA CITA,2479,USAQUEN,-74.0227166,4.7449208,POINT (-74.0227166 4.7449208),LA URIBE
2011,ALCALDIA,LA URIBE,434,USAQUEN,-74.0450134,4.7523999,POINT (-74.0450134 4.7523999),LA URIBE
2011,ALCALDIA,LAS MARGARITAS,1102,USAQUEN,-74.0470339940858,4.73247890295971,POINT (-74.0470339940858 4.73247890295971),LOS CEDROS
2011,ALCALDIA,LAS ORQUIDEAS,960,USAQUEN,-74.04022487333644,4.742062972948161,POINT (-74.04022487333644 4.742062972948161),TOBERIN
2011,ALCALDIA,LIJACA,798,USAQUEN,-74.02799443399994,4.765537425000048,POINT (-74.02799443399994 4.765537425000048),VERBENAL
2011,ALCALDIA,SALÓN COMUNAL SAN ANTONIO,839,USAQUEN,-74.0321796349869,4.76460865457396,POINT (-74.0321796349869 4.76460865457396),VERBENAL
2011,ALCALDIA,SANTA ANA ORIENTAL,286,USAQUEN,-74.0320003446318,4.686688896535118,POINT (-74.0320003446318 4.686688896535118),USAQUEN
2011,ALCALDIA,SANTA BARBARA OCCIDENTAL,248,USAQUEN,-74.0494267,4.7008515,POINT (-74.0494267 4.7008515),SANTA BARBARA
2011,ALCALDIA,SANTA BARBARA ORIENTAL,254,USAQUEN,-74.030432,4.6981675,POINT (-74.030432 4.6981675),USAQUEN
2011,ALCALDIA,SANTA PAULA,160,USAQUEN,-74.04258361999996,4.690482880000047,POINT (-74.04258361999996 4.690482880000047),SANTA BARBARA
2011,ALCALDIA,CENTRO COMERCIAL UNICENTRO,1165,USAQUEN,-74.04262499899994,4.702378772000031,POINT (-74.04262499899994 4.702378772000031),SANTA BARBARA
2011,ALCALDIA,USAQUÉN,1115,USAQUEN,-74.03094040199994,4.695968200000038,POINT (-74.03094040199994 4.695968200000038),USAQUEN
2011,ALCALDIA,AVENIDA CHILE,185,CHAPINERO,-74.059637,4.6576875,POINT (-74.059637 4.6576875),CHICO LAGO
2011,ALCALDIA,BOSQUE CALDERON,291,CHAPINERO,-74.0605512,4.6410711,POINT (-74.0605512 4.6410711),PARDO RUBIO
2011,ALCALDIA,CHAPINERO NORTE,602,CHAPINERO,-74.0629969,4.6530765,POINT (-74.0629969 4.6530765),CHAPINERO
2011,ALCALDIA,CHICO 97,202,CHAPINERO,-74.04965463599996,4.685075567000069,POINT (-74.04965463599996 4.685075567000069),CHICO LAGO
2011,ALCALDIA,CHICO NORTE,353,CHAPINERO,-74.04965463599996,4.685075567000069,POINT (-74.04965463599996 4.685075567000069),CHICO LAGO
2011,ALCALDIA,CHICO RESERVADO,250,CHAPINERO,-74.04422465799996,4.679733713000076,POINT (-74.04422465799996 4.679733713000076),EL REFUGIO
2011,ALCALDIA,EL LAGO GAITAN,117,CHAPINERO,-74.07820828312313,4.604816474737992,POINT (-74.07820828312313 4.604816474737992),LAS NIEVES
2011,ALCALDIA,EL NOGAL,208,CHAPINERO,-74.0535638,4.6603208,POINT (-74.0535638 4.6603208),EL REFUGIO
2011,ALCALDIA,GRANADA,120,CHAPINERO,-74.0542202,4.6477537,POINT (-74.0542202 4.6477537),PARDO RUBIO
2011,ALCALDIA,MARLY,706,CHAPINERO,-74.0645593,4.6324629,POINT (-74.0645593 4.6324629),CHAPINERO
2011,ALCALDIA,PARQUE LOURDES,378,CHAPINERO,-74.0596186,4.6509837,POINT (-74.0596186 4.6509837),CHAPINERO
2011,ALCALDIA,SAN LUIS,502,CHAPINERO,-74.06726194899994,4.64830091400006,POINT (-74.06726194899994 4.64830091400006),GALERIAS
2011,ALCALDIA,BIBLIOTECA DIST.ANTONIO NARIÑO,212,SANTA FE,-74.07827843555914,4.604774932009518,POINT (-74.07827843555914 4.604774932009518),LAS NIEVES
2011,ALCALDIA,CAMILO TORRES,185,SANTA FE,-74.06658511799998,4.620288446000075,POINT (-74.06658511799998 4.620288446000075),SAGRADO CORAZON
2011,ALCALDIA,CENTRO ORIENTE,251,SANTA FE,-74.07394485299994,4.589504470000065,POINT (-74.07394485299994 4.589504470000065),LOURDES
2011,ALCALDIA,EL CONSUELO,439,SANTA FE,-74.07114749899995,4.580839076000075,POINT (-74.07114749899995 4.580839076000075),LOURDES
2011,ALCALDIA,EL VERJON,5,SANTA FE,-74.02245577399998,4.605824588000075,POINT (-74.02245577399998 4.605824588000075),
2011,ALCALDIA,GIRARDOT,133,SANTA FE,-74.07299620499998,4.587580039000045,POINT (-74.07299620499998 4.587580039000045),LOURDES
2011,ALCALDIA,LA PERSEVERANCIA,452,SANTA FE,-74.06450466499996,4.617777998000065,POINT (-74.06450466499996 4.617777998000065),LA MACARENA
2011,ALCALDIA,LAS AGUAS,135,SANTA FE,-74.06592860099994,4.604145636000055,POINT (-74.06592860099994 4.604145636000055),LA MACARENA
2011,ALCALDIA,LAS CRUCES,618,SANTA FE,-74.08225487599998,4.592220084000076,POINT (-74.08225487599998 4.592220084000076),LAS CRUCES
2011,ALCALDIA,LAS NIEVES,258,SANTA FE,-74.06913089899996,4.605013588000077,POINT (-74.06913089899996 4.605013588000077),LAS NIEVES
2011,ALCALDIA,LOS LACHES,532,SANTA FE,-74.06663596699997,4.587465473000066,POINT (-74.06663596699997 4.587465473000066),LOURDES
2011,ALCALDIA,PARQUE SANTANDER,418,SANTA FE,-74.0725651,4.6020053,POINT (-74.0725651 4.6020053),LAS NIEVES
2011,ALCALDIA,POLICARPA SALAVARRIETA,229,SANTA FE,-74.06780815299999,4.614912219000075,POINT (-74.06780815299999 4.614912219000075),SAGRADO CORAZON
2011,ALCALDIA,SAN BERNARDO,241,SANTA FE,-74.08471557899998,4.593608135000068,POINT (-74.08471557899998 4.593608135000068),LAS CRUCES
2011,ALCALDIA,SANTA INES - SAN VICTORINO,121,SANTA FE,-74.075983,4.6037209,POINT (-74.075983 4.6037209),LAS NIEVES
2011,ALCALDIA,20 DE JULIO SEDE B,1342,SAN CRISTOBAL,-74.09452945499999,4.571464270000035,POINT (-74.09452945499999 4.571464270000035),20 DE JULIO
2011,ALCALDIA,ALTAMIRA,1011,SAN CRISTOBAL,-74.08484396199998,4.545385692000025,POINT (-74.08484396199998 4.545385692000025),LA GLORIA
2011,ALCALDIA,ARBOLEDA SUR,364,SAN CRISTOBAL,-74.09111476899994,4.579195660000039,POINT (-74.09111476899994 4.579195660000039),SOSIEGO
2011,ALCALDIA,BELLAVISTA SAN CRISTOBAL,661,SAN CRISTOBAL,-74.0884874,4.5509337,POINT (-74.0884874 4.5509337),SAN BLAS
2011,ALCALDIA,BELLO HORIZONTE,1129,SAN CRISTOBAL,-74.09247453299997,4.559956495000051,POINT (-74.09247453299997 4.559956495000051),20 DE JULIO
2011,ALCALDIA,CANADA GUIRA,183,SAN CRISTOBAL,-74.09879301299998,4.544384960000059,POINT (-74.09879301299998 4.544384960000059),LOS LIBERTADORES
2011,ALCALDIA,EL QUINDIO,352,SAN CRISTOBAL,-74.08281201799997,4.537394023000047,POINT (-74.08281201799997 4.537394023000047),LA GLORIA
2011,ALCALDIA,GUACAMAYAS II SECTOR,882,SAN CRISTOBAL,-74.10002307994216,4.559268276283567,POINT (-74.10002307994216 4.559268276283567),LA GLORIA
2011,ALCALDIA,JUAN REY,493,SAN CRISTOBAL,-74.08995580399994,4.522433833000036,POINT (-74.08995580399994 4.522433833000036),LOS LIBERTADORES
2011,ALCALDIA,LA GLORIA,1008,SAN CRISTOBAL,-74.08928989799995,4.541038678000064,POINT (-74.08928989799995 4.541038678000064),LOS LIBERTADORES
2011,ALCALDIA,ESCUELA LA VICTORIA B,2192,SAN CRISTOBAL,-74.09391079499994,4.554348808000043,POINT (-74.09391079499994 4.554348808000043),LA GLORIA
2011,ALCALDIA,LAS BRISAS,182,SAN CRISTOBAL,-74.08007909299994,4.57683851500002,POINT (-74.08007909299994 4.57683851500002),SOSIEGO
2011,ALCALDIA,LAS MERCEDES,719,SAN CRISTOBAL,-74.08081979099995,4.569269680000048,POINT (-74.08081979099995 4.569269680000048),SAN BLAS
2011,ALCALDIA,LOS LIBERTADORES,901,SAN CRISTOBAL,-74.09086297499994,4.534402597000053,POINT (-74.09086297499994 4.534402597000053),LOS LIBERTADORES
2011,ALCALDIA,MONTEBELLO,1155,SAN CRISTOBAL,-74.08799157699997,4.56674681800007,POINT (-74.08799157699997 4.56674681800007),20 DE JULIO
2011,ALCALDIA,PRIMERA DE MAYO,439,SAN CRISTOBAL,-74.09008012099997,4.574318484000059,POINT (-74.09008012099997 4.574318484000059),SOSIEGO
2011,ALCALDIA,RAMAJAL,432,SAN CRISTOBAL,-74.08363441199998,4.562173595000047,POINT (-74.08363441199998 4.562173595000047),SAN BLAS
2011,ALCALDIA,REPUBLICA DEL CANADA,518,SAN CRISTOBAL,-74.08732730199995,4.53577178300003,POINT (-74.08732730199995 4.53577178300003),LOS LIBERTADORES
2011,ALCALDIA,SAN BLAS,860,SAN CRISTOBAL,-74.08486411199993,4.571123991000036,POINT (-74.08486411199993 4.571123991000036),SOSIEGO
2011,ALCALDIA,SAN CRISTOBAL,940,SAN CRISTOBAL,-74.0944791,4.568535,POINT (-74.0944791 4.568535),20 DE JULIO
2011,ALCALDIA,SAN ISIDRO,842,SAN CRISTOBAL,-74.10093586299996,4.565904587000034,POINT (-74.10093586299996 4.565904587000034),20 DE JULIO
2011,ALCALDIA,SAN MARTIN DE LOBA SUR,984,SAN CRISTOBAL,-74.09566884599997,4.552086761000055,POINT (-74.09566884599997 4.552086761000055),LA GLORIA
2011,ALCALDIA,SAN PEDRO SUR ORIENTAL,591,SAN CRISTOBAL,-74.08717515099994,4.564504542000066,POINT (-74.08717515099994 4.564504542000066),20 DE JULIO
2011,ALCALDIA,SANTA ANA SUR,469,SAN CRISTOBAL,-74.08415687399997,4.577041486000041,POINT (-74.08415687399997 4.577041486000041),SOSIEGO
2011,ALCALDIA,SOSIEGO,334,SAN CRISTOBAL,-74.09301011799994,4.576361586000075,POINT (-74.09301011799994 4.576361586000075),SOSIEGO
2011,ALCALDIA,VILLA DE LOS ALPES,679,SAN CRISTOBAL,-74.09844988499998,4.561453494000034,POINT (-74.09844988499998 4.561453494000034),20 DE JULIO
2011,ALCALDIA,VILLA DEL CERRO,302,SAN CRISTOBAL,-74.09562216299997,4.544188748000067,POINT (-74.09562216299997 4.544188748000067),LOS LIBERTADORES
2011,ALCALDIA,ALMIRANTE PADILLA,1516,USME,-74.11190314099997,4.512266250000039,POINT (-74.11190314099997 4.512266250000039),GRAN YOMASA
2011,ALCALDIA,BELLAVISTA USME,659,USME,-74.1068946159712,4.50556020641461,POINT (-74.1068946159712 4.50556020641461),COMUNEROS
2011,ALCALDIA,BRASILIA,52,USME,-74.11643953199996,4.51760874100006,POINT (-74.11643953199996 4.51760874100006),GRAN YOMASA
2011,ALCALDIA,EL BOSQUE,675,USME,-74.10311553799994,4.506018318000031,POINT (-74.10311553799994 4.506018318000031),GRAN YOMASA
2011,ALCALDIA,EL DANUBIO AZUL,539,USME,-74.11502143899997,4.537765720000039,POINT (-74.11502143899997 4.537765720000039),DANUBIO
2011,ALCALDIA,EL DESTINO,73,USME,-74.13895919099997,4.408202995000067,POINT (-74.13895919099997 4.408202995000067),
2011,ALCALDIA,EL HATO,17,USME,-74.17951987699996,4.36958887000003,POINT (-74.17951987699996 4.36958887000003),
2011,ALCALDIA,EL VIRREY,568,USME,-74.11179901,4.50250233600002,POINT (-74.11179901 4.50250233600002),COMUNEROS
2011,ALCALDIA,JUAN JOSE RONDON,294,USME,-74.09119911599998,4.503719568000065,POINT (-74.09119911599998 4.503719568000065),LA FLORA
2011,ALCALDIA,LA AURORA,1268,USME,-74.12113946399995,4.521681535000027,POINT (-74.12113946399995 4.521681535000027),GRAN YOMASA
2011,ALCALDIA,LA FISCALA,337,USME,-74.11172754099994,4.533770827000069,POINT (-74.11172754099994 4.533770827000069),DANUBIO
2011,ALCALDIA,LA FLORA,447,USME,-74.09120984199996,4.513289875000055,POINT (-74.09120984199996 4.513289875000055),LA FLORA
2011,ALCALDIA,LA FORTALEZA,504,USME,-74.11916043499997,4.517830869000022,POINT (-74.11916043499997 4.517830869000022),GRAN YOMASA
2011,ALCALDIA,LOS COMUNEROS,602,USME,-74.10874844399996,4.498587950000058,POINT (-74.10874844399996 4.498587950000058),COMUNEROS
2011,ALCALDIA,MARICHUELA,1613,USME,-74.11698187599995,4.512414104000072,POINT (-74.11698187599995 4.512414104000072),GRAN YOMASA
2011,ALCALDIA,MONTEBLANCO,766,USME,-74.11504819099997,4.49678054900005,POINT (-74.11504819099997 4.49678054900005),COMUNEROS
2011,ALCALDIA,SANTA LIBRADA,1559,USME,-74.11594454099998,4.519357661000072,POINT (-74.11594454099998 4.519357661000072),GRAN YOMASA
2011,ALCALDIA,SANTA MARTA,446,USME,-74.11562807999996,4.525273169000059,POINT (-74.11562807999996 4.525273169000059),GRAN YOMASA
2011,ALCALDIA,USME,556,USME,-74.12153515999995,4.472581938000076,POINT (-74.12153515999995 4.472581938000076),CIUDAD USME
2011,ALCALDIA,USMINIA,568,USME,-74.11448729499995,4.495438658000069,POINT (-74.11448729499995 4.495438658000069),COMUNEROS
2011,ALCALDIA,VALLES DE CAFAM,266,USME,-74.11805941599994,4.507653595000022,POINT (-74.11805941599994 4.507653595000022),COMUNEROS
2011,ALCALDIA,VILLA HERMOSA,555,USME,-74.10232047799997,4.493986247000066,POINT (-74.10232047799997 4.493986247000066),ALFONSO LOPEZ
2011,ALCALDIA,ABRAHAM LINCOLN,326,TUNJUELITO,-74.12380751399996,4.555324423000059,POINT (-74.12380751399996 4.555324423000059),TUNJUELITO
2011,ALCALDIA,"EL CARMEN SUR ""A""",811,TUNJUELITO,-74.13231081699996,4.582996852000065,POINT (-74.13231081699996 4.582996852000065),VENECIA
2011,ALCALDIA,"EL TUNAL ""A""",1165,TUNJUELITO,-74.13192148,4.575923139000054,POINT (-74.13192148 4.575923139000054),VENECIA
2011,ALCALDIA,"FATIMA ""A""",1163,TUNJUELITO,-74.13798926899995,4.585521978000031,POINT (-74.13798926899995 4.585521978000031),VENECIA
2011,ALCALDIA,ISLA DEL SOL,504,TUNJUELITO,-74.15250680099996,4.589211385000056,POINT (-74.15250680099996 4.589211385000056),VENECIA
2011,ALCALDIA,"NUEVO MUZU  ""A""",539,TUNJUELITO,-74.14759957699994,4.586123155000053,POINT (-74.14759957699994 4.586123155000053),VENECIA
2011,ALCALDIA,SAN CARLOS,860,TUNJUELITO,-74.12815740499997,4.569460392000053,POINT (-74.12815740499997 4.569460392000053),TUNJUELITO
2011,ALCALDIA,SAN VICENTE FERRER,854,TUNJUELITO,-74.13827658499997,4.577185763000045,POINT (-74.13827658499997 4.577185763000045),VENECIA
2011,ALCALDIA,TUNJUELITO A,1044,TUNJUELITO,-74.12478150499999,4.559472671000037,POINT (-74.12478150499999 4.559472671000037),TUNJUELITO
2011,ALCALDIA,VENECIA A,1027,TUNJUELITO,-74.14358300899994,4.59223242500002,POINT (-74.14358300899994 4.59223242500002),VENECIA
2011,ALCALDIA,VENECIA A,241,TUNJUELITO,-74.14358300899994,4.59223242500002,POINT (-74.14358300899994 4.59223242500002),VENECIA
2011,ALCALDIA,ATALAYAS,147,BOSA,-74.19283751099994,4.629344928000023,POINT (-74.19283751099994 4.629344928000023),BOSA OCCIDENTAL
2011,ALCALDIA,BOSA,1639,BOSA,-74.18578013099994,4.611585041000069,POINT (-74.18578013099994 4.611585041000069),BOSA CENTRAL
2011,ALCALDIA,BOSANOVA,1123,BOSA,-74.188373,4.622721,POINT (-74.188373 4.622721),BOSA OCCIDENTAL
2011,ALCALDIA,BRASILIA,877,BOSA,-74.11643953199996,4.51760874100006,POINT (-74.11643953199996 4.51760874100006),GRAN YOMASA
2011,ALCALDIA,CARLOS ALBAN,1285,BOSA,-74.19756533399999,4.605714728000066,POINT (-74.19756533399999 4.605714728000066),BOSA CENTRAL
2011,ALCALDIA,CARLOS PIZARRO LEON GOMEZ,266,BOSA,-74.20486502199998,4.635605660000067,POINT (-74.20486502199998 4.635605660000067),TINTAL SUR
2011,ALCALDIA,CIUDADELA EL PORVENIR,131,BOSA,-74.18721154599996,4.64082972600005,POINT (-74.18721154599996 4.64082972600005),EL PORVENIR
2011,ALCALDIA,EL PORVENIR,636,BOSA,-74.18362205699998,4.635898909000048,POINT (-74.18362205699998 4.635898909000048),EL PORVENIR
2011,ALCALDIA,EL PORVENIR DE SANTAFE,30,BOSA,-74.19344329495847,4.635092849537656,POINT (-74.19344329495847 4.635092849537656),EL PORVENIR
2011,ALCALDIA,EL RECREO,1186,BOSA,-74.20148261099996,4.627533565000022,POINT (-74.20148261099996 4.627533565000022),TINTAL SUR
2011,ALCALDIA,FE Y ALEGRIA SAN IGNACIO,124,BOSA,-74.18978479999998,4.633343233000062,POINT (-74.18978479999998 4.633343233000062),EL PORVENIR
2011,ALCALDIA,FRANCISCO DE PAULA SANTANDER,99,BOSA,-74.18477973799997,4.610871700000075,POINT (-74.18477973799997 4.610871700000075),BOSA CENTRAL
2011,ALCALDIA,ISLANDIA,188,BOSA,-74.20035773099994,4.616162771000063,POINT (-74.20035773099994 4.616162771000063),BOSA CENTRAL
2011,ALCALDIA,JIMENEZ DE QUESADA,402,BOSA,-74.18843550999998,4.606190850000075,POINT (-74.18843550999998 4.606190850000075),BOSA CENTRAL
2011,ALCALDIA,JOSE ANTONIO GALAN,687,BOSA,-74.17896635799997,4.606142614000021,POINT (-74.17896635799997 4.606142614000021),BOSA CENTRAL
2011,ALCALDIA,LA AMISTAD,838,BOSA,-74.14812764599998,4.623422550000043,POINT (-74.14812764599998 4.623422550000043),KENNEDY CENTRAL
2011,ALCALDIA,LA ESPERANZA,448,BOSA,-74.20536969899996,4.609695983000051,POINT (-74.20536969899996 4.609695983000051),BOSA CENTRAL
2011,ALCALDIA,LA ESTACION,1083,BOSA,-74.18081058199994,4.60111936100003,POINT (-74.18081058199994 4.60111936100003),BOSA CENTRAL
2011,ALCALDIA,LA LIBERTAD,1865,BOSA,-74.19449057699995,4.625125380000043,POINT (-74.19449057699995 4.625125380000043),BOSA OCCIDENTAL
2011,ALCALDIA,LAURELES,859,BOSA,-74.20015505899994,4.609059013000035,POINT (-74.20015505899994 4.609059013000035),BOSA CENTRAL
2011,ALCALDIA,NUEVO CHILE,1383,BOSA,-74.16626320399996,4.603305502000069,POINT (-74.16626320399996 4.603305502000069),APOGEO
2011,ALCALDIA,PABLO DE TARSO,83,BOSA,-74.18698567899997,4.603976958000032,POINT (-74.18698567899997 4.603976958000032),BOSA CENTRAL
2011,ALCALDIA,PALESTINA,473,BOSA,-74.19364580199993,4.611871835000045,POINT (-74.19364580199993 4.611871835000045),BOSA CENTRAL
2011,ALCALDIA,COLEGIO PAULO VI SEDE A,738,BOSA,-74.15802882799994,4.620888029000071,POINT (-74.15802882799994 4.620888029000071),KENNEDY CENTRAL
2011,ALCALDIA,PIAMONTE,1316,BOSA,-74.19074859799997,4.606868318000068,POINT (-74.19074859799997 4.606868318000068),BOSA CENTRAL
2011,ALCALDIA,SAN BERNARDINO,501,BOSA,-74.20614751399995,4.623649620000037,POINT (-74.20614751399995 4.623649620000037),BOSA OCCIDENTAL
2011,ALCALDIA,SAN JOSE,344,BOSA,-74.10269822499998,4.577056372000072,POINT (-74.10269822499998 4.577056372000072),SAN JOSE
2011,ALCALDIA,SANTA FE DE BOSA,525,BOSA,-74.19523999299997,4.64115361100005,POINT (-74.19523999299997 4.64115361100005),EL PORVENIR
2011,ALCALDIA,SURBANA,194,BOSA,-74.16766293699999,4.597031586000071,POINT (-74.16766293699999 4.597031586000071),APOGEO
2011,ALCALDIA,VILLA DEL RIO,757,BOSA,-74.15738736799995,4.602225416000067,POINT (-74.15738736799995 4.602225416000067),APOGEO
2011,ALCALDIA,ALMENAR,381,KENNEDY,-74.17039948099995,4.619730318000052,POINT (-74.17039948099995 4.619730318000052),GRAN BRITALIA
2011,ALCALDIA,ALOHA,175,KENNEDY,-74.13324789799998,4.632901238000045,POINT (-74.13324789799998 4.632901238000045),BAVARIA
2011,ALCALDIA,ALQUERIA DE LA FRAGUA,727,KENNEDY,-74.1321490829876,4.6069947558269,POINT (-74.1321490829876 4.6069947558269),CARVAJAL
2011,ALCALDIA,AVENIDA BOYACA SUR,613,KENNEDY,-74.1370055,4.5466035,POINT (-74.1370055 4.5466035),EL TESORO
2011,ALCALDIA,BANDERAS,402,KENNEDY,-74.1512936,4.6314084,POINT (-74.1512936 4.6314084),KENNEDY CENTRAL
2011,ALCALDIA,BELLAVISTA KENNEDY,143,KENNEDY,-74.15148116079699,4.636912544546858,POINT (-74.15148116079699 4.636912544546858),CASTILLA
2011,ALCALDIA,BOITA,492,KENNEDY,-74.15258212699996,4.602362910000068,POINT (-74.15258212699996 4.602362910000068),TIMIZA
2011,ALCALDIA,BRITALIA,1078,KENNEDY,-74.17301132799997,4.625309595000033,POINT (-74.17301132799997 4.625309595000033),GRAN BRITALIA
2011,ALCALDIA,BRITALIA LAS MARGARITAS,103,KENNEDY,-74.1784099,4.6136971,POINT (-74.1784099 4.6136971),GRAN BRITALIA
2011,ALCALDIA,CAMILO TORRES,535,KENNEDY,-74.06658511799998,4.620288446000075,POINT (-74.06658511799998 4.620288446000075),SAGRADO CORAZON
2011,ALCALDIA,CARIMAGUA,757,KENNEDY,-74.1456912,4.6114712,POINT (-74.1456912 4.6114712),CARVAJAL
2011,ALCALDIA,CARVAJAL I SECTOR,385,KENNEDY,-74.13825329614068,4.615126174317189,POINT (-74.13825329614068 4.615126174317189),CARVAJAL
2011,ALCALDIA,CASTILLA,1267,KENNEDY,-74.1433359,4.6400199,POINT (-74.1433359 4.6400199),CASTILLA
2011,ALCALDIA,CATALINA,675,KENNEDY,-74.16898937599996,4.610011166000049,POINT (-74.16898937599996 4.610011166000049),TIMIZA
2011,ALCALDIA,CLASS,654,KENNEDY,-74.17890293099998,4.614181763000033,POINT (-74.17890293099998 4.614181763000033),GRAN BRITALIA
2011,ALCALDIA,COLEGIO CLASS I D E SEDE B ROMA,29,KENNEDY,-74.17120200699998,4.608893256000044,POINT (-74.17120200699998 4.608893256000044),TIMIZA
2011,ALCALDIA,EL SAUCEDAL,384,KENNEDY,-74.16282556699997,4.633038830000032,POINT (-74.16282556699997 4.633038830000032),CORABASTOS
2011,ALCALDIA,ESTADOS UNIDOS SUPER 13,728,KENNEDY,-74.16032958799997,4.625627870000073,POINT (-74.16032958799997 4.625627870000073),CORABASTOS
2011,ALCALDIA,FAVIDI VISION DE COLOMBIA,806,KENNEDY,-74.1350275,4.6482265,POINT (-74.1350275 4.6482265),CASTILLA
2011,ALCALDIA,FCO. JOSE DE CALDAS,509,KENNEDY,-74.15475287168277,4.628956291867225,POINT (-74.15475287168277 4.628956291867225),KENNEDY CENTRAL
2011,ALCALDIA,FLORALIA,541,KENNEDY,-74.13231108999997,4.608704879000072,POINT (-74.13231108999997 4.608704879000072),CARVAJAL
2011,ALCALDIA,GRAN COLOMBIANO,945,KENNEDY,-74.16282961299999,4.621250330000066,POINT (-74.16282961299999 4.621250330000066),KENNEDY CENTRAL
2011,ALCALDIA,KENNEDY - CARULLA,613,KENNEDY,-74.15204866859122,4.625329605798465,POINT (-74.15204866859122 4.625329605798465),KENNEDY CENTRAL
2011,ALCALDIA,KENNEDY LEY,588,KENNEDY,-74.14873786438484,4.624146457405746,POINT (-74.14873786438484 4.624146457405746),KENNEDY CENTRAL
2011,ALCALDIA,KENNEDY SUPER 2,361,KENNEDY,-74.14475021113951,4.622277549865184,POINT (-74.14475021113951 4.622277549865184),KENNEDY CENTRAL
2011,ALCALDIA,KENNEDY SUPER 8,1065,KENNEDY,-74.15083364867328,4.623712339091912,POINT (-74.15083364867328 4.623712339091912),KENNEDY CENTRAL
2011,ALCALDIA,LA CHUCUA,471,KENNEDY,-74.14854789299994,4.603639944000065,POINT (-74.14854789299994 4.603639944000065),TIMIZA
2011,ALCALDIA,LA FLORESTA SUR,670,KENNEDY,-74.12744374299996,4.620795857000076,POINT (-74.12744374299996 4.620795857000076),AMERICAS
2011,ALCALDIA,LA MACARENA,350,KENNEDY,-74.0657523,4.6135854,POINT (-74.0657523 4.6135854),LA MACARENA
2011,ALCALDIA,LAS AMERICAS SEDE A,808,KENNEDY,-74.15062750199996,4.616765260000022,POINT (-74.15062750199996 4.616765260000022),CARVAJAL
2011,ALCALDIA,LAS MARGARITAS,319,KENNEDY,-74.1757643,4.6327175,POINT (-74.1757643 4.6327175),LAS MARGARITAS
2011,ALCALDIA,LAS PALMERAS,420,KENNEDY,-74.16940801399994,4.640645230000075,POINT (-74.16940801399994 4.640645230000075),PATIO BONITO
2011,ALCALDIA,LOS PERIODISTAS,340,KENNEDY,-74.15832380899997,4.617388222000045,POINT (-74.15832380899997 4.617388222000045),KENNEDY CENTRAL
2011,ALCALDIA,MANDALAY,446,KENNEDY,-74.1439971,4.6284086,POINT (-74.1439971 4.6284086),AMERICAS
2011,ALCALDIA,MARIA PAZ,314,KENNEDY,-74.15796743599998,4.636868682000056,POINT (-74.15796743599998 4.636868682000056),CORABASTOS
2011,ALCALDIA,MARSELLA,579,KENNEDY,-74.12731736499995,4.632151289000035,POINT (-74.12731736499995 4.632151289000035),BAVARIA
2011,ALCALDIA,MULTIFAMILIARES LAGO DE TIMIZ,561,KENNEDY,-74.15944930776018,4.610043391449132,POINT (-74.15944930776018 4.610043391449132),TIMIZA
2011,ALCALDIA,PARQUES DE CASTILLA,137,KENNEDY,-74.14111272026962,4.646708671909544,POINT (-74.14111272026962 4.646708671909544),CASTILLA
2011,ALCALDIA,PATIO BONITO I SECTOR,1199,KENNEDY,-74.16321590229937,4.638212332275138,POINT (-74.16321590229937 4.638212332275138),PATIO BONITO
2011,ALCALDIA,PATIO BONITO II SECTOR,1244,KENNEDY,-74.16280180822436,4.640922718484578,POINT (-74.16280180822436 4.640922718484578),PATIO BONITO
2011,ALCALDIA,PATIOS,146,KENNEDY,-74.16378937099995,4.642366606000053,POINT (-74.16378937099995 4.642366606000053),PATIO BONITO
2011,ALCALDIA,PERPETUO SOCORRO,775,KENNEDY,-74.16713612199999,4.605662528000039,POINT (-74.16713612199999 4.605662528000039),TIMIZA
2011,ALCALDIA,PIO XII,393,KENNEDY,-74.1503792,4.6345534,POINT (-74.1503792 4.6345534),CASTILLA
2011,ALCALDIA,ROMA,1836,KENNEDY,-74.17402687199996,4.610423380000043,POINT (-74.17402687199996 4.610423380000043),TIMIZA
2011,ALCALDIA,SANTA MARIA DE KENNEDY,767,KENNEDY,-74.17647344399995,4.622501831000022,POINT (-74.17647344399995 4.622501831000022),GRAN BRITALIA
2011,ALCALDIA,SANTA MARTA DE PASTRANA,766,KENNEDY,-74.1588714543584,4.61762770243009,POINT (-74.1588714543584 4.61762770243009),KENNEDY CENTRAL
2011,ALCALDIA,SUMAPAZ,455,KENNEDY,-74.13942372424493,4.616088238562626,POINT (-74.13942372424493 4.616088238562626),CARVAJAL
2011,ALCALDIA,TIMIZA,720,KENNEDY,-74.1519461,4.6163963,POINT (-74.1519461 4.6163963),CARVAJAL
2011,ALCALDIA,TINTAL CENTRAL,1289,KENNEDY,-74.1671965,4.6508824,POINT (-74.1671965 4.6508824),CALANDAIMA
2011,ALCALDIA,TINTALITO,590,KENNEDY,-74.17220865799999,4.634596462000047,POINT (-74.17220865799999 4.634596462000047),PATIO BONITO
2011,ALCALDIA,VALLADOLID,289,KENNEDY,-74.1469673,4.6452938,POINT (-74.1469673 4.6452938),CASTILLA
2011,ALCALDIA,VILLA ADRIANA,341,KENNEDY,-74.12908471199995,4.612923953000063,POINT (-74.12908471199995 4.612923953000063),AMERICAS
2011,ALCALDIA,SALON COMUNAL VILLA ALSACIA,537,KENNEDY,-74.13615890899996,4.643465975000026,POINT (-74.13615890899996 4.643465975000026),CASTILLA
2011,ALCALDIA,VILLA DE LA LOMA,313,KENNEDY,-74.168167,4.6278591,POINT (-74.168167 4.6278591),CORABASTOS
2011,ALCALDIA,VILLA RICA,97,KENNEDY,-74.16641358299995,4.611437642000055,POINT (-74.16641358299995 4.611437642000055),TIMIZA
2011,ALCALDIA,VILLANUEVA,456,KENNEDY,-74.14097588099997,4.603200021000021,POINT (-74.14097588099997 4.603200021000021),CARVAJAL
2011,ALCALDIA,BATAVIA,617,FONTIBON,-74.15300324099996,4.682683578000024,POINT (-74.15300324099996 4.682683578000024),FONTIBON
2011,ALCALDIA,BELEN,735,FONTIBON,-74.14731025499998,4.678433946000041,POINT (-74.14731025499998 4.678433946000041),FONTIBON
2011,ALCALDIA,CAPELLANIA,370,FONTIBON,-74.1318408,4.6695304,POINT (-74.1318408 4.6695304),MODELIA
2011,ALCALDIA,CENTRO A,507,FONTIBON,-74.124134,4.6843237,POINT (-74.124134 4.6843237),CAPELLANIA
2011,ALCALDIA,FONTIBON,2508,FONTIBON,-74.14450537799996,4.67263517300006,POINT (-74.14450537799996 4.67263517300006),FONTIBON
2011,ALCALDIA,LA ESPERANZA,546,FONTIBON,-74.20536969899996,4.609695983000051,POINT (-74.20536969899996 4.609695983000051),BOSA CENTRAL
2011,ALCALDIA,COLEGIO LA GIRALDA,805,FONTIBON,-74.14173478999999,4.681725344000029,POINT (-74.14173478999999 4.681725344000029),FONTIBON
2011,ALCALDIA,LA LAGUNA,1027,FONTIBON,-74.14939245199997,4.672245606000047,POINT (-74.14939245199997 4.672245606000047),FONTIBON
2011,ALCALDIA,MODELIA SUR,853,FONTIBON,-74.11924086099998,4.670049755000036,POINT (-74.11924086099998 4.670049755000036),MODELIA
2011,ALCALDIA,LA PRADERA,434,FONTIBON,-74.12182556299996,4.623994109000023,POINT (-74.12182556299996 4.623994109000023),SAN RAFAEL
2011,ALCALDIA,PUENTE GRANDE,258,FONTIBON,-74.16811639799994,4.697663889000069,POINT (-74.16811639799994 4.697663889000069),FONTIBON SAN PABLO
2011,ALCALDIA,PUERTA DE TEJA,463,FONTIBON,-74.12699896,4.682179560000066,POINT (-74.12699896 4.682179560000066),CAPELLANIA
2011,ALCALDIA,SAN PABLO LA PERLA,588,FONTIBON,-74.15887107399993,4.688993233000076,POINT (-74.15887107399993 4.688993233000076),FONTIBON SAN PABLO
2011,ALCALDIA,SANTA CECILIA - MODELIA,467,FONTIBON,-74.12063458499995,4.671957665000036,POINT (-74.12063458499995 4.671957665000036),MODELIA
2011,ALCALDIA,SAUZALITO CARLOS LLERAS,895,FONTIBON,-74.11116312152735,4.658984334694457,POINT (-74.11116312152735 4.658984334694457),CIUDAD SALITRE OCCIDENTAL
2011,ALCALDIA,VERACRUZ,931,FONTIBON,-74.13770941799999,4.679446399000028,POINT (-74.13770941799999 4.679446399000028),FONTIBON
2011,ALCALDIA,VERSALLES,1616,FONTIBON,-74.14523521799998,4.686837268000033,POINT (-74.14523521799998 4.686837268000033),FONTIBON
2011,ALCALDIA,VILLEMAR,626,FONTIBON,-74.13918465199998,4.672594228000037,POINT (-74.13918465199998 4.672594228000037),FONTIBON
2011,ALCALDIA,ZONA FRANCA,642,FONTIBON,-74.15965763099996,4.671739569000067,POINT (-74.15965763099996 4.671739569000067),ZONA FRANCA
2011,ALCALDIA,BACHUE,974,ENGATIVA,-74.10182822499996,4.718635634000066,POINT (-74.10182822499996 4.718635634000066),MINUTO DE DIOS
2011,ALCALDIA,BACHUE II - BOCHICA I,595,ENGATIVA,-74.10589612699994,4.712395776000051,POINT (-74.10589612699994 4.712395776000051),MINUTO DE DIOS
2011,ALCALDIA,BOCHICA,747,ENGATIVA,-74.11216229099995,4.710570740000037,POINT (-74.11216229099995 4.710570740000037),BOLIVIA
2011,ALCALDIA,BOLIVIA,526,ENGATIVA,-74.108315,4.71982,POINT (-74.108315 4.71982),BOLIVIA
2011,ALCALDIA,BONANZA,640,ENGATIVA,-74.08685265499997,4.690132197000025,POINT (-74.08685265499997 4.690132197000025),LAS FERIAS
2011,ALCALDIA,BOSQUE POPULAR,513,ENGATIVA,-74.09538260399995,4.668805920000068,POINT (-74.09538260399995 4.668805920000068),LAS FERIAS
2011,ALCALDIA,BOYACA,1115,ENGATIVA,-74.09952889199997,4.68813907200007,POINT (-74.09952889199997 4.68813907200007),BOYACA REAL
2011,ALCALDIA,CIUDAD DE HONDA,187,ENGATIVA,-74.09349927999995,4.67293255900006,POINT (-74.09349927999995 4.67293255900006),LAS FERIAS
2011,ALCALDIA,CIUDADELA COLSUBSIDIO,1096,ENGATIVA,-74.11391557099995,4.720811409000021,POINT (-74.11391557099995 4.720811409000021),BOLIVIA
2011,ALCALDIA,EL CORTIJO,1008,ENGATIVA,-74.12238073899994,4.725671602000034,POINT (-74.12238073899994 4.725671602000034),BOLIVIA
2011,ALCALDIA,EL GUALI,292,ENGATIVA,-74.09435405699998,4.671215577000055,POINT (-74.09435405699998 4.671215577000055),LAS FERIAS
2011,ALCALDIA,EL LUJAN,784,ENGATIVA,-74.10148869699998,4.678894774000071,POINT (-74.10148869699998 4.678894774000071),SANTA CECILIA
2011,ALCALDIA,EL MORISCO,253,ENGATIVA,-74.09038497199998,4.70515559100005,POINT (-74.09038497199998 4.70515559100005),MINUTO DE DIOS
2011,ALCALDIA,EL MUELLE,964,ENGATIVA,-74.12521383799998,4.700289142000031,POINT (-74.12521383799998 4.700289142000031),ENGATIVA
2011,ALCALDIA,ENGATIVA,1774,ENGATIVA,-74.14095824099996,4.716288231000021,POINT (-74.14095824099996 4.716288231000021),ENGATIVA
2011,ALCALDIA,FERIAS II,178,ENGATIVA,-74.08190081299995,4.686961488000065,POINT (-74.08190081299995 4.686961488000065),LAS FERIAS
2011,ALCALDIA,FLORENCIA,370,ENGATIVA,-74.10526331599993,4.69956810900004,POINT (-74.10526331599993 4.69956810900004),BOYACA REAL
2011,ALCALDIA,GARCES NAVAS,965,ENGATIVA,-74.12207204399994,4.711136510000074,POINT (-74.12207204399994 4.711136510000074),GARCES NAVAS
2011,ALCALDIA,LA CABAÑA,290,ENGATIVA,-74.10219663,4.674296156000025,POINT (-74.10219663 4.674296156000025),LAS FERIAS
2011,ALCALDIA,LA ESPAÑOLA,407,ENGATIVA,-74.09653854899994,4.703375863000076,POINT (-74.09653854899994 4.703375863000076),MINUTO DE DIOS
2011,ALCALDIA,LA ESTRADA,675,ENGATIVA,-74.09152579599998,4.678782291000061,POINT (-74.09152579599998 4.678782291000061),LAS FERIAS
2011,ALCALDIA,LA ESTRADITA,604,ENGATIVA,-74.09156636099993,4.677421343000049,POINT (-74.09156636099993 4.677421343000049),LAS FERIAS
2011,ALCALDIA,LA EUROPA,396,ENGATIVA,-74.09357475199994,4.683808993000071,POINT (-74.09357475199994 4.683808993000071),LAS FERIAS
2011,ALCALDIA,LA FLORIDA,714,ENGATIVA,-74.11058796699996,4.692899556000043,POINT (-74.11058796699996 4.692899556000043),BOYACA REAL
2011,ALCALDIA,LA GRANJA,565,ENGATIVA,-74.10180744699994,4.698713442000042,POINT (-74.10180744699994 4.698713442000042),BOYACA REAL
2011,ALCALDIA,LA SALINA,436,ENGATIVA,-74.11402123399995,4.697956262000048,POINT (-74.11402123399995 4.697956262000048),BOYACA REAL
2011,ALCALDIA,LA SERENA,445,ENGATIVA,-74.09499903299997,4.708631876000027,POINT (-74.09499903299997 4.708631876000027),MINUTO DE DIOS
2011,ALCALDIA,LAS FERIAS,633,ENGATIVA,-74.08716271499998,4.68068259000006,POINT (-74.08716271499998 4.68068259000006),LAS FERIAS
2011,ALCALDIA,LOS ALAMOS,461,ENGATIVA,-74.11978794899994,4.69570563000002,POINT (-74.11978794899994 4.69570563000002),ALAMOS
2011,ALCALDIA,LOS ALAMOS NORTE,1166,ENGATIVA,-74.11737052299998,4.710317149000048,POINT (-74.11737052299998 4.710317149000048),GARCES NAVAS
2011,ALCALDIA,LOS CEREZOS,404,ENGATIVA,-74.10015043799996,4.706390361000047,POINT (-74.10015043799996 4.706390361000047),MINUTO DE DIOS
2011,ALCALDIA,MINUTO DE DIOS,689,ENGATIVA,-74.09033767699998,4.698129252000058,POINT (-74.09033767699998 4.698129252000058),MINUTO DE DIOS
2011,ALCALDIA,MORTIÑO,100,ENGATIVA,-74.12370081099994,4.713081742000043,POINT (-74.12370081099994 4.713081742000043),GARCES NAVAS
2011,ALCALDIA,NORMANDIA,679,ENGATIVA,-74.10790265099996,4.661957395000059,POINT (-74.10790265099996 4.661957395000059),JARDIN BOTANICO
2011,ALCALDIA,PLAZUELAS DEL VIRREY,456,ENGATIVA,-74.12330064799994,4.704557273000034,POINT (-74.12330064799994 4.704557273000034),GARCES NAVAS
2011,ALCALDIA,QUIRIGUA,1441,ENGATIVA,-74.10385843999995,4.707612070000039,POINT (-74.10385843999995 4.707612070000039),MINUTO DE DIOS
2011,ALCALDIA,QUIRIGUA (PLAZA DE MERCADO),648,ENGATIVA,-74.09834882399997,4.712708186000043,POINT (-74.09834882399997 4.712708186000043),MINUTO DE DIOS
2011,ALCALDIA,SAN IGNACIO,222,ENGATIVA,-74.11170781499999,4.673938038000074,POINT (-74.11170781499999 4.673938038000074),SANTA CECILIA
2011,ALCALDIA,SAN MARCOS,958,ENGATIVA,-74.10397213399995,4.685961514000041,POINT (-74.10397213399995 4.685961514000041),BOYACA REAL
2011,ALCALDIA,SANTA CECILIA,332,ENGATIVA,-74.11305605299998,4.677248620000057,POINT (-74.11305605299998 4.677248620000057),SANTA CECILIA
2011,ALCALDIA,SANTA HELENITA,928,ENGATIVA,-74.10337860899995,4.688928773000043,POINT (-74.10337860899995 4.688928773000043),BOYACA REAL
2011,ALCALDIA,SANTA ROSITA,824,ENGATIVA,-74.10789106199996,4.701727638000023,POINT (-74.10789106199996 4.701727638000023),BOYACA REAL
2011,ALCALDIA,STA. MARIA DEL LAGO,377,ENGATIVA,-74.09470131699999,4.691661443000044,POINT (-74.09470131699999 4.691661443000044),BOYACA REAL
2011,ALCALDIA,TABORA,611,ENGATIVA,-74.09808773399999,4.693789436000031,POINT (-74.09808773399999 4.693789436000031),BOYACA REAL
2011,ALCALDIA,TISQUESUSA,192,ENGATIVA,-74.09468949399997,4.702307462000022,POINT (-74.09468949399997 4.702307462000022),MINUTO DE DIOS
2011,ALCALDIA,VILLA AMALIA,704,ENGATIVA,-74.12630135199998,4.710598490000052,POINT (-74.12630135199998 4.710598490000052),GARCES NAVAS
2011,ALCALDIA,VILLA CONSTANZA,231,ENGATIVA,-74.12846496099996,4.708291404000022,POINT (-74.12846496099996 4.708291404000022),ENGATIVA
2011,ALCALDIA,VILLA GLADYS,872,ENGATIVA,-74.13430698299999,4.705067449000069,POINT (-74.13430698299999 4.705067449000069),ENGATIVA
2011,ALCALDIA,VILLA LUZ,906,ENGATIVA,-74.10643212699995,4.68078184500007,POINT (-74.10643212699995 4.68078184500007),SANTA CECILIA
2011,ALCALDIA,VILLAS DE GRANADA,1360,ENGATIVA,-74.12971919999995,4.716057361000026,POINT (-74.12971919999995 4.716057361000026),GARCES NAVAS
2011,ALCALDIA,ZARZAMORA,499,ENGATIVA,-74.10797802399998,4.696281935000059,POINT (-74.10797802399998 4.696281935000059),BOYACA REAL
2011,ALCALDIA,AFIDRO LAS PALMAS,1018,SUBA,-74.11182177313226,4.749902312601088,POINT (-74.11182177313226 4.749902312601088),TIBABUYES
2011,ALCALDIA,SALON COMUNAL AURES II,1401,SUBA,-74.10196150899998,4.733217357000058,POINT (-74.10196150899998 4.733217357000058),EL RINCON
2011,ALCALDIA,BILBAO,607,SUBA,-74.0611733,4.7075322,POINT (-74.0611733 4.7075322),LA ALHAMBRA
2011,ALCALDIA,BOSQUES DE SUBA,488,SUBA,-74.0796719,4.7270888,POINT (-74.0796719 4.7270888),NIZA
2011,ALCALDIA,CIUDADELA CAFAM,1905,SUBA,-74.1035955,4.7468462,POINT (-74.1035955 4.7468462),EL RINCON
2011,ALCALDIA,CIUDADELA NUEVA TIBABUYES,630,SUBA,-74.10660422064569,4.735692518145205,POINT (-74.10660422064569 4.735692518145205),TIBABUYES
2011,ALCALDIA,COLINA CAMPESTRE,1030,SUBA,-74.061332,4.7337562,POINT (-74.061332 4.7337562),EL PRADO
2011,ALCALDIA,EL RINCON,1319,SUBA,-74.0896688,4.7250134,POINT (-74.0896688 4.7250134),EL RINCON
2011,ALCALDIA,EXITO DE SUBA,383,SUBA,-74.09651857802918,4.748666754484772,POINT (-74.09651857802918 4.748666754484772),SUBA
2011,ALCALDIA,GUAYMARAL,10,SUBA,-74.05497683616174,4.813443137744907,POINT (-74.05497683616174 4.813443137744907),GUAYMARAL
2011,ALCALDIA,LA AGUADITA,233,SUBA,-74.0813027046065,4.71806369922045,POINT (-74.0813027046065 4.71806369922045),NIZA
2011,ALCALDIA,LA ALHAMBRA,598,SUBA,-74.0609083,4.7026269,POINT (-74.0609083 4.7026269),LA ALHAMBRA
2011,ALCALDIA,LA FLORESTA NORTE,438,SUBA,-74.0735122,4.6929026,POINT (-74.0735122 4.6929026),LA FLORESTA
2011,ALCALDIA,LA GAITANA,821,SUBA,-74.07245197899994,4.674229417000049,POINT (-74.07245197899994 4.674229417000049),DOCE DE OCTUBRE
2011,ALCALDIA,LA TOSCANA,600,SUBA,-74.1152001,4.7443699,POINT (-74.1152001 4.7443699),TIBABUYES
2011,ALCALDIA,LAS MERCEDES,84,SUBA,-74.08081979099995,4.569269680000048,POINT (-74.08081979099995 4.569269680000048),SAN BLAS
2011,ALCALDIA,LISBOA,703,SUBA,-74.1229855,4.7429247,POINT (-74.1229855 4.7429247),TIBABUYES
2011,ALCALDIA,MAZUREN,881,SUBA,-74.0499144,4.736319,POINT (-74.0499144 4.736319),EL PRADO
2011,ALCALDIA,NIZA IX,529,SUBA,-74.06067303499998,4.713495869000042,POINT (-74.06067303499998 4.713495869000042),EL PRADO
2011,ALCALDIA,NIZA LEY,393,SUBA,-74.07537517238661,4.705291153673785,POINT (-74.07537517238661 4.705291153673785),NIZA
2011,ALCALDIA,NIZA NORTE,656,SUBA,-74.0781304,4.7110285,POINT (-74.0781304 4.7110285),NIZA
2011,ALCALDIA,NIZA VIII,187,SUBA,-74.0657219,4.7101916,POINT (-74.0657219 4.7101916),NIZA
2011,ALCALDIA,NUEVA ZELANDIA,386,SUBA,-74.04953912599996,4.759085622000043,POINT (-74.04953912599996 4.759085622000043),SAN JOSE DE BAVARIA
2011,ALCALDIA,PASADENA,362,SUBA,-74.0629801,4.6927092,POINT (-74.0629801 4.6927092),LA ALHAMBRA
2011,ALCALDIA,PONTEVEDRA,522,SUBA,-74.07401792199994,4.695967249000034,POINT (-74.07401792199994 4.695967249000034),LA FLORESTA
2011,ALCALDIA,PRADO CIUDAD JARDIN,636,SUBA,-74.06980868399995,4.719289007000043,POINT (-74.06980868399995 4.719289007000043),NIZA
2011,ALCALDIA,PRADO PINZON,429,SUBA,-74.05738754199996,4.722990696000068,POINT (-74.05738754199996 4.722990696000068),EL PRADO
2011,ALCALDIA,PRADO SUR,121,SUBA,-74.06435553799997,4.716510669000058,POINT (-74.06435553799997 4.716510669000058),NIZA
2011,ALCALDIA,PRADO VERANIEGO,860,SUBA,-74.05417374199999,4.717159632000062,POINT (-74.05417374199999 4.717159632000062),EL PRADO
2011,ALCALDIA,SAN BARTOLOME,144,SUBA,-74.0740146,4.7162099,POINT (-74.0740146 4.7162099),NIZA
2011,ALCALDIA,SAN CIPRIANO,663,SUBA,-74.05503118599995,4.748629041000072,POINT (-74.05503118599995 4.748629041000072),BRITALIA
2011,ALCALDIA,SAN LUIS,1031,SUBA,-74.06726194899994,4.64830091400006,POINT (-74.06726194899994 4.64830091400006),GALERIAS
2011,ALCALDIA,SAN NICOLAS,143,SUBA,-74.0603539,4.7640775,POINT (-74.0603539 4.7640775),SAN JOSE DE BAVARIA
2011,ALCALDIA,SUBA,2395,SUBA,-74.1137627,4.7399047,POINT (-74.1137627 4.7399047),TIBABUYES
2011,ALCALDIA,TEJARES NORTE,540,SUBA,-74.05026994599996,4.762782869000034,POINT (-74.05026994599996 4.762782869000034),SAN JOSE DE BAVARIA
2011,ALCALDIA,TIBABUYES,1423,SUBA,-74.099281,4.7516348,POINT (-74.099281 4.7516348),SUBA
2011,ALCALDIA,TIBABUYES UNIVERSAL,960,SUBA,-74.11057586699997,4.746231617000035,POINT (-74.11057586699997 4.746231617000035),TIBABUYES
2011,ALCALDIA,UDCA - GUAYMARAL,12,SUBA,-74.04937821897461,4.801092475085889,POINT (-74.04937821897461 4.801092475085889),
2011,ALCALDIA,VILLA DEL PRADO,1201,SUBA,-74.0537779,4.7557424,POINT (-74.0537779 4.7557424),SAN JOSE DE BAVARIA
2011,ALCALDIA,12 DE OCTUBRE,270,BARRIOS UNIDOS,-74.07335095099995,4.666941938000036,POINT (-74.07335095099995 4.666941938000036),LOS ALCAZARES
2011,ALCALDIA,BENJAMIN HERRERA,256,BARRIOS UNIDOS,-74.07567930199997,4.652273764000029,POINT (-74.07567930199997 4.652273764000029),LOS ALCAZARES
2011,ALCALDIA,COLOMBIA,189,BARRIOS UNIDOS,-74.06551906299995,4.657375872000046,POINT (-74.06551906299995 4.657375872000046),LOS ALCAZARES
2011,ALCALDIA,ENTRE RIOS,191,BARRIOS UNIDOS,-74.07541461999995,4.680300152000029,POINT (-74.07541461999995 4.680300152000029),LOS ANDES
2011,ALCALDIA,GAITAN,434,BARRIOS UNIDOS,-74.07245197899994,4.674229417000049,POINT (-74.07245197899994 4.674229417000049),DOCE DE OCTUBRE
2011,ALCALDIA,JOSE JOAQUIN VARGAS,459,BARRIOS UNIDOS,-74.08314810399997,4.672682597000062,POINT (-74.08314810399997 4.672682597000062),DOCE DE OCTUBRE
2011,ALCALDIA,LA CASTELLANA,334,BARRIOS UNIDOS,-74.06048851999998,4.682589826000026,POINT (-74.06048851999998 4.682589826000026),LOS ANDES
2011,ALCALDIA,LA MUEQUETA,159,BARRIOS UNIDOS,-74.06936124999999,4.654475367000032,POINT (-74.06936124999999 4.654475367000032),LOS ALCAZARES
2011,ALCALDIA,LA PAZ,206,BARRIOS UNIDOS,-74.07520913799993,4.660220166000045,POINT (-74.07520913799993 4.660220166000045),LOS ALCAZARES
2011,ALCALDIA,LOS ALCAZARES,316,BARRIOS UNIDOS,-74.07035057899998,4.663748039000041,POINT (-74.07035057899998 4.663748039000041),LOS ALCAZARES
2011,ALCALDIA,METROPOLIS,1018,BARRIOS UNIDOS,-74.08229831399996,4.68054472700004,POINT (-74.08229831399996 4.68054472700004),DOCE DE OCTUBRE
2011,ALCALDIA,PATRIA,177,BARRIOS UNIDOS,-74.06517255399996,4.679075652000051,POINT (-74.06517255399996 4.679075652000051),LOS ANDES
2011,ALCALDIA,POLO CLUB,326,BARRIOS UNIDOS,-74.06070016599995,4.669161304000056,POINT (-74.06070016599995 4.669161304000056),LOS ALCAZARES
2011,ALCALDIA,POPULAR MODELO,559,BARRIOS UNIDOS,-74.08165929299997,4.665450646000068,POINT (-74.08165929299997 4.665450646000068),DOCE DE OCTUBRE
2011,ALCALDIA,RIONEGRO,531,BARRIOS UNIDOS,-74.06649724899995,4.684978809000029,POINT (-74.06649724899995 4.684978809000029),LOS ANDES
2011,ALCALDIA,SAN FELIPE,217,BARRIOS UNIDOS,-74.06340934299999,4.666845969000065,POINT (-74.06340934299999 4.666845969000065),LOS ALCAZARES
2011,ALCALDIA,SAN FERNANDO,603,BARRIOS UNIDOS,-74.07670481199995,4.672777722000035,POINT (-74.07670481199995 4.672777722000035),DOCE DE OCTUBRE
2011,ALCALDIA,SANTA SOFIA,433,BARRIOS UNIDOS,-74.06707617899997,4.670677322000074,POINT (-74.06707617899997 4.670677322000074),LOS ALCAZARES
2011,ALCALDIA,SIETE DE AGOSTO,397,BARRIOS UNIDOS,-74.07208126499995,4.654623555000057,POINT (-74.07208126499995 4.654623555000057),LOS ALCAZARES
2011,ALCALDIA,SIMON BOLIVAR,637,BARRIOS UNIDOS,-74.08023466099996,4.675761623000028,POINT (-74.08023466099996 4.675761623000028),DOCE DE OCTUBRE
2011,ALCALDIA,ALFONSO LOPEZ,733,TEUSAQUILLO,-74.100862,4.497976,POINT (-74.100862 4.497976),ALFONSO LOPEZ
2011,ALCALDIA,BELALCAZAR,125,TEUSAQUILLO,-74.078779,4.6413716,POINT (-74.078779 4.6413716),GALERIAS
2011,ALCALDIA,CENTRO NARIÑO,245,TEUSAQUILLO,-74.09149145199996,4.628473686000063,POINT (-74.09149145199996 4.628473686000063),QUINTA PAREDES
2011,ALCALDIA,CHAPINERO,328,TEUSAQUILLO,-74.0750978,4.6511144,POINT (-74.0750978 4.6511144),GALERIAS
2011,ALCALDIA,CIUDAD SALITRE,489,TEUSAQUILLO,-74.10117280899993,4.648558778000051,POINT (-74.10117280899993 4.648558778000051),CIUDAD SALITRE ORIENTAL
2011,ALCALDIA,DIVINO SALVADOR,241,TEUSAQUILLO,-74.06639656599998,4.644427046000033,POINT (-74.06639656599998 4.644427046000033),GALERIAS
2011,ALCALDIA,EL CAMPIN,168,TEUSAQUILLO,-74.07582905499999,4.649279934000049,POINT (-74.07582905499999 4.649279934000049),GALERIAS
2011,ALCALDIA,EL SALITRE,166,TEUSAQUILLO,-74.10011001899994,4.655930620000049,POINT (-74.10011001899994 4.655930620000049),PARQUE SIMON BOLIVAR - CAN
2011,ALCALDIA,LA ESMERALDA,239,TEUSAQUILLO,-74.09103470999997,4.647253998000053,POINT (-74.09103470999997 4.647253998000053),LA ESMERALDA
2011,ALCALDIA,COLEGIO LA MAGDALENA,115,TEUSAQUILLO,-74.07105250499995,4.629350958000032,POINT (-74.07105250499995 4.629350958000032),TEUSAQUILLO
2011,ALCALDIA,NICOLAS DE FEDERMAN,328,TEUSAQUILLO,-74.08198887899994,4.648238759000037,POINT (-74.08198887899994 4.648238759000037),LA ESMERALDA
2011,ALCALDIA,PABLO VI,555,TEUSAQUILLO,-74.08685655099998,4.649792883000032,POINT (-74.08685655099998 4.649792883000032),LA ESMERALDA
2011,ALCALDIA,PABLO VI II ETAPA,212,TEUSAQUILLO,-74.08881135499996,4.650771604000056,POINT (-74.08881135499996 4.650771604000056),LA ESMERALDA
2011,ALCALDIA,PALERMO,559,TEUSAQUILLO,-74.07408780599997,4.638043201000073,POINT (-74.07408780599997 4.638043201000073),GALERIAS
2011,ALCALDIA,QUINTA PAREDES  A,131,TEUSAQUILLO,-74.09153300899999,4.63617090300005,POINT (-74.09153300899999 4.63617090300005),PARQUE SIMON BOLIVAR - CAN
2011,ALCALDIA,QUINTA PAREDES  A,284,TEUSAQUILLO,-74.09153300899999,4.63617090300005,POINT (-74.09153300899999 4.63617090300005),PARQUE SIMON BOLIVAR - CAN
2011,ALCALDIA,RAFAEL NUÑEZ,189,TEUSAQUILLO,-74.09262937299997,4.644623938000052,POINT (-74.09262937299997 4.644623938000052),PARQUE SIMON BOLIVAR - CAN
2011,ALCALDIA,RESIDENCIAS B.C.H.,283,TEUSAQUILLO,-74.08162454299998,4.629672908000032,POINT (-74.08162454299998 4.629672908000032),QUINTA PAREDES
2011,ALCALDIA,SAN LUIS,197,TEUSAQUILLO,-74.06726194899994,4.64830091400006,POINT (-74.06726194899994 4.64830091400006),GALERIAS
2011,ALCALDIA,SANTA TERESITA,178,TEUSAQUILLO,-74.06879445899995,4.634295929000075,POINT (-74.06879445899995 4.634295929000075),TEUSAQUILLO
2011,ALCALDIA,TEUSAQUILLO,301,TEUSAQUILLO,-74.07273435499997,4.621280332000026,POINT (-74.07273435499997 4.621280332000026),TEUSAQUILLO
2011,ALCALDIA,COLSEGUROS,238,LOS MARTIRES,-74.08428456999997,4.621698653000067,POINT (-74.08428456999997 4.621698653000067),LA SABANA
2011,ALCALDIA,EDUARDO SANTOS,602,LOS MARTIRES,-74.09333049699995,4.594339241000057,POINT (-74.09333049699995 4.594339241000057),SANTA ISABEL
2011,ALCALDIA,EL VERGEL,405,LOS MARTIRES,-74.09426546999998,4.596321872000033,POINT (-74.09426546999998 4.596321872000033),SANTA ISABEL
2011,ALCALDIA,ESTACION DE LA SABANA,242,LOS MARTIRES,-74.08335137199998,4.607028938000042,POINT (-74.08335137199998 4.607028938000042),LA SABANA
2011,ALCALDIA,LA ESTANZUELA,601,LOS MARTIRES,-74.08590318299997,4.605598632000067,POINT (-74.08590318299997 4.605598632000067),LA SABANA
2011,ALCALDIA,RICAURTE,643,LOS MARTIRES,-74.09447962199994,4.610112401000038,POINT (-74.09447962199994 4.610112401000038),LA SABANA
2011,ALCALDIA,SAMPER MENDOZA,304,LOS MARTIRES,-74.08305313799997,4.61837266200007,POINT (-74.08305313799997 4.61837266200007),LA SABANA
2011,ALCALDIA,SAN FASON,184,LOS MARTIRES,-74.08133885899997,4.612162252000076,POINT (-74.08133885899997 4.612162252000076),LA SABANA
2011,ALCALDIA,SANTA FE,432,LOS MARTIRES,-74.07940438199995,4.61516279500006,POINT (-74.07940438199995 4.61516279500006),LA SABANA
2011,ALCALDIA,SALON COMUNAL SANTA ISABEL,798,LOS MARTIRES,-74.10290328699995,4.599747278000052,POINT (-74.10290328699995 4.599747278000052),SANTA ISABEL
2011,ALCALDIA,SALON COMUNAL VERAGUAS,442,LOS MARTIRES,-74.10320906899994,4.606667879000042,POINT (-74.10320906899994 4.606667879000042),CIUDAD MONTES
2011,ALCALDIA,CIUDAD BERNA,396,ANTONIO NARINO,-74.09353678399998,4.586132712000051,POINT (-74.09353678399998 4.586132712000051),CIUDAD JARDIN
2011,ALCALDIA,CIUDAD JARDIN,830,ANTONIO NARINO,-74.09646507499997,4.582211686000051,POINT (-74.09646507499997 4.582211686000051),CIUDAD JARDIN
2011,ALCALDIA,LA FRAGUA,331,ANTONIO NARINO,-74.10444052099996,4.594286364000027,POINT (-74.10444052099996 4.594286364000027),RESTREPO
2011,ALCALDIA,LA FRAGUITA,269,ANTONIO NARINO,-74.09889760699997,4.591921058000025,POINT (-74.09889760699997 4.591921058000025),RESTREPO
2011,ALCALDIA,LUNA PARK,218,ANTONIO NARINO,-74.09726188799993,4.587194525000029,POINT (-74.09726188799993 4.587194525000029),RESTREPO
2011,ALCALDIA,POLICARPA,661,ANTONIO NARINO,-74.08822097599995,4.586603001000071,POINT (-74.08822097599995 4.586603001000071),CIUDAD JARDIN
2011,ALCALDIA,RESTREPO A,628,ANTONIO NARINO,-74.09690012899995,4.585244524000075,POINT (-74.09690012899995 4.585244524000075),RESTREPO
2011,ALCALDIA,RESTREPO A,1110,ANTONIO NARINO,-74.09690012899995,4.585244524000075,POINT (-74.09690012899995 4.585244524000075),RESTREPO
2011,ALCALDIA,SALÓN COMUNAL SAN ANTONIO SUR,500,ANTONIO NARINO,-74.09567293699996,4.590876381000044,POINT (-74.09567293699996 4.590876381000044),RESTREPO
2011,ALCALDIA,SANTANDER,190,ANTONIO NARINO,-74.11035550799994,4.589816232000032,POINT (-74.11035550799994 4.589816232000032),RESTREPO
2011,ALCALDIA,SANTANDER SUR,303,ANTONIO NARINO,-74.11432248699998,4.590989214000047,POINT (-74.11432248699998 4.590989214000047),RESTREPO
2011,ALCALDIA,SENA,571,ANTONIO NARINO,-74.11194131099995,4.595189787000038,POINT (-74.11194131099995 4.595189787000038),RESTREPO
2011,ALCALDIA,SALON COMUNAL VILLA MAYOR,663,ANTONIO NARINO,-74.11921227799996,4.592108652000036,POINT (-74.11921227799996 4.592108652000036),RESTREPO
2011,ALCALDIA,ALQUERIA,703,PUENTE ARANDA,-74.1345257,4.5943297,POINT (-74.1345257 4.5943297),MUZU
2011,ALCALDIA,ALCALA,574,PUENTE ARANDA,-74.12717777899996,4.601979993000043,POINT (-74.12717777899996 4.601979993000043),MUZU
2011,ALCALDIA,CARRERA CENTRO COMERCIAL,68,PUENTE ARANDA,-74.10792934599993,4.626474202000054,POINT (-74.10792934599993 4.626474202000054),SAN RAFAEL
2011,ALCALDIA,CIUDAD MONTES,616,PUENTE ARANDA,-74.12029330099995,4.606158372000039,POINT (-74.12029330099995 4.606158372000039),CIUDAD MONTES
2011,ALCALDIA,COLON,1589,PUENTE ARANDA,-74.11942847599994,4.620190372000025,POINT (-74.11942847599994 4.620190372000025),SAN RAFAEL
2011,ALCALDIA,CUNDINAMARCA,114,PUENTE ARANDA,-74.08933231699996,4.622689935000039,POINT (-74.08933231699996 4.622689935000039),ZONA INDUSTRIAL
2011,ALCALDIA,DELICIAS MUZU,595,PUENTE ARANDA,-74.13043865899994,4.599249684000029,POINT (-74.13043865899994 4.599249684000029),MUZU
2011,ALCALDIA,EL JAZMIN,679,PUENTE ARANDA,-74.11487267199993,4.609959443000037,POINT (-74.11487267199993 4.609959443000037),CIUDAD MONTES
2011,ALCALDIA,EL TEJAR,754,PUENTE ARANDA,-74.12752014499995,4.60858481300005,POINT (-74.12752014499995 4.60858481300005),CIUDAD MONTES
2011,ALCALDIA,GALAN,675,PUENTE ARANDA,-74.1224756299999,4.617260904000034,POINT (-74.1224756299999 4.617260904000034),SAN RAFAEL
2011,ALCALDIA,LA ASUNCION,528,PUENTE ARANDA,-74.10681926199999,4.602694444000065,POINT (-74.10681926199999 4.602694444000065),CIUDAD MONTES
2011,ALCALDIA,LA PONDEROSA,567,PUENTE ARANDA,-74.11908075799994,4.611495329000036,POINT (-74.11908075799994 4.611495329000036),CIUDAD MONTES
2011,ALCALDIA,LA PRADERA,374,PUENTE ARANDA,-74.12182556299996,4.623994109000023,POINT (-74.12182556299996 4.623994109000023),SAN RAFAEL
2011,ALCALDIA,LA PRIMAVERA,773,PUENTE ARANDA,-74.10939312699998,4.615518683000062,POINT (-74.10939312699998 4.615518683000062),CIUDAD MONTES
2011,ALCALDIA,LA TRINIDAD,336,PUENTE ARANDA,-74.11704188499994,4.626988280000035,POINT (-74.11704188499994 4.626988280000035),SAN RAFAEL
2011,ALCALDIA,LOS SAUCES,333,PUENTE ARANDA,-74.11885339399998,4.596838563000063,POINT (-74.11885339399998 4.596838563000063),MUZU
2011,ALCALDIA,MILENTA,432,PUENTE ARANDA,-74.12565622599993,4.609531985000046,POINT (-74.12565622599993 4.609531985000046),CIUDAD MONTES
2011,ALCALDIA,PUENTE ARANDA,209,PUENTE ARANDA,-74.10888560299998,4.632026551000024,POINT (-74.10888560299998 4.632026551000024),PUENTE ARANDA
2011,ALCALDIA,SALAZAR GOMEZ,244,PUENTE ARANDA,-74.11809821699995,4.63356439000006,POINT (-74.11809821699995 4.63356439000006),PUENTE ARANDA
2011,ALCALDIA,SAN FRANCISCO,415,PUENTE ARANDA,-74.14905784799998,4.563622939000027,POINT (-74.14905784799998 4.563622939000027),SAN FRANCISCO
2011,ALCALDIA,SAN RAFAEL,603,PUENTE ARANDA,-74.11365582799993,4.619919495000033,POINT (-74.11365582799993 4.619919495000033),SAN RAFAEL
2011,ALCALDIA,SAN ANDRESITO,146,PUENTE ARANDA,-74.10142829999995,4.616956959000049,POINT (-74.10142829999995 4.616956959000049),ZONA INDUSTRIAL
2011,ALCALDIA,SANTA MATILDE,573,PUENTE ARANDA,-74.10943884399995,4.603050434000068,POINT (-74.10943884399995 4.603050434000068),CIUDAD MONTES
2011,ALCALDIA,SANTA RITA,941,PUENTE ARANDA,-74.12372762999996,4.59804774600002,POINT (-74.12372762999996 4.59804774600002),MUZU
2011,ALCALDIA,VERAGUAS CENTRAL,649,PUENTE ARANDA,-74.1010332,4.6068443,POINT (-74.1010332 4.6068443),CIUDAD MONTES
2011,ALCALDIA,VILLA SONIA,533,PUENTE ARANDA,-74.1286128,4.5954515,POINT (-74.1286128 4.5954515),MUZU
2011,ALCALDIA,ALCALDIA MAYOR,865,LA CANDELARIA,-74.0765547,4.598426,POINT (-74.0765547 4.598426),LA CANDELARIA
2011,ALCALDIA,ARCHIVO NACIONAL,251,LA CANDELARIA,-74.07675695231927,4.594296558925359,POINT (-74.07675695231927 4.594296558925359),LA CANDELARIA
2011,ALCALDIA,CARCEL DISTRITAL,13,LA CANDELARIA,-74.07001943899996,4.59294339500002,POINT (-74.07001943899996 4.59294339500002),LA CANDELARIA
2011,ALCALDIA,LA CONCORDIA,448,LA CANDELARIA,-74.06917663199994,4.598773004000066,POINT (-74.06917663199994 4.598773004000066),LA CANDELARIA
2011,ALCALDIA,BRAVO PAEZ,321,RAFAEL URIBE URIBE,-74.12037854099998,4.584800500000028,POINT (-74.12037854099998 4.584800500000028),QUIROGA
2011,ALCALDIA,CENTENARIO,498,RAFAEL URIBE URIBE,-74.11268452199994,4.584835381000062,POINT (-74.11268452199994 4.584835381000062),QUIROGA
2011,ALCALDIA,CIUDAD BOCHICA SUR,1006,RAFAEL URIBE URIBE,-74.1121338199999,4.557649002000062,POINT (-74.1121338199999 4.557649002000062),MARRUECOS
2011,ALCALDIA,CLARET,665,RAFAEL URIBE URIBE,-74.12841806999995,4.583001399000068,POINT (-74.12841806999995 4.583001399000068),QUIROGA
2011,ALCALDIA,COUNTRY SUR,679,RAFAEL URIBE URIBE,-74.10245540999995,4.568172990000051,POINT (-74.10245540999995 4.568172990000051),SAN JOSE
2011,ALCALDIA,EL SOCORRO SUR,505,RAFAEL URIBE URIBE,-74.12448237099994,4.564808620000065,POINT (-74.12448237099994 4.564808620000065),MARRUECOS
2011,ALCALDIA,GRANJAS DE SAN PABLO,337,RAFAEL URIBE URIBE,-74.11613731499995,4.571512927000072,POINT (-74.11613731499995 4.571512927000072),MARCO FIDEL SUAREZ
2011,ALCALDIA,GUSTAVO RESTREPO,630,RAFAEL URIBE URIBE,-74.10616393599997,4.575755499000024,POINT (-74.10616393599997 4.575755499000024),SAN JOSE
2011,ALCALDIA,INGLES,738,RAFAEL URIBE URIBE,-74.12341538999993,4.583322852000038,POINT (-74.12341538999993 4.583322852000038),QUIROGA
2011,ALCALDIA,LA MARQUEZA,246,RAFAEL URIBE URIBE,-74.106957,4.543018,POINT (-74.106957 4.543018),DIANA TURBAY
2011,ALCALDIA,LA PAZ,301,RAFAEL URIBE URIBE,-74.07520913799993,4.660220166000045,POINT (-74.07520913799993 4.660220166000045),LOS ALCAZARES
2011,ALCALDIA,LAS COLINAS,292,RAFAEL URIBE URIBE,-74.11286773499995,4.574369309000076,POINT (-74.11286773499995 4.574369309000076),MARCO FIDEL SUAREZ
2011,ALCALDIA,LAS LOMAS,597,RAFAEL URIBE URIBE,-74.10835908299998,4.564671512000075,POINT (-74.10835908299998 4.564671512000075),MARCO FIDEL SUAREZ
2011,ALCALDIA,LIBERTADOR II,319,RAFAEL URIBE URIBE,-74.11613920499997,4.584036610000055,POINT (-74.11613920499997 4.584036610000055),QUIROGA
2011,ALCALDIA,LOS MOLINOS II SECTOR,693,RAFAEL URIBE URIBE,-74.10769519599995,4.55358904600007,POINT (-74.10769519599995 4.55358904600007),MARRUECOS
2011,ALCALDIA,MARCO FIDEL SUAREZ,532,RAFAEL URIBE URIBE,-74.12201370999998,4.568143763000023,POINT (-74.12201370999998 4.568143763000023),MARCO FIDEL SUAREZ
2011,ALCALDIA,MARCO FIDEL SUAREZ,715,RAFAEL URIBE URIBE,-74.12201370999998,4.568143763000023,POINT (-74.12201370999998 4.568143763000023),MARCO FIDEL SUAREZ
2011,ALCALDIA,MARRUECOS APARTAMENTOS,602,RAFAEL URIBE URIBE,-74.11256656599994,4.554367677000073,POINT (-74.11256656599994 4.554367677000073),MARRUECOS
2011,ALCALDIA,MIRADOR DE MARROCOS,103,RAFAEL URIBE URIBE,-74.11357177299993,4.557800496000027,POINT (-74.11357177299993 4.557800496000027),MARRUECOS
2011,ALCALDIA,MOLINOS DEL SUR,1372,RAFAEL URIBE URIBE,-74.11787294099997,4.555161542000064,POINT (-74.11787294099997 4.555161542000064),MARRUECOS
2011,ALCALDIA,OLAYA,466,RAFAEL URIBE URIBE,-74.10905678999995,4.583496479000075,POINT (-74.10905678999995 4.583496479000075),QUIROGA
2011,ALCALDIA,PALERMO SUR,424,RAFAEL URIBE URIBE,-74.10971793799996,4.543099721000033,POINT (-74.10971793799996 4.543099721000033),DIANA TURBAY
2011,ALCALDIA,PROVIDENCIA,83,RAFAEL URIBE URIBE,-74.12083405699997,4.56171992000003,POINT (-74.12083405699997 4.56171992000003),MARRUECOS
2011,ALCALDIA,QUIROGA,279,RAFAEL URIBE URIBE,-74.11055171399994,4.579222339000069,POINT (-74.11055171399994 4.579222339000069),QUIROGA
2011,ALCALDIA,QUIROGA,203,RAFAEL URIBE URIBE,-74.11055171399994,4.579222339000069,POINT (-74.11055171399994 4.579222339000069),QUIROGA
2011,ALCALDIA,QUIROGA,902,RAFAEL URIBE URIBE,-74.11055171399994,4.579222339000069,POINT (-74.11055171399994 4.579222339000069),QUIROGA
2011,ALCALDIA,RESURRECCION,292,RAFAEL URIBE URIBE,-74.10933182899998,4.56841423700007,POINT (-74.10933182899998 4.56841423700007),MARCO FIDEL SUAREZ
2011,ALCALDIA,SAN AGUSTIN SUR,940,RAFAEL URIBE URIBE,-74.11336675299998,4.547747282000046,POINT (-74.11336675299998 4.547747282000046),DIANA TURBAY
2011,ALCALDIA,SAN JORGE,717,RAFAEL URIBE URIBE,-74.12034817099999,4.571727375000023,POINT (-74.12034817099999 4.571727375000023),MARCO FIDEL SUAREZ
2011,ALCALDIA,SAN JOSE,642,RAFAEL URIBE URIBE,-74.10269822499998,4.577056372000072,POINT (-74.10269822499998 4.577056372000072),SAN JOSE
2011,ALCALDIA,SAN JUANITO,154,RAFAEL URIBE URIBE,-74.11959751699999,4.575572201000057,POINT (-74.11959751699999 4.575572201000057),MARCO FIDEL SUAREZ
2011,ALCALDIA,SANTA LUCIA,497,RAFAEL URIBE URIBE,-74.12599363799995,4.577615822000041,POINT (-74.12599363799995 4.577615822000041),QUIROGA
2011,ALCALDIA,VILLA MAYOR LA NUEVA,298,RAFAEL URIBE URIBE,-74.12704196399994,4.589394040000059,POINT (-74.12704196399994 4.589394040000059),QUIROGA
2011,ALCALDIA,ARBORIZADORA ALTA,749,CIUDAD BOLIVAR,-74.16372346699995,4.56785762700002,POINT (-74.16372346699995 4.56785762700002),JERUSALEM
2011,ALCALDIA,ALTOS DE JALISCO,120,CIUDAD BOLIVAR,-74.13929741599998,4.55577596400002,POINT (-74.13929741599998 4.55577596400002),LUCERO
2011,ALCALDIA,CARCEL DISTRITAL JUDICIAL MODELO,6,CIUDAD BOLIVAR,-74.15152411799994,4.575463316000025,POINT (-74.15152411799994 4.575463316000025),ARBORIZADORA
2011,ALCALDIA,BRISAS DEL VOLADOR,33,CIUDAD BOLIVAR,-74.15459903699997,4.54108558300004,POINT (-74.15459903699997 4.54108558300004),LUCERO
2011,ALCALDIA,LA CANDELARIA LA NUEVA,1670,CIUDAD BOLIVAR,-74.15287385199997,4.571103852000022,POINT (-74.15287385199997 4.571103852000022),SAN FRANCISCO
2011,ALCALDIA,CARACOLI,96,CIUDAD BOLIVAR,-74.17131687999995,4.573011738000048,POINT (-74.17131687999995 4.573011738000048),ISMAEL PERDOMO
2011,ALCALDIA,CASA GRANDE,181,CIUDAD BOLIVAR,-74.16021815799996,4.58154711100002,POINT (-74.16021815799996 4.58154711100002),ISMAEL PERDOMO
2011,ALCALDIA,CASONA DEL LIBERTADOR,1107,CIUDAD BOLIVAR,-74.15763600299994,4.579283381000039,POINT (-74.15763600299994 4.579283381000039),JERUSALEM
2011,ALCALDIA,CORDILLERA,132,CIUDAD BOLIVAR,-74.14964727999995,4.539866762000031,POINT (-74.14964727999995 4.539866762000031),LUCERO
2011,ALCALDIA,DIVINO NIÑO,69,CIUDAD BOLIVAR,-74.13810351699993,4.537809185000071,POINT (-74.13810351699993 4.537809185000071),EL TESORO
2011,ALCALDIA,EL PARAISO,478,CIUDAD BOLIVAR,-74.15899211599998,4.552388765000046,POINT (-74.15899211599998 4.552388765000046),LUCERO
2011,ALCALDIA,EL TESORO,406,CIUDAD BOLIVAR,-74.14944513799998,4.534972583000069,POINT (-74.14944513799998 4.534972583000069),EL TESORO
2011,ALCALDIA,ESTRELLA DEL SUR,457,CIUDAD BOLIVAR,-74.14255463799998,4.54309905100007,POINT (-74.14255463799998 4.54309905100007),EL TESORO
2011,ALCALDIA,GALICIA,654,CIUDAD BOLIVAR,-74.17067691899996,4.590999912000029,POINT (-74.17067691899996 4.590999912000029),ISMAEL PERDOMO
2011,ALCALDIA,ISMAEL PERDOMO,2000,CIUDAD BOLIVAR,-74.16541520099997,4.587222700000041,POINT (-74.16541520099997 4.587222700000041),ISMAEL PERDOMO
2011,ALCALDIA,JERUSALEN (EL TANQUE),769,CIUDAD BOLIVAR,-74.16542993299998,4.571907094000039,POINT (-74.16542993299998 4.571907094000039),JERUSALEM
2011,ALCALDIA,JUAN PABLO II,475,CIUDAD BOLIVAR,-74.14786307699995,4.555261993000045,POINT (-74.14786307699995 4.555261993000045),LUCERO
2011,ALCALDIA,LA ACACIA,918,CIUDAD BOLIVAR,-74.14226652099995,4.560672141000055,POINT (-74.14226652099995 4.560672141000055),SAN FRANCISCO
2011,ALCALDIA,LA ESTANCIA,1063,CIUDAD BOLIVAR,-74.17636492499997,4.593077627000071,POINT (-74.17636492499997 4.593077627000071),ISMAEL PERDOMO
2011,ALCALDIA,LUCERO DEL SUR,948,CIUDAD BOLIVAR,-74.13841960299999,4.550661156000047,POINT (-74.13841960299999 4.550661156000047),LUCERO
2011,ALCALDIA,LUCERO MEDIO,426,CIUDAD BOLIVAR,-74.14561460299996,4.549026850000075,POINT (-74.14561460299996 4.549026850000075),LUCERO
2011,ALCALDIA,MADELENA,659,CIUDAD BOLIVAR,-74.15838841199997,4.586369214000058,POINT (-74.15838841199997 4.586369214000058),ARBORIZADORA
2011,ALCALDIA,MANUELA BELTRAN,450,CIUDAD BOLIVAR,-74.15747735099995,4.57256518600002,POINT (-74.15747735099995 4.57256518600002),JERUSALEM
2011,ALCALDIA,MEISSEN,273,CIUDAD BOLIVAR,-74.13563345799997,4.556714753000051,POINT (-74.13563345799997 4.556714753000051),LUCERO
2011,ALCALDIA,MEXICO,611,CIUDAD BOLIVAR,-74.13659954999997,4.555005582000035,POINT (-74.13659954999997 4.555005582000035),LUCERO
2011,ALCALDIA,MOCHUELO ALTO,69,CIUDAD BOLIVAR,-74.14828891199994,4.488795608000032,POINT (-74.14828891199994 4.488795608000032),
2011,ALCALDIA,MOCHUELO BAJO,108,CIUDAD BOLIVAR,-74.15202863899998,4.510414233000063,POINT (-74.15202863899998 4.510414233000063),
2011,ALCALDIA,NUEVA ARGENTINA,221,CIUDAD BOLIVAR,-74.16226333099996,4.573266183000044,POINT (-74.16226333099996 4.573266183000044),JERUSALEM
2011,ALCALDIA,PASQUILLA,56,CIUDAD BOLIVAR,-74.15583652,4.448451586000033,POINT (-74.15583652 4.448451586000033),
2011,ALCALDIA,POTOSI (LA LAGUNA),352,CIUDAD BOLIVAR,-74.16954199599996,4.570871196000041,POINT (-74.16954199599996 4.570871196000041),JERUSALEM
2011,ALCALDIA,SAN FRANCISCO,1735,CIUDAD BOLIVAR,-74.14905784799998,4.563622939000027,POINT (-74.14905784799998 4.563622939000027),SAN FRANCISCO
2011,ALCALDIA,CARVAJAL II,353,CIUDAD BOLIVAR,-74.14493207799995,4.537077279000073,POINT (-74.14493207799995 4.537077279000073),EL TESORO
2011,ALCALDIA,LA YE SANTA ROSA,8,CIUDAD BOLIVAR,-74.16104312099998,4.39716816300006,POINT (-74.16104312099998 4.39716816300006),
2011,ALCALDIA,SANTO DOMINGO,462,CIUDAD BOLIVAR,-74.17893964099994,4.578844444000026,POINT (-74.17893964099994 4.578844444000026),ISMAEL PERDOMO
2011,ALCALDIA,SIERRA MORENA,961,CIUDAD BOLIVAR,-74.16562389799998,4.577678521000053,POINT (-74.16562389799998 4.577678521000053),ISMAEL PERDOMO
2011,ALCALDIA,SOTAVENTO,638,CIUDAD BOLIVAR,-74.13939966599997,4.544400308000036,POINT (-74.13939966599997 4.544400308000036),EL TESORO
2011,ALCALDIA,VEREDA QUIBA,63,CIUDAD BOLIVAR,-74.16620634799995,4.52830381800004,POINT (-74.16620634799995 4.52830381800004),
2011,ALCALDIA,VILLA GLORIA SUR,207,CIUDAD BOLIVAR,-74.15275059699997,4.553459471000053,POINT (-74.15275059699997 4.553459471000053),LUCERO
2011,ALCALDIA,VISTAHERMOSA,856,CIUDAD BOLIVAR,-74.14905681699997,4.54710188100006,POINT (-74.14905681699997 4.54710188100006),LUCERO
2011,ALCALDIA,BETANIA,11,SUMAPAZ,-74.14625838299997,4.21789529800003,POINT (-74.14625838299997 4.21789529800003),
2011,ALCALDIA,LA UNION,1,SUMAPAZ,-74.36349309199994,3.98574147100004,POINT (-74.36349309199994 3.98574147100004),
2011,ALCALDIA,NAZARETH,13,SUMAPAZ,-74.14727385499998,4.17263028900004,POINT (-74.14727385499998 4.17263028900004),
2011,ALCALDIA,CARVAJAL II SECTOR,404,TEUSAQUILLO,-74.08994026099998,4.630369649000045,POINT (-74.08994026099998 4.630369649000045),QUINTA PAREDES
2011,ALCALDIA,ANTIGUO COUNTRY PLAZOLETA CARULLA,280,CHAPINERO,-74.07001943899996,4.59294339500002,POINT (-74.07001943899996 4.59294339500002),LA CANDELARIA
2011,ALCALDIA,CEDRO GOLF,365,USAQUEN,-74.02642592299998,4.725494393000076,POINT (-74.02642592299998 4.725494393000076),LOS CEDROS
2011,ALCALDIA,COVIVIENDA DEL SUR ORIENTE,696,RAFAEL URIBE URIBE,-74.11013651099995,4.54753987600003,POINT (-74.11013651099995 4.54753987600003),DIANA TURBAY
2011,ALCALDIA,EGIPTO,595,LA CANDELARIA,-74.07001943899996,4.59294339500002,POINT (-74.07001943899996 4.59294339500002),LA CANDELARIA
2011,ALCALDIA,SAN BENITO ABAD,717,TUNJUELITO,-74.13704436299997,4.56659538100007,POINT (-74.13704436299997 4.56659538100007),TUNJUELITO
2011,ALCALDIA,SAN JOAQUIN DEL VATICANO,353,CIUDAD BOLIVAR,-74.14493207799995,4.537077279000073,POINT (-74.14493207799995 4.537077279000073),EL TESORO
2011,ALCALDIA,CASABLANCA 32,1388,KENNEDY,-74.16793260399999,4.618398016000071,POINT (-74.16793260399999 4.618398016000071),KENNEDY CENTRAL
2011,ALCALDIA,CASABLANCA SUBA,401,SUBA,-74.0722159,4.7458817,POINT (-74.0722159 4.7458817),CASA BLANCA SUBA
2014,SENADO,PUESTO CENSO(FERIA EXPOSICION),838,NACIONAL,-74.08994026099998,4.630369649000045,POINT (-74.08994026099998 4.630369649000045),QUINTA PAREDES
2014,SENADO,ALTOS DE SAN ISIDRO,9,USAQUEN,-74.0244897,4.6696769,POINT (-74.0244897 4.6696769),SAN ISIDRO - PATIOS
2014,SENADO,BARRANCAS,148,USAQUEN,-74.0269239,4.7352201,POINT (-74.0269239 4.7352201),SAN CRISTOBAL NORTE
2014,SENADO,BUENAVISTA,20,USAQUEN,-74.02579167099998,4.766856689000065,POINT (-74.02579167099998 4.766856689000065),VERBENAL
2014,SENADO,CANAIMA,50,USAQUEN,-74.04098847999995,4.772747019000064,POINT (-74.04098847999995 4.772747019000064),PASEO DE LOS LIBERTADORES
2014,SENADO,LOS CEDRITOS,470,USAQUEN,-74.0455034,4.7242924,POINT (-74.0455034 4.7242924),LOS CEDROS
2014,SENADO,CEDRITOS II SECTOR,715,USAQUEN,-74.03989464361008,4.725161840959483,POINT (-74.03989464361008 4.725161840959483),LOS CEDROS
2014,SENADO,CARVAJAL II SECTOR,61,KENNEDY,-74.02642592299998,4.725494393000076,POINT (-74.02642592299998 4.725494393000076),LOS CEDROS
2014,SENADO,CONTADOR,789,USAQUEN,-74.0480373,4.7116123,POINT (-74.0480373 4.7116123),COUNTRY CLUB
2014,SENADO,EL VERBENAL II SECTOR,163,USAQUEN,-74.0375706,4.7641288,POINT (-74.0375706 4.7641288),VERBENAL
2014,SENADO,LA CITA,306,USAQUEN,-74.0227166,4.7449208,POINT (-74.0227166 4.7449208),LA URIBE
2014,SENADO,LA URIBE,175,USAQUEN,-74.0450134,4.7523999,POINT (-74.0450134 4.7523999),LA URIBE
2014,SENADO,LAS MARGARITAS,1170,USAQUEN,-74.0470339940858,4.73247890295971,POINT (-74.0470339940858 4.73247890295971),LOS CEDROS
2014,SENADO,LAS ORQUIDEAS,192,USAQUEN,-74.04022487333644,4.742062972948161,POINT (-74.04022487333644 4.742062972948161),TOBERIN
2014,SENADO,LIJACA,74,USAQUEN,-74.02799443399994,4.765537425000048,POINT (-74.02799443399994 4.765537425000048),VERBENAL
2014,SENADO,SALÓN COMUNAL SAN ANTONIO,128,USAQUEN,-74.0321796349869,4.76460865457396,POINT (-74.0321796349869 4.76460865457396),VERBENAL
2014,SENADO,SANTA ANA ORIENTAL,544,USAQUEN,-74.0320003446318,4.686688896535118,POINT (-74.0320003446318 4.686688896535118),USAQUEN
2014,SENADO,SANTA BARBARA OCCIDENTAL,525,USAQUEN,-74.0494267,4.7008515,POINT (-74.0494267 4.7008515),SANTA BARBARA
2014,SENADO,SANTA BARBARA ORIENTAL,295,USAQUEN,-74.030432,4.6981675,POINT (-74.030432 4.6981675),USAQUEN
2014,SENADO,SANTA PAULA,392,USAQUEN,-74.04258361999996,4.690482880000047,POINT (-74.04258361999996 4.690482880000047),SANTA BARBARA
2014,SENADO,CENTRO COMERCIAL UNICENTRO,1730,USAQUEN,-74.04262499899994,4.702378772000031,POINT (-74.04262499899994 4.702378772000031),SANTA BARBARA
2014,SENADO,USAQUÉN,600,USAQUEN,-74.03094040199994,4.695968200000038,POINT (-74.03094040199994 4.695968200000038),USAQUEN
2014,SENADO,AVENIDA CHILE,192,CHAPINERO,-74.059637,4.6576875,POINT (-74.059637 4.6576875),CHICO LAGO
2014,SENADO,CHICO 97,588,CHAPINERO,-74.04965463599996,4.685075567000069,POINT (-74.04965463599996 4.685075567000069),CHICO LAGO
2014,SENADO,CHICO NORTE,481,CHAPINERO,-74.04965463599996,4.685075567000069,POINT (-74.04965463599996 4.685075567000069),CHICO LAGO
2014,SENADO,CHICO RESERVADO,405,CHAPINERO,-74.04422465799996,4.679733713000076,POINT (-74.04422465799996 4.679733713000076),EL REFUGIO
2014,SENADO,COLEGIO SIMON RODRIGUEZ SEDE A,158,CHAPINERO,-74.06109617699997,4.654052440000044,POINT (-74.06109617699997 4.654052440000044),CHICO LAGO
2014,SENADO,EL NOGAL,352,CHAPINERO,-74.0535638,4.6603208,POINT (-74.0535638 4.6603208),EL REFUGIO
2014,SENADO,GRANADA,47,CHAPINERO,-74.0542202,4.6477537,POINT (-74.0542202 4.6477537),PARDO RUBIO
2014,SENADO,SAN LUIS,24,CHAPINERO,-74.06726194899994,4.64830091400006,POINT (-74.06726194899994 4.64830091400006),GALERIAS
2014,SENADO,SENA CALLE 52,123,CHAPINERO,-74.06288077299996,4.65175626000007,POINT (-74.06288077299996 4.65175626000007),CHAPINERO
2014,SENADO,SENA CALLE 52,78,CHAPINERO,-74.06288077299996,4.65175626000007,POINT (-74.06288077299996 4.65175626000007),CHAPINERO
2014,SENADO,UNIVERSIDAD DISTRITAL,94,CHAPINERO,-74.06579504799998,4.62818951600002,POINT (-74.06579504799998 4.62818951600002),CHAPINERO
2014,SENADO,UNIVERSIDAD KONRAD LORENZ,307,CHAPINERO,-74.06145695999999,4.64841756200002,POINT (-74.06145695999999 4.64841756200002),CHAPINERO
2014,SENADO,UNIVERSIDAD PILOTO,133,CHAPINERO,-74.06547382099996,4.632772357000022,POINT (-74.06547382099996 4.632772357000022),CHAPINERO
2014,SENADO,UNIVERSIDAD SERGIO ARBOLEDA,97,CHAPINERO,-74.05979578899996,4.660894645000042,POINT (-74.05979578899996 4.660894645000042),CHICO LAGO
2014,SENADO,BIBLIOTECA DIST.ANTONIO NARIÑO,30,CHAPINERO,-74.07827843555914,4.604774932009518,POINT (-74.07827843555914 4.604774932009518),LAS NIEVES
2014,SENADO,CAMILO TORRES,51,SANTA FE,-74.06658511799998,4.620288446000075,POINT (-74.06658511799998 4.620288446000075),SAGRADO CORAZON
2014,SENADO,CENTRO ORIENTE,15,SANTA FE,-74.07394485299994,4.589504470000065,POINT (-74.07394485299994 4.589504470000065),LOURDES
2014,SENADO,EL CONSUELO,25,SANTA FE,-74.07114749899995,4.580839076000075,POINT (-74.07114749899995 4.580839076000075),LOURDES
2014,SENADO,EL VERJON,1,SANTA FE,-74.02245577399998,4.605824588000075,POINT (-74.02245577399998 4.605824588000075),
2014,SENADO,GIRARDOT,2,SANTA FE,-74.07299620499998,4.587580039000045,POINT (-74.07299620499998 4.587580039000045),LOURDES
2014,SENADO,LA PERSEVERANCIA,35,SANTA FE,-74.06450466499996,4.617777998000065,POINT (-74.06450466499996 4.617777998000065),LA MACARENA
2014,SENADO,LAS AGUAS,20,SANTA FE,-74.06592860099994,4.604145636000055,POINT (-74.06592860099994 4.604145636000055),LA MACARENA
2014,SENADO,LAS CRUCES,46,SANTA FE,-74.08225487599998,4.592220084000076,POINT (-74.08225487599998 4.592220084000076),LAS CRUCES
2014,SENADO,LAS NIEVES,51,SANTA FE,-74.06913089899996,4.605013588000077,POINT (-74.06913089899996 4.605013588000077),LAS NIEVES
2014,SENADO,LOS LACHES,15,SANTA FE,-74.06663596699997,4.587465473000066,POINT (-74.06663596699997 4.587465473000066),LOURDES
2014,SENADO,MEDICINA LEGAL,13,SANTA FE,-74.08290337699998,4.597536173000037,POINT (-74.08290337699998 4.597536173000037),LAS NIEVES
2014,SENADO,PARQUE SANTANDER,67,SANTA FE,-74.0725651,4.6020053,POINT (-74.0725651 4.6020053),LAS NIEVES
2014,SENADO,POLICARPA SALAVARRIETA,60,SANTA FE,-74.06780815299999,4.614912219000075,POINT (-74.06780815299999 4.614912219000075),SAGRADO CORAZON
2014,SENADO,SAN BERNARDO,28,SANTA FE,-74.08471557899998,4.593608135000068,POINT (-74.08471557899998 4.593608135000068),LAS CRUCES
2014,SENADO,20 DE JULIO SEDE B,124,SANTA FE,-74.09452945499999,4.571464270000035,POINT (-74.09452945499999 4.571464270000035),20 DE JULIO
2014,SENADO,ALTAMIRA,47,SAN CRISTOBAL,-74.08484396199998,4.545385692000025,POINT (-74.08484396199998 4.545385692000025),LA GLORIA
2014,SENADO,ARBOLEDA SUR,57,SAN CRISTOBAL,-74.09111476899994,4.579195660000039,POINT (-74.09111476899994 4.579195660000039),SOSIEGO
2014,SENADO,CASABLANCA 32,146,KENNEDY,-74.16793260399999,4.618398016000071,POINT (-74.16793260399999 4.618398016000071),KENNEDY CENTRAL
2014,SENADO,BELLO HORIZONTE,54,SAN CRISTOBAL,-74.09247453299997,4.559956495000051,POINT (-74.09247453299997 4.559956495000051),20 DE JULIO
2014,SENADO,CANADA GUIRA,6,SAN CRISTOBAL,-74.09879301299998,4.544384960000059,POINT (-74.09879301299998 4.544384960000059),LOS LIBERTADORES
2014,SENADO,EL QUINDIO,11,SAN CRISTOBAL,-74.08281201799997,4.537394023000047,POINT (-74.08281201799997 4.537394023000047),LA GLORIA
2014,SENADO,GUACAMAYAS II SECTOR,25,SAN CRISTOBAL,-74.10002307994216,4.559268276283567,POINT (-74.10002307994216 4.559268276283567),LA GLORIA
2014,SENADO,JUAN REY,7,SAN CRISTOBAL,-74.08995580399994,4.522433833000036,POINT (-74.08995580399994 4.522433833000036),LOS LIBERTADORES
2014,SENADO,LA GLORIA,44,SAN CRISTOBAL,-74.08928989799995,4.541038678000064,POINT (-74.08928989799995 4.541038678000064),LOS LIBERTADORES
2014,SENADO,ESCUELA LA VICTORIA B,89,SAN CRISTOBAL,-74.09391079499994,4.554348808000043,POINT (-74.09391079499994 4.554348808000043),LA GLORIA
2014,SENADO,LAS BRISAS,14,SAN CRISTOBAL,-74.08007909299994,4.57683851500002,POINT (-74.08007909299994 4.57683851500002),SOSIEGO
2014,SENADO,LAS MERCEDES,45,SAN CRISTOBAL,-74.08081979099995,4.569269680000048,POINT (-74.08081979099995 4.569269680000048),SAN BLAS
2014,SENADO,LOS LIBERTADORES,22,SAN CRISTOBAL,-74.09086297499994,4.534402597000053,POINT (-74.09086297499994 4.534402597000053),LOS LIBERTADORES
2014,SENADO,MONTEBELLO,50,SAN CRISTOBAL,-74.08799157699997,4.56674681800007,POINT (-74.08799157699997 4.56674681800007),20 DE JULIO
2014,SENADO,PRIMERA DE MAYO,38,SAN CRISTOBAL,-74.09008012099997,4.574318484000059,POINT (-74.09008012099997 4.574318484000059),SOSIEGO
2014,SENADO,RAMAJAL,26,SAN CRISTOBAL,-74.08363441199998,4.562173595000047,POINT (-74.08363441199998 4.562173595000047),SAN BLAS
2014,SENADO,REPUBLICA DEL CANADA,17,SAN CRISTOBAL,-74.08732730199995,4.53577178300003,POINT (-74.08732730199995 4.53577178300003),LOS LIBERTADORES
2014,SENADO,SAN BLAS,68,SAN CRISTOBAL,-74.08486411199993,4.571123991000036,POINT (-74.08486411199993 4.571123991000036),SOSIEGO
2014,SENADO,SAN CRISTOBAL,68,SAN CRISTOBAL,-74.0944791,4.568535,POINT (-74.0944791 4.568535),20 DE JULIO
2014,SENADO,SAN ISIDRO,42,SAN CRISTOBAL,-74.10093586299996,4.565904587000034,POINT (-74.10093586299996 4.565904587000034),20 DE JULIO
2014,SENADO,SAN MARTIN DE LOBA SUR,30,SAN CRISTOBAL,-74.09566884599997,4.552086761000055,POINT (-74.09566884599997 4.552086761000055),LA GLORIA
2014,SENADO,SAN PEDRO SUR ORIENTAL,16,SAN CRISTOBAL,-74.08717515099994,4.564504542000066,POINT (-74.08717515099994 4.564504542000066),20 DE JULIO
2014,SENADO,SANTA ANA SUR,65,SAN CRISTOBAL,-74.08415687399997,4.577041486000041,POINT (-74.08415687399997 4.577041486000041),SOSIEGO
2014,SENADO,SOSIEGO,36,SAN CRISTOBAL,-74.09301011799994,4.576361586000075,POINT (-74.09301011799994 4.576361586000075),SOSIEGO
2014,SENADO,VILLA DE LOS ALPES,49,SAN CRISTOBAL,-74.09844988499998,4.561453494000034,POINT (-74.09844988499998 4.561453494000034),20 DE JULIO
2014,SENADO,VILLA DEL CERRO,20,SAN CRISTOBAL,-74.09562216299997,4.544188748000067,POINT (-74.09562216299997 4.544188748000067),LOS LIBERTADORES
2014,SENADO,ALMIRANTE PADILLA,69,USME,-74.11190314099997,4.512266250000039,POINT (-74.11190314099997 4.512266250000039),GRAN YOMASA
2014,SENADO,EL BOSQUE,18,USME,-74.10311553799994,4.506018318000031,POINT (-74.10311553799994 4.506018318000031),GRAN YOMASA
2014,SENADO,EL DANUBIO AZUL,14,USME,-74.11502143899997,4.537765720000039,POINT (-74.11502143899997 4.537765720000039),DANUBIO
2014,SENADO,EL DESTINO,1,USME,-74.13895919099997,4.408202995000067,POINT (-74.13895919099997 4.408202995000067),
2014,SENADO,EL HATO,3,USME,-74.17951987699996,4.36958887000003,POINT (-74.17951987699996 4.36958887000003),
2014,SENADO,EL VIRREY,30,USME,-74.11179901,4.50250233600002,POINT (-74.11179901 4.50250233600002),COMUNEROS
2014,SENADO,JUAN JOSE RONDON,5,USME,-74.09119911599998,4.503719568000065,POINT (-74.09119911599998 4.503719568000065),LA FLORA
2014,SENADO,LA AURORA,64,USME,-74.12113946399995,4.521681535000027,POINT (-74.12113946399995 4.521681535000027),GRAN YOMASA
2014,SENADO,LA FISCALA,23,USME,-74.11172754099994,4.533770827000069,POINT (-74.11172754099994 4.533770827000069),DANUBIO
2014,SENADO,LA FLORA,17,USME,-74.09120984199996,4.513289875000055,POINT (-74.09120984199996 4.513289875000055),LA FLORA
2014,SENADO,LA FORTALEZA,17,USME,-74.11916043499997,4.517830869000022,POINT (-74.11916043499997 4.517830869000022),GRAN YOMASA
2014,SENADO,LOS COMUNEROS,30,USME,-74.10874844399996,4.498587950000058,POINT (-74.10874844399996 4.498587950000058),COMUNEROS
2014,SENADO,MARICHUELA,66,USME,-74.11698187599995,4.512414104000072,POINT (-74.11698187599995 4.512414104000072),GRAN YOMASA
2014,SENADO,MONTEBLANCO,24,USME,-74.11504819099997,4.49678054900005,POINT (-74.11504819099997 4.49678054900005),COMUNEROS
2014,SENADO,SANTA LIBRADA,56,USME,-74.11594454099998,4.519357661000072,POINT (-74.11594454099998 4.519357661000072),GRAN YOMASA
2014,SENADO,SANTA MARTA,17,USME,-74.11562807999996,4.525273169000059,POINT (-74.11562807999996 4.525273169000059),GRAN YOMASA
2014,SENADO,USME,24,USME,-74.12153515999995,4.472581938000076,POINT (-74.12153515999995 4.472581938000076),CIUDAD USME
2014,SENADO,USMINIA,27,USME,-74.11448729499995,4.495438658000069,POINT (-74.11448729499995 4.495438658000069),COMUNEROS
2014,SENADO,VALLES DE CAFAM,12,USME,-74.11805941599994,4.507653595000022,POINT (-74.11805941599994 4.507653595000022),COMUNEROS
2014,SENADO,VILLA HERMOSA,23,USME,-74.10232047799997,4.493986247000066,POINT (-74.10232047799997 4.493986247000066),ALFONSO LOPEZ
2014,SENADO,ABRAHAM LINCOLN,22,TUNJUELITO,-74.12380751399996,4.555324423000059,POINT (-74.12380751399996 4.555324423000059),TUNJUELITO
2014,SENADO,"EL CARMEN SUR ""A""",70,TUNJUELITO,-74.13231081699996,4.582996852000065,POINT (-74.13231081699996 4.582996852000065),VENECIA
2014,SENADO,"EL TUNAL ""A""",145,TUNJUELITO,-74.13192148,4.575923139000054,POINT (-74.13192148 4.575923139000054),VENECIA
2014,SENADO,"FATIMA ""A""",99,TUNJUELITO,-74.13798926899995,4.585521978000031,POINT (-74.13798926899995 4.585521978000031),VENECIA
2014,SENADO,ISLA DEL SOL,27,TUNJUELITO,-74.15250680099996,4.589211385000056,POINT (-74.15250680099996 4.589211385000056),VENECIA
2014,SENADO,"NUEVO MUZU  ""A""",73,TUNJUELITO,-74.14759957699994,4.586123155000053,POINT (-74.14759957699994 4.586123155000053),VENECIA
2014,SENADO,SAN CARLOS,70,TUNJUELITO,-74.12815740499997,4.569460392000053,POINT (-74.12815740499997 4.569460392000053),TUNJUELITO
2014,SENADO,SAN VICENTE FERRER,62,TUNJUELITO,-74.13827658499997,4.577185763000045,POINT (-74.13827658499997 4.577185763000045),VENECIA
2014,SENADO,TUNJUELITO A,63,TUNJUELITO,-74.12478150499999,4.559472671000037,POINT (-74.12478150499999 4.559472671000037),TUNJUELITO
2014,SENADO,VENECIA A,90,TUNJUELITO,-74.14358300899994,4.59223242500002,POINT (-74.14358300899994 4.59223242500002),VENECIA
2014,SENADO,VENECIA A,27,TUNJUELITO,-74.14358300899994,4.59223242500002,POINT (-74.14358300899994 4.59223242500002),VENECIA
2014,SENADO,ATALAYAS,6,BOSA,-74.19283751099994,4.629344928000023,POINT (-74.19283751099994 4.629344928000023),BOSA OCCIDENTAL
2014,SENADO,BOSA,137,BOSA,-74.18578013099994,4.611585041000069,POINT (-74.18578013099994 4.611585041000069),BOSA CENTRAL
2014,SENADO,BOSANOVA,52,BOSA,-74.188373,4.622721,POINT (-74.188373 4.622721),BOSA OCCIDENTAL
2014,SENADO,BRASILIA,47,USME,-74.11643953199996,4.51760874100006,POINT (-74.11643953199996 4.51760874100006),GRAN YOMASA
2014,SENADO,CARLOS ALBAN,86,BOSA,-74.19756533399999,4.605714728000066,POINT (-74.19756533399999 4.605714728000066),BOSA CENTRAL
2014,SENADO,CARLOS PIZARRO LEON GOMEZ,15,BOSA,-74.20486502199998,4.635605660000067,POINT (-74.20486502199998 4.635605660000067),TINTAL SUR
2014,SENADO,CIUDADELA EL PORVENIR,11,BOSA,-74.18721154599996,4.64082972600005,POINT (-74.18721154599996 4.64082972600005),EL PORVENIR
2014,SENADO,EL CORZO,5,BOSA,-74.10815091790761,4.708170076304054,POINT (-74.10815091790761 4.708170076304054),MINUTO DE DIOS
2014,SENADO,EL PORVENIR,44,BOSA,-74.18362205699998,4.635898909000048,POINT (-74.18362205699998 4.635898909000048),EL PORVENIR
2014,SENADO,EL RECREO,58,BOSA,-74.20148261099996,4.627533565000022,POINT (-74.20148261099996 4.627533565000022),TINTAL SUR
2014,SENADO,FE Y ALEGRIA SAN IGNACIO,4,BOSA,-74.18978479999998,4.633343233000062,POINT (-74.18978479999998 4.633343233000062),EL PORVENIR
2014,SENADO,FRANCISCO DE PAULA SANTANDER,6,BOSA,-74.18477973799997,4.610871700000075,POINT (-74.18477973799997 4.610871700000075),BOSA CENTRAL
2014,SENADO,ISLANDIA,10,BOSA,-74.20035773099994,4.616162771000063,POINT (-74.20035773099994 4.616162771000063),BOSA CENTRAL
2014,SENADO,JIMENEZ DE QUESADA,29,BOSA,-74.18843550999998,4.606190850000075,POINT (-74.18843550999998 4.606190850000075),BOSA CENTRAL
2014,SENADO,JOSE ANTONIO GALAN,77,BOSA,-74.17896635799997,4.606142614000021,POINT (-74.17896635799997 4.606142614000021),BOSA CENTRAL
2014,SENADO,LA AMISTAD,75,BOSA,-74.14812764599998,4.623422550000043,POINT (-74.14812764599998 4.623422550000043),KENNEDY CENTRAL
2014,SENADO,LA ESPERANZA,27,BOSA,-74.20536969899996,4.609695983000051,POINT (-74.20536969899996 4.609695983000051),BOSA CENTRAL
2014,SENADO,LA ESTACION,110,BOSA,-74.18081058199994,4.60111936100003,POINT (-74.18081058199994 4.60111936100003),BOSA CENTRAL
2014,SENADO,LA LIBERTAD,103,BOSA,-74.19449057699995,4.625125380000043,POINT (-74.19449057699995 4.625125380000043),BOSA OCCIDENTAL
2014,SENADO,LAURELES,48,BOSA,-74.20015505899994,4.609059013000035,POINT (-74.20015505899994 4.609059013000035),BOSA CENTRAL
2014,SENADO,NUEVO CHILE,60,BOSA,-74.16626320399996,4.603305502000069,POINT (-74.16626320399996 4.603305502000069),APOGEO
2014,SENADO,PABLO DE TARSO,10,BOSA,-74.18698567899997,4.603976958000032,POINT (-74.18698567899997 4.603976958000032),BOSA CENTRAL
2014,SENADO,PALESTINA,27,BOSA,-74.19364580199993,4.611871835000045,POINT (-74.19364580199993 4.611871835000045),BOSA CENTRAL
2014,SENADO,COLEGIO PAULO VI SEDE A,35,BOSA,-74.15802882799994,4.620888029000071,POINT (-74.15802882799994 4.620888029000071),KENNEDY CENTRAL
2014,SENADO,PIAMONTE,95,BOSA,-74.19074859799997,4.606868318000068,POINT (-74.19074859799997 4.606868318000068),BOSA CENTRAL
2014,SENADO,SAN BERNARDINO,14,BOSA,-74.20614751399995,4.623649620000037,POINT (-74.20614751399995 4.623649620000037),BOSA OCCIDENTAL
2014,SENADO,SAN JOSE,13,BOSA,-74.10269822499998,4.577056372000072,POINT (-74.10269822499998 4.577056372000072),SAN JOSE
2014,SENADO,SANTA FE DE BOSA,29,BOSA,-74.19523999299997,4.64115361100005,POINT (-74.19523999299997 4.64115361100005),EL PORVENIR
2014,SENADO,SURBANA,34,BOSA,-74.16766293699999,4.597031586000071,POINT (-74.16766293699999 4.597031586000071),APOGEO
2014,SENADO,VILLA DEL RIO,139,BOSA,-74.15738736799995,4.602225416000067,POINT (-74.15738736799995 4.602225416000067),APOGEO
2014,SENADO,ALMENAR,33,KENNEDY,-74.17039948099995,4.619730318000052,POINT (-74.17039948099995 4.619730318000052),GRAN BRITALIA
2014,SENADO,ALOHA,51,KENNEDY,-74.13324789799998,4.632901238000045,POINT (-74.13324789799998 4.632901238000045),BAVARIA
2014,SENADO,AVENIDA BOYACA SUR,60,KENNEDY,-74.1370055,4.5466035,POINT (-74.1370055 4.5466035),EL TESORO
2014,SENADO,BANDERAS,83,KENNEDY,-74.1512936,4.6314084,POINT (-74.1512936 4.6314084),KENNEDY CENTRAL
2014,SENADO,BAZAAR ALSACIA,44,KENNEDY,-74.1287278983658,4.64573090662922,POINT (-74.1287278983658 4.64573090662922),BAVARIA
2014,SENADO,BOITA,37,KENNEDY,-74.15258212699996,4.602362910000068,POINT (-74.15258212699996 4.602362910000068),TIMIZA
2014,SENADO,BRITALIA,80,KENNEDY,-74.17301132799997,4.625309595000033,POINT (-74.17301132799997 4.625309595000033),GRAN BRITALIA
2014,SENADO,BRITALIA LAS MARGARITAS,1,KENNEDY,-74.1784099,4.6136971,POINT (-74.1784099 4.6136971),GRAN BRITALIA
2014,SENADO,CAMILO TORRES,58,KENNEDY,-74.06658511799998,4.620288446000075,POINT (-74.06658511799998 4.620288446000075),SAGRADO CORAZON
2014,SENADO,CARIMAGUA,84,KENNEDY,-74.1456912,4.6114712,POINT (-74.1456912 4.6114712),CARVAJAL
2014,SENADO,CARVAJAL I SECTOR,37,KENNEDY,-74.13825329614068,4.615126174317189,POINT (-74.13825329614068 4.615126174317189),CARVAJAL
2014,SENADO,CASTILLA,423,KENNEDY,-74.1433359,4.6400199,POINT (-74.1433359 4.6400199),CASTILLA
2014,SENADO,CATALINA,47,KENNEDY,-74.16898937599996,4.610011166000049,POINT (-74.16898937599996 4.610011166000049),TIMIZA
2014,SENADO,CLASS,24,KENNEDY,-74.17890293099998,4.614181763000033,POINT (-74.17890293099998 4.614181763000033),GRAN BRITALIA
2014,SENADO,COLEGIO CLASS I D E SEDE B ROMA,6,KENNEDY,-74.17120200699998,4.608893256000044,POINT (-74.17120200699998 4.608893256000044),TIMIZA
2014,SENADO,COLEGIO KENNEDY I.E.D.MANDALA,130,KENNEDY,-74.14351162868547,4.627389279223973,POINT (-74.14351162868547 4.627389279223973),AMERICAS
2014,SENADO,EL SAUCEDAL,26,KENNEDY,-74.16282556699997,4.633038830000032,POINT (-74.16282556699997 4.633038830000032),CORABASTOS
2014,SENADO,ESTADOS UNIDOS SUPER 13,45,KENNEDY,-74.16032958799997,4.625627870000073,POINT (-74.16032958799997 4.625627870000073),CORABASTOS
2014,SENADO,FAVIDI VISION DE COLOMBIA,74,KENNEDY,-74.1350275,4.6482265,POINT (-74.1350275 4.6482265),CASTILLA
2014,SENADO,FCO. JOSE DE CALDAS,49,KENNEDY,-74.15475287168277,4.628956291867225,POINT (-74.15475287168277 4.628956291867225),KENNEDY CENTRAL
2014,SENADO,FLORALIA,67,KENNEDY,-74.13231108999997,4.608704879000072,POINT (-74.13231108999997 4.608704879000072),CARVAJAL
2014,SENADO,GRAN COLOMBIANO,63,KENNEDY,-74.16282961299999,4.621250330000066,POINT (-74.16282961299999 4.621250330000066),KENNEDY CENTRAL
2014,SENADO,KENNEDY - CARULLA,76,KENNEDY,-74.15204866859122,4.625329605798465,POINT (-74.15204866859122 4.625329605798465),KENNEDY CENTRAL
2014,SENADO,KENNEDY LEY,79,KENNEDY,-74.14873786438484,4.624146457405746,POINT (-74.14873786438484 4.624146457405746),KENNEDY CENTRAL
2014,SENADO,KENNEDY SUPER 2,71,KENNEDY,-74.14475021113951,4.622277549865184,POINT (-74.14475021113951 4.622277549865184),KENNEDY CENTRAL
2014,SENADO,KENNEDY SUPER 8,80,KENNEDY,-74.15083364867328,4.623712339091912,POINT (-74.15083364867328 4.623712339091912),KENNEDY CENTRAL
2014,SENADO,LA CHUCUA,47,KENNEDY,-74.14854789299994,4.603639944000065,POINT (-74.14854789299994 4.603639944000065),TIMIZA
2014,SENADO,LA FLORESTA SUR,56,KENNEDY,-74.12744374299996,4.620795857000076,POINT (-74.12744374299996 4.620795857000076),AMERICAS
2014,SENADO,LA MACARENA,32,KENNEDY,-74.0657523,4.6135854,POINT (-74.0657523 4.6135854),LA MACARENA
2014,SENADO,LAS AMERICAS SEDE A,182,KENNEDY,-74.15062750199996,4.616765260000022,POINT (-74.15062750199996 4.616765260000022),CARVAJAL
2014,SENADO,LAS MARGARITAS,29,USAQUEN,-74.0470339940858,4.73247890295971,POINT (-74.0470339940858 4.73247890295971),LOS CEDROS
2014,SENADO,LAS PALMERAS,14,KENNEDY,-74.16940801399994,4.640645230000075,POINT (-74.16940801399994 4.640645230000075),PATIO BONITO
2014,SENADO,LOS PERIODISTAS,40,KENNEDY,-74.15832380899997,4.617388222000045,POINT (-74.15832380899997 4.617388222000045),KENNEDY CENTRAL
2014,SENADO,MANUEL CEPEDA VARGAS,27,KENNEDY,-74.17740708809725,4.616314924273743,POINT (-74.17740708809725 4.616314924273743),GRAN BRITALIA
2014,SENADO,MARIA PAZ,9,KENNEDY,-74.15796743599998,4.636868682000056,POINT (-74.15796743599998 4.636868682000056),CORABASTOS
2014,SENADO,MARSELLA,184,KENNEDY,-74.12731736499995,4.632151289000035,POINT (-74.12731736499995 4.632151289000035),BAVARIA
2014,SENADO,MILENIO PLAZA,13,KENNEDY,-74.16878478099994,4.630349086000024,POINT (-74.16878478099994 4.630349086000024),PATIO BONITO
2014,SENADO,MULTIFAMILIARES LAGO DE TIMIZ,34,KENNEDY,-74.15944930776018,4.610043391449132,POINT (-74.15944930776018 4.610043391449132),TIMIZA
2014,SENADO,PARQUES DE CASTILLA,115,KENNEDY,-74.14111272026962,4.646708671909544,POINT (-74.14111272026962 4.646708671909544),CASTILLA
2014,SENADO,PATIO BONITO I SECTOR,82,KENNEDY,-74.16321590229937,4.638212332275138,POINT (-74.16321590229937 4.638212332275138),PATIO BONITO
2014,SENADO,PATIO BONITO II SECTOR,74,KENNEDY,-74.16280180822436,4.640922718484578,POINT (-74.16280180822436 4.640922718484578),PATIO BONITO
2014,SENADO,PATIOS,15,KENNEDY,-74.16378937099995,4.642366606000053,POINT (-74.16378937099995 4.642366606000053),PATIO BONITO
2014,SENADO,PERPETUO SOCORRO,40,KENNEDY,-74.16713612199999,4.605662528000039,POINT (-74.16713612199999 4.605662528000039),TIMIZA
2014,SENADO,PIO XII,56,KENNEDY,-74.1503792,4.6345534,POINT (-74.1503792 4.6345534),CASTILLA
2014,SENADO,ROMA,170,KENNEDY,-74.17402687199996,4.610423380000043,POINT (-74.17402687199996 4.610423380000043),TIMIZA
2014,SENADO,SANTA MARIA DE KENNEDY,38,KENNEDY,-74.17647344399995,4.622501831000022,POINT (-74.17647344399995 4.622501831000022),GRAN BRITALIA
2014,SENADO,SANTA MARTA DE PASTRANA,77,KENNEDY,-74.1588714543584,4.61762770243009,POINT (-74.1588714543584 4.61762770243009),KENNEDY CENTRAL
2014,SENADO,SUMAPAZ,22,KENNEDY,-74.13942372424493,4.616088238562626,POINT (-74.13942372424493 4.616088238562626),CARVAJAL
2014,SENADO,TIMIZA,127,KENNEDY,-74.1519461,4.6163963,POINT (-74.1519461 4.6163963),CARVAJAL
2014,SENADO,TINTAL CENTRAL,186,KENNEDY,-74.1671965,4.6508824,POINT (-74.1671965 4.6508824),CALANDAIMA
2014,SENADO,TINTALITO,33,KENNEDY,-74.17220865799999,4.634596462000047,POINT (-74.17220865799999 4.634596462000047),PATIO BONITO
2014,SENADO,VALLADOLID,22,KENNEDY,-74.1469673,4.6452938,POINT (-74.1469673 4.6452938),CASTILLA
2014,SENADO,VILLA ADRIANA,67,KENNEDY,-74.12908471199995,4.612923953000063,POINT (-74.12908471199995 4.612923953000063),AMERICAS
2014,SENADO,VILLA RICA,11,KENNEDY,-74.16641358299995,4.611437642000055,POINT (-74.16641358299995 4.611437642000055),TIMIZA
2014,SENADO,VILLANUEVA,40,KENNEDY,-74.14097588099997,4.603200021000021,POINT (-74.14097588099997 4.603200021000021),CARVAJAL
2014,SENADO,BATAVIA,40,FONTIBON,-74.15300324099996,4.682683578000024,POINT (-74.15300324099996 4.682683578000024),FONTIBON
2014,SENADO,BELEN,75,FONTIBON,-74.14731025499998,4.678433946000041,POINT (-74.14731025499998 4.678433946000041),FONTIBON
2014,SENADO,CENTRO A,50,FONTIBON,-74.124134,4.6843237,POINT (-74.124134 4.6843237),CAPELLANIA
2014,SENADO,FONTIBON,266,FONTIBON,-74.14450537799996,4.67263517300006,POINT (-74.14450537799996 4.67263517300006),FONTIBON
2014,SENADO,HAYUELOS C.C,210,FONTIBON,-74.13073381358372,4.663383551784669,POINT (-74.13073381358372 4.663383551784669),GRANJAS DE TECHO
2014,SENADO,LA ESPERANZA,235,FONTIBON,-74.20536969899996,4.609695983000051,POINT (-74.20536969899996 4.609695983000051),BOSA CENTRAL
2014,SENADO,COLEGIO LA GIRALDA,81,FONTIBON,-74.14173478999999,4.681725344000029,POINT (-74.14173478999999 4.681725344000029),FONTIBON
2014,SENADO,LA LAGUNA,66,FONTIBON,-74.14939245199997,4.672245606000047,POINT (-74.14939245199997 4.672245606000047),FONTIBON
2014,SENADO,MODELIA SUR,369,FONTIBON,-74.11924086099998,4.670049755000036,POINT (-74.11924086099998 4.670049755000036),MODELIA
2014,SENADO,LA PRADERA,36,FONTIBON,-74.12182556299996,4.623994109000023,POINT (-74.12182556299996 4.623994109000023),SAN RAFAEL
2014,SENADO,PUENTE GRANDE,14,FONTIBON,-74.16811639799994,4.697663889000069,POINT (-74.16811639799994 4.697663889000069),FONTIBON SAN PABLO
2014,SENADO,PUERTA DE TEJA,27,FONTIBON,-74.12699896,4.682179560000066,POINT (-74.12699896 4.682179560000066),CAPELLANIA
2014,SENADO,SAN PABLO LA PERLA,27,FONTIBON,-74.15887107399993,4.688993233000076,POINT (-74.15887107399993 4.688993233000076),FONTIBON SAN PABLO
2014,SENADO,SANTA CECILIA - MODELIA,143,FONTIBON,-74.12063458499995,4.671957665000036,POINT (-74.12063458499995 4.671957665000036),MODELIA
2014,SENADO,SAUZALITO CARLOS LLERAS,463,FONTIBON,-74.11116312152735,4.658984334694457,POINT (-74.11116312152735 4.658984334694457),CIUDAD SALITRE OCCIDENTAL
2014,SENADO,VERACRUZ,92,FONTIBON,-74.13770941799999,4.679446399000028,POINT (-74.13770941799999 4.679446399000028),FONTIBON
2014,SENADO,VERSALLES,106,FONTIBON,-74.14523521799998,4.686837268000033,POINT (-74.14523521799998 4.686837268000033),FONTIBON
2014,SENADO,VILLEMAR,98,FONTIBON,-74.13918465199998,4.672594228000037,POINT (-74.13918465199998 4.672594228000037),FONTIBON
2014,SENADO,ZONA FRANCA,87,FONTIBON,-74.15965763099996,4.671739569000067,POINT (-74.15965763099996 4.671739569000067),ZONA FRANCA
2014,SENADO,BACHUE,127,ENGATIVA,-74.10182822499996,4.718635634000066,POINT (-74.10182822499996 4.718635634000066),MINUTO DE DIOS
2014,SENADO,BACHUE II - BOCHICA I,99,ENGATIVA,-74.10589612699994,4.712395776000051,POINT (-74.10589612699994 4.712395776000051),MINUTO DE DIOS
2014,SENADO,BOCHICA,168,ENGATIVA,-74.11216229099995,4.710570740000037,POINT (-74.11216229099995 4.710570740000037),BOLIVIA
2014,SENADO,BONANZA,110,ENGATIVA,-74.08685265499997,4.690132197000025,POINT (-74.08685265499997 4.690132197000025),LAS FERIAS
2014,SENADO,BOSQUE POPULAR,82,ENGATIVA,-74.09538260399995,4.668805920000068,POINT (-74.09538260399995 4.668805920000068),LAS FERIAS
2014,SENADO,BOYACA,116,ENGATIVA,-74.09952889199997,4.68813907200007,POINT (-74.09952889199997 4.68813907200007),BOYACA REAL
2014,SENADO,CIUDAD DE HONDA,20,ENGATIVA,-74.09349927999995,4.67293255900006,POINT (-74.09349927999995 4.67293255900006),LAS FERIAS
2014,SENADO,CIUDADELA COLSUBSIDIO,543,ENGATIVA,-74.11391557099995,4.720811409000021,POINT (-74.11391557099995 4.720811409000021),BOLIVIA
2014,SENADO,EL CORTIJO,312,ENGATIVA,-74.12238073899994,4.725671602000034,POINT (-74.12238073899994 4.725671602000034),BOLIVIA
2014,SENADO,EL GUALI,66,ENGATIVA,-74.09435405699998,4.671215577000055,POINT (-74.09435405699998 4.671215577000055),LAS FERIAS
2014,SENADO,EL LUJAN,148,ENGATIVA,-74.10148869699998,4.678894774000071,POINT (-74.10148869699998 4.678894774000071),SANTA CECILIA
2014,SENADO,EL MORISCO,44,ENGATIVA,-74.09038497199998,4.70515559100005,POINT (-74.09038497199998 4.70515559100005),MINUTO DE DIOS
2014,SENADO,EL MUELLE,70,ENGATIVA,-74.12521383799998,4.700289142000031,POINT (-74.12521383799998 4.700289142000031),ENGATIVA
2014,SENADO,ENGATIVA,118,ENGATIVA,-74.14095824099996,4.716288231000021,POINT (-74.14095824099996 4.716288231000021),ENGATIVA
2014,SENADO,FERIAS II,37,ENGATIVA,-74.08190081299995,4.686961488000065,POINT (-74.08190081299995 4.686961488000065),LAS FERIAS
2014,SENADO,FLORENCIA,70,ENGATIVA,-74.10526331599993,4.69956810900004,POINT (-74.10526331599993 4.69956810900004),BOYACA REAL
2014,SENADO,GARCES NAVAS,117,ENGATIVA,-74.12207204399994,4.711136510000074,POINT (-74.12207204399994 4.711136510000074),GARCES NAVAS
2014,SENADO,LA CABAÑA,42,ENGATIVA,-74.10219663,4.674296156000025,POINT (-74.10219663 4.674296156000025),LAS FERIAS
2014,SENADO,LA ESPAÑOLA,108,ENGATIVA,-74.09653854899994,4.703375863000076,POINT (-74.09653854899994 4.703375863000076),MINUTO DE DIOS
2014,SENADO,LA ESTRADA,105,ENGATIVA,-74.09152579599998,4.678782291000061,POINT (-74.09152579599998 4.678782291000061),LAS FERIAS
2014,SENADO,LA ESTRADITA,96,ENGATIVA,-74.09156636099993,4.677421343000049,POINT (-74.09156636099993 4.677421343000049),LAS FERIAS
2014,SENADO,LA EUROPA,76,ENGATIVA,-74.09357475199994,4.683808993000071,POINT (-74.09357475199994 4.683808993000071),LAS FERIAS
2014,SENADO,LA FLORIDA,34,ENGATIVA,-74.11058796699996,4.692899556000043,POINT (-74.11058796699996 4.692899556000043),BOYACA REAL
2014,SENADO,LA GRANJA,67,ENGATIVA,-74.10180744699994,4.698713442000042,POINT (-74.10180744699994 4.698713442000042),BOYACA REAL
2014,SENADO,LA SALINA,123,ENGATIVA,-74.11402123399995,4.697956262000048,POINT (-74.11402123399995 4.697956262000048),BOYACA REAL
2014,SENADO,LA SERENA,71,ENGATIVA,-74.09499903299997,4.708631876000027,POINT (-74.09499903299997 4.708631876000027),MINUTO DE DIOS
2014,SENADO,LAS FERIAS,73,ENGATIVA,-74.08716271499998,4.68068259000006,POINT (-74.08716271499998 4.68068259000006),LAS FERIAS
2014,SENADO,LOS ALAMOS,104,ENGATIVA,-74.11978794899994,4.69570563000002,POINT (-74.11978794899994 4.69570563000002),ALAMOS
2014,SENADO,LOS ALAMOS NORTE,212,ENGATIVA,-74.11737052299998,4.710317149000048,POINT (-74.11737052299998 4.710317149000048),GARCES NAVAS
2014,SENADO,LOS CEREZOS,35,ENGATIVA,-74.10015043799996,4.706390361000047,POINT (-74.10015043799996 4.706390361000047),MINUTO DE DIOS
2014,SENADO,MINUTO DE DIOS,225,ENGATIVA,-74.09033767699998,4.698129252000058,POINT (-74.09033767699998 4.698129252000058),MINUTO DE DIOS
2014,SENADO,MORTIÑO,14,ENGATIVA,-74.12370081099994,4.713081742000043,POINT (-74.12370081099994 4.713081742000043),GARCES NAVAS
2014,SENADO,NORMANDIA,229,ENGATIVA,-74.10790265099996,4.661957395000059,POINT (-74.10790265099996 4.661957395000059),JARDIN BOTANICO
2014,SENADO,PLAZUELAS DEL VIRREY,78,ENGATIVA,-74.12330064799994,4.704557273000034,POINT (-74.12330064799994 4.704557273000034),GARCES NAVAS
2014,SENADO,QUIRIGUA,169,ENGATIVA,-74.10385843999995,4.707612070000039,POINT (-74.10385843999995 4.707612070000039),MINUTO DE DIOS
2014,SENADO,QUIRIGUA (PLAZA DE MERCADO),74,ENGATIVA,-74.09834882399997,4.712708186000043,POINT (-74.09834882399997 4.712708186000043),MINUTO DE DIOS
2014,SENADO,SAN IGNACIO,29,ENGATIVA,-74.11170781499999,4.673938038000074,POINT (-74.11170781499999 4.673938038000074),SANTA CECILIA
2014,SENADO,SAN MARCOS,120,ENGATIVA,-74.10397213399995,4.685961514000041,POINT (-74.10397213399995 4.685961514000041),BOYACA REAL
2014,SENADO,SANTA CECILIA,69,ENGATIVA,-74.11305605299998,4.677248620000057,POINT (-74.11305605299998 4.677248620000057),SANTA CECILIA
2014,SENADO,SANTA HELENITA,106,ENGATIVA,-74.10337860899995,4.688928773000043,POINT (-74.10337860899995 4.688928773000043),BOYACA REAL
2014,SENADO,SANTA ROSITA,116,ENGATIVA,-74.10789106199996,4.701727638000023,POINT (-74.10789106199996 4.701727638000023),BOYACA REAL
2014,SENADO,STA. MARIA DEL LAGO,116,ENGATIVA,-74.09470131699999,4.691661443000044,POINT (-74.09470131699999 4.691661443000044),BOYACA REAL
2014,SENADO,TABORA,87,ENGATIVA,-74.09808773399999,4.693789436000031,POINT (-74.09808773399999 4.693789436000031),BOYACA REAL
2014,SENADO,TISQUESUSA,38,ENGATIVA,-74.09468949399997,4.702307462000022,POINT (-74.09468949399997 4.702307462000022),MINUTO DE DIOS
2014,SENADO,VILLA AMALIA,62,ENGATIVA,-74.12630135199998,4.710598490000052,POINT (-74.12630135199998 4.710598490000052),GARCES NAVAS
2014,SENADO,VILLA CONSTANZA,18,ENGATIVA,-74.12846496099996,4.708291404000022,POINT (-74.12846496099996 4.708291404000022),ENGATIVA
2014,SENADO,VILLA GLADYS,62,ENGATIVA,-74.13430698299999,4.705067449000069,POINT (-74.13430698299999 4.705067449000069),ENGATIVA
2014,SENADO,VILLA LUZ,213,ENGATIVA,-74.10643212699995,4.68078184500007,POINT (-74.10643212699995 4.68078184500007),SANTA CECILIA
2014,SENADO,VILLAS DE GRANADA,254,ENGATIVA,-74.12971919999995,4.716057361000026,POINT (-74.12971919999995 4.716057361000026),GARCES NAVAS
2014,SENADO,ZARZAMORA,105,ENGATIVA,-74.10797802399998,4.696281935000059,POINT (-74.10797802399998 4.696281935000059),BOYACA REAL
2014,SENADO,AFIDRO LAS PALMAS,109,SUBA,-74.11182177313226,4.749902312601088,POINT (-74.11182177313226 4.749902312601088),TIBABUYES
2014,SENADO,SALON COMUNAL AURES II,151,SUBA,-74.10196150899998,4.733217357000058,POINT (-74.10196150899998 4.733217357000058),EL RINCON
2014,SENADO,BILBAO,65,SUBA,-74.0611733,4.7075322,POINT (-74.0611733 4.7075322),LA ALHAMBRA
2014,SENADO,BOSQUES DE SUBA,58,SUBA,-74.0796719,4.7270888,POINT (-74.0796719 4.7270888),NIZA
2014,SENADO,CENTRO COMERCIAL BULEVAR NIZA,939,SUBA,-74.071256,4.712328,POINT (-74.071256 4.712328),NIZA
2014,SENADO,CASABLANCA SUBA,39,SUBA,-74.0722159,4.7458817,POINT (-74.0722159 4.7458817),CASA BLANCA SUBA
2014,SENADO,CIUDADELA CAFAM,365,SUBA,-74.1035955,4.7468462,POINT (-74.1035955 4.7468462),EL RINCON
2014,SENADO,CIUDADELA NUEVA TIBABUYES,89,SUBA,-74.10660422064569,4.735692518145205,POINT (-74.10660422064569 4.735692518145205),TIBABUYES
2014,SENADO,COLINA CAMPESTRE,1164,SUBA,-74.061332,4.7337562,POINT (-74.061332 4.7337562),EL PRADO
2014,SENADO,EL RINCON,104,SUBA,-74.0896688,4.7250134,POINT (-74.0896688 4.7250134),EL RINCON
2014,SENADO,EXITO DE SUBA,110,SUBA,-74.09651857802918,4.748666754484772,POINT (-74.09651857802918 4.748666754484772),SUBA
2014,SENADO,GUAYMARAL,30,SUBA,-74.05497683616174,4.813443137744907,POINT (-74.05497683616174 4.813443137744907),GUAYMARAL
2014,SENADO,LA AGUADITA,7,SUBA,-74.0813027046065,4.71806369922045,POINT (-74.0813027046065 4.71806369922045),NIZA
2014,SENADO,LA ALHAMBRA,957,SUBA,-74.0609083,4.7026269,POINT (-74.0609083 4.7026269),LA ALHAMBRA
2014,SENADO,LA CONEJERA,2,SUBA,-74.07711754799993,4.759968361000062,POINT (-74.07711754799993 4.759968361000062),
2014,SENADO,LA FLORESTA NORTE,303,SUBA,-74.0735122,4.6929026,POINT (-74.0735122 4.6929026),LA FLORESTA
2014,SENADO,LA GAITANA,90,SUBA,-74.07245197899994,4.674229417000049,POINT (-74.07245197899994 4.674229417000049),DOCE DE OCTUBRE
2014,SENADO,LA TOSCANA,62,SUBA,-74.1152001,4.7443699,POINT (-74.1152001 4.7443699),TIBABUYES
2014,SENADO,LAS MERCEDES,17,SUBA,-74.08081979099995,4.569269680000048,POINT (-74.08081979099995 4.569269680000048),SAN BLAS
2014,SENADO,LISBOA,44,SUBA,-74.1229855,4.7429247,POINT (-74.1229855 4.7429247),TIBABUYES
2014,SENADO,MAZUREN,762,SUBA,-74.0499144,4.736319,POINT (-74.0499144 4.736319),EL PRADO
2014,SENADO,NIZA IX,186,SUBA,-74.06067303499998,4.713495869000042,POINT (-74.06067303499998 4.713495869000042),EL PRADO
2014,SENADO,NUEVA ZELANDIA,60,SUBA,-74.04953912599996,4.759085622000043,POINT (-74.04953912599996 4.759085622000043),SAN JOSE DE BAVARIA
2014,SENADO,PASADENA,466,SUBA,-74.0629801,4.6927092,POINT (-74.0629801 4.6927092),LA ALHAMBRA
2014,SENADO,PONTEVEDRA,374,SUBA,-74.07401792199994,4.695967249000034,POINT (-74.07401792199994 4.695967249000034),LA FLORESTA
2014,SENADO,PRADO CIUDAD JARDIN,104,SUBA,-74.06980868399995,4.719289007000043,POINT (-74.06980868399995 4.719289007000043),NIZA
2014,SENADO,PRADO PINZON,94,SUBA,-74.05738754199996,4.722990696000068,POINT (-74.05738754199996 4.722990696000068),EL PRADO
2014,SENADO,PRADO SUR,32,SUBA,-74.06435553799997,4.716510669000058,POINT (-74.06435553799997 4.716510669000058),NIZA
2014,SENADO,PRADO VERANIEGO,190,SUBA,-74.05417374199999,4.717159632000062,POINT (-74.05417374199999 4.717159632000062),EL PRADO
2014,SENADO,PUENTE LARGO,184,SUBA,-74.06476988001253,4.694589597179564,POINT (-74.06476988001253 4.694589597179564),LA ALHAMBRA
2014,SENADO,SAN BARTOLOME,109,SUBA,-74.0740146,4.7162099,POINT (-74.0740146 4.7162099),NIZA
2014,SENADO,SAN CIPRIANO,168,SUBA,-74.05503118599995,4.748629041000072,POINT (-74.05503118599995 4.748629041000072),BRITALIA
2014,SENADO,SAN LUIS,165,SUBA,-74.06726194899994,4.64830091400006,POINT (-74.06726194899994 4.64830091400006),GALERIAS
2014,SENADO,SAN NICOLAS,387,SUBA,-74.0603539,4.7640775,POINT (-74.0603539 4.7640775),SAN JOSE DE BAVARIA
2014,SENADO,SUBA,404,SUBA,-74.1137627,4.7399047,POINT (-74.1137627 4.7399047),TIBABUYES
2014,SENADO,TEJARES NORTE,325,SUBA,-74.05026994599996,4.762782869000034,POINT (-74.05026994599996 4.762782869000034),SAN JOSE DE BAVARIA
2014,SENADO,TIBABUYES,170,SUBA,-74.099281,4.7516348,POINT (-74.099281 4.7516348),SUBA
2014,SENADO,TIBABUYES UNIVERSAL,72,SUBA,-74.11057586699997,4.746231617000035,POINT (-74.11057586699997 4.746231617000035),TIBABUYES
2014,SENADO,UDCA - GUAYMARAL,16,SUBA,-74.04937821897461,4.801092475085889,POINT (-74.04937821897461 4.801092475085889),
2014,SENADO,VILLA DEL PRADO,573,SUBA,-74.0537779,4.7557424,POINT (-74.0537779 4.7557424),SAN JOSE DE BAVARIA
2014,SENADO,12 DE OCTUBRE,21,BARRIOS UNIDOS,-74.07335095099995,4.666941938000036,POINT (-74.07335095099995 4.666941938000036),LOS ALCAZARES
2014,SENADO,BENJAMIN HERRERA,38,BARRIOS UNIDOS,-74.07567930199997,4.652273764000029,POINT (-74.07567930199997 4.652273764000029),LOS ALCAZARES
2014,SENADO,COLOMBIA,36,BARRIOS UNIDOS,-74.06551906299995,4.657375872000046,POINT (-74.06551906299995 4.657375872000046),LOS ALCAZARES
2014,SENADO,ENTRE RIOS,137,BARRIOS UNIDOS,-74.07541461999995,4.680300152000029,POINT (-74.07541461999995 4.680300152000029),LOS ANDES
2014,SENADO,GAITAN,48,BARRIOS UNIDOS,-74.07245197899994,4.674229417000049,POINT (-74.07245197899994 4.674229417000049),DOCE DE OCTUBRE
2014,SENADO,JOSE JOAQUIN VARGAS,216,BARRIOS UNIDOS,-74.08314810399997,4.672682597000062,POINT (-74.08314810399997 4.672682597000062),DOCE DE OCTUBRE
2014,SENADO,LA CASTELLANA,234,BARRIOS UNIDOS,-74.06048851999998,4.682589826000026,POINT (-74.06048851999998 4.682589826000026),LOS ANDES
2014,SENADO,LA MUEQUETA,32,BARRIOS UNIDOS,-74.06936124999999,4.654475367000032,POINT (-74.06936124999999 4.654475367000032),LOS ALCAZARES
2014,SENADO,LA PAZ,22,BARRIOS UNIDOS,-74.07520913799993,4.660220166000045,POINT (-74.07520913799993 4.660220166000045),LOS ALCAZARES
2014,SENADO,LOS ALCAZARES,71,BARRIOS UNIDOS,-74.07035057899998,4.663748039000041,POINT (-74.07035057899998 4.663748039000041),LOS ALCAZARES
2014,SENADO,METROPOLIS,348,BARRIOS UNIDOS,-74.08229831399996,4.68054472700004,POINT (-74.08229831399996 4.68054472700004),DOCE DE OCTUBRE
2014,SENADO,PATRIA,28,BARRIOS UNIDOS,-74.06517255399996,4.679075652000051,POINT (-74.06517255399996 4.679075652000051),LOS ANDES
2014,SENADO,POLO CLUB,248,BARRIOS UNIDOS,-74.06070016599995,4.669161304000056,POINT (-74.06070016599995 4.669161304000056),LOS ALCAZARES
2014,SENADO,POPULAR MODELO,172,BARRIOS UNIDOS,-74.08165929299997,4.665450646000068,POINT (-74.08165929299997 4.665450646000068),DOCE DE OCTUBRE
2014,SENADO,RIONEGRO,143,BARRIOS UNIDOS,-74.06649724899995,4.684978809000029,POINT (-74.06649724899995 4.684978809000029),LOS ANDES
2014,SENADO,SAN FELIPE,45,BARRIOS UNIDOS,-74.06340934299999,4.666845969000065,POINT (-74.06340934299999 4.666845969000065),LOS ALCAZARES
2014,SENADO,SAN FERNANDO,70,BARRIOS UNIDOS,-74.07670481199995,4.672777722000035,POINT (-74.07670481199995 4.672777722000035),DOCE DE OCTUBRE
2014,SENADO,SANTA SOFIA,82,BARRIOS UNIDOS,-74.06707617899997,4.670677322000074,POINT (-74.06707617899997 4.670677322000074),LOS ALCAZARES
2014,SENADO,SIETE DE AGOSTO,78,BARRIOS UNIDOS,-74.07208126499995,4.654623555000057,POINT (-74.07208126499995 4.654623555000057),LOS ALCAZARES
2014,SENADO,SIMON BOLIVAR,85,BARRIOS UNIDOS,-74.08023466099996,4.675761623000028,POINT (-74.08023466099996 4.675761623000028),DOCE DE OCTUBRE
2014,SENADO,BELALCAZAR,62,TEUSAQUILLO,-74.078779,4.6413716,POINT (-74.078779 4.6413716),GALERIAS
2014,SENADO,CAFAM CALLE 51,84,TEUSAQUILLO,-74.06838478599997,4.639022793000038,POINT (-74.06838478599997 4.639022793000038),GALERIAS
2014,SENADO,CENTRO NARIÑO,87,TEUSAQUILLO,-74.09149145199996,4.628473686000063,POINT (-74.09149145199996 4.628473686000063),QUINTA PAREDES
2014,SENADO,CIUDAD SALITRE,314,TEUSAQUILLO,-74.10117280899993,4.648558778000051,POINT (-74.10117280899993 4.648558778000051),CIUDAD SALITRE ORIENTAL
2014,SENADO,COLEGIO AMERICANO,273,TEUSAQUILLO,-74.07409025699997,4.63431055500007,POINT (-74.07409025699997 4.63431055500007),TEUSAQUILLO
2014,SENADO,DIVINO SALVADOR,68,TEUSAQUILLO,-74.06639656599998,4.644427046000033,POINT (-74.06639656599998 4.644427046000033),GALERIAS
2014,SENADO,EL CAMPIN,59,TEUSAQUILLO,-74.07582905499999,4.649279934000049,POINT (-74.07582905499999 4.649279934000049),GALERIAS
2014,SENADO,EL SALITRE,74,TEUSAQUILLO,-74.10011001899994,4.655930620000049,POINT (-74.10011001899994 4.655930620000049),PARQUE SIMON BOLIVAR - CAN
2014,SENADO,LA ESMERALDA,117,TEUSAQUILLO,-74.09103470999997,4.647253998000053,POINT (-74.09103470999997 4.647253998000053),LA ESMERALDA
2014,SENADO,COLEGIO LA MAGDALENA,44,TEUSAQUILLO,-74.07105250499995,4.629350958000032,POINT (-74.07105250499995 4.629350958000032),TEUSAQUILLO
2014,SENADO,NICOLAS DE FEDERMAN,214,TEUSAQUILLO,-74.08198887899994,4.648238759000037,POINT (-74.08198887899994 4.648238759000037),LA ESMERALDA
2014,SENADO,PABLO VI,365,TEUSAQUILLO,-74.08685655099998,4.649792883000032,POINT (-74.08685655099998 4.649792883000032),LA ESMERALDA
2014,SENADO,PABLO VI II ETAPA,134,TEUSAQUILLO,-74.08881135499996,4.650771604000056,POINT (-74.08881135499996 4.650771604000056),LA ESMERALDA
2014,SENADO,PALERMO,280,TEUSAQUILLO,-74.07408780599997,4.638043201000073,POINT (-74.07408780599997 4.638043201000073),GALERIAS
2014,SENADO,QUINTA PAREDES  A,81,TEUSAQUILLO,-74.09153300899999,4.63617090300005,POINT (-74.09153300899999 4.63617090300005),PARQUE SIMON BOLIVAR - CAN
2014,SENADO,QUINTA PAREDES  A,168,TEUSAQUILLO,-74.09153300899999,4.63617090300005,POINT (-74.09153300899999 4.63617090300005),PARQUE SIMON BOLIVAR - CAN
2014,SENADO,RAFAEL NUÑEZ,121,TEUSAQUILLO,-74.09262937299997,4.644623938000052,POINT (-74.09262937299997 4.644623938000052),PARQUE SIMON BOLIVAR - CAN
2014,SENADO,RESIDENCIAS B.C.H.,88,TEUSAQUILLO,-74.08162454299998,4.629672908000032,POINT (-74.08162454299998 4.629672908000032),QUINTA PAREDES
2014,SENADO,SAN LUIS,70,TEUSAQUILLO,-74.06726194899994,4.64830091400006,POINT (-74.06726194899994 4.64830091400006),GALERIAS
2014,SENADO,SANTA TERESITA,54,TEUSAQUILLO,-74.06879445899995,4.634295929000075,POINT (-74.06879445899995 4.634295929000075),TEUSAQUILLO
2014,SENADO,TEUSAQUILLO,76,TEUSAQUILLO,-74.07273435499997,4.621280332000026,POINT (-74.07273435499997 4.621280332000026),TEUSAQUILLO
2014,SENADO,COLSEGUROS,120,LOS MARTIRES,-74.08428456999997,4.621698653000067,POINT (-74.08428456999997 4.621698653000067),LA SABANA
2014,SENADO,EDUARDO SANTOS,54,LOS MARTIRES,-74.09333049699995,4.594339241000057,POINT (-74.09333049699995 4.594339241000057),SANTA ISABEL
2014,SENADO,EL VERGEL,43,LOS MARTIRES,-74.09426546999998,4.596321872000033,POINT (-74.09426546999998 4.596321872000033),SANTA ISABEL
2014,SENADO,ESTACION DE LA SABANA,20,LOS MARTIRES,-74.08335137199998,4.607028938000042,POINT (-74.08335137199998 4.607028938000042),LA SABANA
2014,SENADO,LA ESTANZUELA,41,LOS MARTIRES,-74.08590318299997,4.605598632000067,POINT (-74.08590318299997 4.605598632000067),LA SABANA
2014,SENADO,RICAURTE,61,LOS MARTIRES,-74.09447962199994,4.610112401000038,POINT (-74.09447962199994 4.610112401000038),LA SABANA
2014,SENADO,SAMPER MENDOZA,39,LOS MARTIRES,-74.08305313799997,4.61837266200007,POINT (-74.08305313799997 4.61837266200007),LA SABANA
2014,SENADO,SAN FASON,30,LOS MARTIRES,-74.08133885899997,4.612162252000076,POINT (-74.08133885899997 4.612162252000076),LA SABANA
2014,SENADO,SANTA FE,49,LOS MARTIRES,-74.07940438199995,4.61516279500006,POINT (-74.07940438199995 4.61516279500006),LA SABANA
2014,SENADO,SALON COMUNAL SANTA ISABEL,148,LOS MARTIRES,-74.10290328699995,4.599747278000052,POINT (-74.10290328699995 4.599747278000052),SANTA ISABEL
2014,SENADO,SALON COMUNAL VERAGUAS,44,LOS MARTIRES,-74.10320906899994,4.606667879000042,POINT (-74.10320906899994 4.606667879000042),CIUDAD MONTES
2014,SENADO,CIUDAD BERNA,58,ANTONIO NARINO,-74.09353678399998,4.586132712000051,POINT (-74.09353678399998 4.586132712000051),CIUDAD JARDIN
2014,SENADO,CIUDAD JARDIN,159,ANTONIO NARINO,-74.09646507499997,4.582211686000051,POINT (-74.09646507499997 4.582211686000051),CIUDAD JARDIN
2014,SENADO,LA FRAGUA,41,ANTONIO NARINO,-74.10444052099996,4.594286364000027,POINT (-74.10444052099996 4.594286364000027),RESTREPO
2014,SENADO,LA FRAGUITA,42,ANTONIO NARINO,-74.09889760699997,4.591921058000025,POINT (-74.09889760699997 4.591921058000025),RESTREPO
2014,SENADO,LUNA PARK,32,ANTONIO NARINO,-74.09726188799993,4.587194525000029,POINT (-74.09726188799993 4.587194525000029),RESTREPO
2014,SENADO,POLICARPA,35,ANTONIO NARINO,-74.08822097599995,4.586603001000071,POINT (-74.08822097599995 4.586603001000071),CIUDAD JARDIN
2014,SENADO,RESTREPO A,85,ANTONIO NARINO,-74.09690012899995,4.585244524000075,POINT (-74.09690012899995 4.585244524000075),RESTREPO
2014,SENADO,RESTREPO A,111,ANTONIO NARINO,-74.09690012899995,4.585244524000075,POINT (-74.09690012899995 4.585244524000075),RESTREPO
2014,SENADO,SALÓN COMUNAL SAN ANTONIO SUR,86,ANTONIO NARINO,-74.09567293699996,4.590876381000044,POINT (-74.09567293699996 4.590876381000044),RESTREPO
2014,SENADO,SANTANDER,16,ANTONIO NARINO,-74.11035550799994,4.589816232000032,POINT (-74.11035550799994 4.589816232000032),RESTREPO
2014,SENADO,SANTANDER SUR,35,ANTONIO NARINO,-74.11432248699998,4.590989214000047,POINT (-74.11432248699998 4.590989214000047),RESTREPO
2014,SENADO,SENA,65,ANTONIO NARINO,-74.11194131099995,4.595189787000038,POINT (-74.11194131099995 4.595189787000038),RESTREPO
2014,SENADO,SALON COMUNAL VILLA MAYOR,119,ANTONIO NARINO,-74.11921227799996,4.592108652000036,POINT (-74.11921227799996 4.592108652000036),RESTREPO
2014,SENADO,ALCALA,55,PUENTE ARANDA,-74.12717777899996,4.601979993000043,POINT (-74.12717777899996 4.601979993000043),MUZU
2014,SENADO,CASAVIANCA,15,CIUDAD BOLIVAR,-74.18273609599999,4.59551443700002,POINT (-74.18273609599999 4.59551443700002),ISMAEL PERDOMO
2014,SENADO,CARRERA CENTRO COMERCIAL,9,PUENTE ARANDA,-74.10792934599993,4.626474202000054,POINT (-74.10792934599993 4.626474202000054),SAN RAFAEL
2014,SENADO,CIUDAD MONTES,130,PUENTE ARANDA,-74.12029330099995,4.606158372000039,POINT (-74.12029330099995 4.606158372000039),CIUDAD MONTES
2014,SENADO,COLON,251,PUENTE ARANDA,-74.11942847599994,4.620190372000025,POINT (-74.11942847599994 4.620190372000025),SAN RAFAEL
2014,SENADO,CUNDINAMARCA,10,PUENTE ARANDA,-74.08933231699996,4.622689935000039,POINT (-74.08933231699996 4.622689935000039),ZONA INDUSTRIAL
2014,SENADO,DELICIAS MUZU,81,PUENTE ARANDA,-74.13043865899994,4.599249684000029,POINT (-74.13043865899994 4.599249684000029),MUZU
2014,SENADO,EL JAZMIN,84,PUENTE ARANDA,-74.11487267199993,4.609959443000037,POINT (-74.11487267199993 4.609959443000037),CIUDAD MONTES
2014,SENADO,EL TEJAR,105,PUENTE ARANDA,-74.12752014499995,4.60858481300005,POINT (-74.12752014499995 4.60858481300005),CIUDAD MONTES
2014,SENADO,GALAN,95,PUENTE ARANDA,-74.1224756299999,4.617260904000034,POINT (-74.1224756299999 4.617260904000034),SAN RAFAEL
2014,SENADO,LA ASUNCION,71,PUENTE ARANDA,-74.10681926199999,4.602694444000065,POINT (-74.10681926199999 4.602694444000065),CIUDAD MONTES
2014,SENADO,LA PONDEROSA,110,PUENTE ARANDA,-74.11908075799994,4.611495329000036,POINT (-74.11908075799994 4.611495329000036),CIUDAD MONTES
2014,SENADO,LA PRADERA,42,PUENTE ARANDA,-74.12182556299996,4.623994109000023,POINT (-74.12182556299996 4.623994109000023),SAN RAFAEL
2014,SENADO,LA PRIMAVERA,118,PUENTE ARANDA,-74.10939312699998,4.615518683000062,POINT (-74.10939312699998 4.615518683000062),CIUDAD MONTES
2014,SENADO,LA TRINIDAD,51,PUENTE ARANDA,-74.11704188499994,4.626988280000035,POINT (-74.11704188499994 4.626988280000035),SAN RAFAEL
2014,SENADO,LOS SAUCES,79,PUENTE ARANDA,-74.11885339399998,4.596838563000063,POINT (-74.11885339399998 4.596838563000063),MUZU
2014,SENADO,MILENTA,98,PUENTE ARANDA,-74.12565622599993,4.609531985000046,POINT (-74.12565622599993 4.609531985000046),CIUDAD MONTES
2014,SENADO,PUENTE ARANDA,18,PUENTE ARANDA,-74.10888560299998,4.632026551000024,POINT (-74.10888560299998 4.632026551000024),PUENTE ARANDA
2014,SENADO,SALAZAR GOMEZ,35,PUENTE ARANDA,-74.11809821699995,4.63356439000006,POINT (-74.11809821699995 4.63356439000006),PUENTE ARANDA
2014,SENADO,SAN FRANCISCO,34,PUENTE ARANDA,-74.14905784799998,4.563622939000027,POINT (-74.14905784799998 4.563622939000027),SAN FRANCISCO
2014,SENADO,SAN RAFAEL,71,PUENTE ARANDA,-74.11365582799993,4.619919495000033,POINT (-74.11365582799993 4.619919495000033),SAN RAFAEL
2014,SENADO,SAN ANDRESITO,7,PUENTE ARANDA,-74.10142829999995,4.616956959000049,POINT (-74.10142829999995 4.616956959000049),ZONA INDUSTRIAL
2014,SENADO,SANTA MATILDE,125,PUENTE ARANDA,-74.10943884399995,4.603050434000068,POINT (-74.10943884399995 4.603050434000068),CIUDAD MONTES
2014,SENADO,SANTA RITA,158,PUENTE ARANDA,-74.12372762999996,4.59804774600002,POINT (-74.12372762999996 4.59804774600002),MUZU
2014,SENADO,VERAGUAS CENTRAL,141,PUENTE ARANDA,-74.1010332,4.6068443,POINT (-74.1010332 4.6068443),CIUDAD MONTES
2014,SENADO,VILLA SONIA,68,PUENTE ARANDA,-74.1286128,4.5954515,POINT (-74.1286128 4.5954515),MUZU
2014,SENADO,ALCALDIA MAYOR,105,LA CANDELARIA,-74.0765547,4.598426,POINT (-74.0765547 4.598426),LA CANDELARIA
2014,SENADO,CTRO DE SERVICIOS NVA SANTA F,32,LA CANDELARIA,-74.07441866496362,4.592544151260542,POINT (-74.07441866496362 4.592544151260542),LA CANDELARIA
2014,SENADO,LA CONCORDIA,47,LA CANDELARIA,-74.06917663199994,4.598773004000066,POINT (-74.06917663199994 4.598773004000066),LA CANDELARIA
2014,SENADO,BRAVO PAEZ,37,RAFAEL URIBE URIBE,-74.12037854099998,4.584800500000028,POINT (-74.12037854099998 4.584800500000028),QUIROGA
2014,SENADO,CENTENARIO,43,RAFAEL URIBE URIBE,-74.11268452199994,4.584835381000062,POINT (-74.11268452199994 4.584835381000062),QUIROGA
2014,SENADO,CIUDAD BOCHICA SUR,46,RAFAEL URIBE URIBE,-74.1121338199999,4.557649002000062,POINT (-74.1121338199999 4.557649002000062),MARRUECOS
2014,SENADO,CLARET,70,RAFAEL URIBE URIBE,-74.12841806999995,4.583001399000068,POINT (-74.12841806999995 4.583001399000068),QUIROGA
2014,SENADO,COUNTRY SUR,93,RAFAEL URIBE URIBE,-74.10245540999995,4.568172990000051,POINT (-74.10245540999995 4.568172990000051),SAN JOSE
2014,SENADO,EL SOCORRO SUR,15,RAFAEL URIBE URIBE,-74.12448237099994,4.564808620000065,POINT (-74.12448237099994 4.564808620000065),MARRUECOS
2014,SENADO,GRANJAS DE SAN PABLO,28,RAFAEL URIBE URIBE,-74.11613731499995,4.571512927000072,POINT (-74.11613731499995 4.571512927000072),MARCO FIDEL SUAREZ
2014,SENADO,GUSTAVO RESTREPO,84,RAFAEL URIBE URIBE,-74.10616393599997,4.575755499000024,POINT (-74.10616393599997 4.575755499000024),SAN JOSE
2014,SENADO,INGLES,56,RAFAEL URIBE URIBE,-74.12341538999993,4.583322852000038,POINT (-74.12341538999993 4.583322852000038),QUIROGA
2014,SENADO,LA MARQUEZA,11,RAFAEL URIBE URIBE,-74.106957,4.543018,POINT (-74.106957 4.543018),DIANA TURBAY
2014,SENADO,LA PAZ,10,RAFAEL URIBE URIBE,-74.07520913799993,4.660220166000045,POINT (-74.07520913799993 4.660220166000045),LOS ALCAZARES
2014,SENADO,LAS COLINAS,9,RAFAEL URIBE URIBE,-74.11286773499995,4.574369309000076,POINT (-74.11286773499995 4.574369309000076),MARCO FIDEL SUAREZ
2014,SENADO,LAS LOMAS,12,RAFAEL URIBE URIBE,-74.10835908299998,4.564671512000075,POINT (-74.10835908299998 4.564671512000075),MARCO FIDEL SUAREZ
2014,SENADO,LIBERTADOR II,30,RAFAEL URIBE URIBE,-74.11613920499997,4.584036610000055,POINT (-74.11613920499997 4.584036610000055),QUIROGA
2014,SENADO,LOS MOLINOS II SECTOR,38,RAFAEL URIBE URIBE,-74.10769519599995,4.55358904600007,POINT (-74.10769519599995 4.55358904600007),MARRUECOS
2014,SENADO,MARCO FIDEL SUAREZ,34,RAFAEL URIBE URIBE,-74.12201370999998,4.568143763000023,POINT (-74.12201370999998 4.568143763000023),MARCO FIDEL SUAREZ
2014,SENADO,MARCO FIDEL SUAREZ,21,RAFAEL URIBE URIBE,-74.12201370999998,4.568143763000023,POINT (-74.12201370999998 4.568143763000023),MARCO FIDEL SUAREZ
2014,SENADO,MARRUECOS APARTAMENTOS,37,RAFAEL URIBE URIBE,-74.11256656599994,4.554367677000073,POINT (-74.11256656599994 4.554367677000073),MARRUECOS
2014,SENADO,MIRADOR DE MARROCOS,3,RAFAEL URIBE URIBE,-74.11357177299993,4.557800496000027,POINT (-74.11357177299993 4.557800496000027),MARRUECOS
2014,SENADO,MOLINOS DEL SUR,110,RAFAEL URIBE URIBE,-74.11787294099997,4.555161542000064,POINT (-74.11787294099997 4.555161542000064),MARRUECOS
2014,SENADO,OLAYA,45,RAFAEL URIBE URIBE,-74.10905678999995,4.583496479000075,POINT (-74.10905678999995 4.583496479000075),QUIROGA
2014,SENADO,PALERMO SUR,17,RAFAEL URIBE URIBE,-74.10971793799996,4.543099721000033,POINT (-74.10971793799996 4.543099721000033),DIANA TURBAY
2014,SENADO,QUIROGA,35,RAFAEL URIBE URIBE,-74.11055171399994,4.579222339000069,POINT (-74.11055171399994 4.579222339000069),QUIROGA
2014,SENADO,QUIROGA,46,RAFAEL URIBE URIBE,-74.11055171399994,4.579222339000069,POINT (-74.11055171399994 4.579222339000069),QUIROGA
2014,SENADO,QUIROGA,95,RAFAEL URIBE URIBE,-74.11055171399994,4.579222339000069,POINT (-74.11055171399994 4.579222339000069),QUIROGA
2014,SENADO,RESURRECCION,11,RAFAEL URIBE URIBE,-74.10933182899998,4.56841423700007,POINT (-74.10933182899998 4.56841423700007),MARCO FIDEL SUAREZ
2014,SENADO,SAN AGUSTIN SUR,21,RAFAEL URIBE URIBE,-74.11336675299998,4.547747282000046,POINT (-74.11336675299998 4.547747282000046),DIANA TURBAY
2014,SENADO,SAN JORGE,41,RAFAEL URIBE URIBE,-74.12034817099999,4.571727375000023,POINT (-74.12034817099999 4.571727375000023),MARCO FIDEL SUAREZ
2014,SENADO,SAN JOSE,66,RAFAEL URIBE URIBE,-74.10269822499998,4.577056372000072,POINT (-74.10269822499998 4.577056372000072),SAN JOSE
2014,SENADO,SAN JUANITO,6,RAFAEL URIBE URIBE,-74.11959751699999,4.575572201000057,POINT (-74.11959751699999 4.575572201000057),MARCO FIDEL SUAREZ
2014,SENADO,SANTA LUCIA,38,RAFAEL URIBE URIBE,-74.12599363799995,4.577615822000041,POINT (-74.12599363799995 4.577615822000041),QUIROGA
2014,SENADO,VILLA MAYOR LA NUEVA,55,RAFAEL URIBE URIBE,-74.12704196399994,4.589394040000059,POINT (-74.12704196399994 4.589394040000059),QUIROGA
2014,SENADO,ALTOS DE JALISCO,3,CIUDAD BOLIVAR,-74.13929741599998,4.55577596400002,POINT (-74.13929741599998 4.55577596400002),LUCERO
2014,SENADO,ARBORIZADORA ALTA,17,CIUDAD BOLIVAR,-74.16372346699995,4.56785762700002,POINT (-74.16372346699995 4.56785762700002),JERUSALEM
2014,SENADO,BRISAS DEL VOLADOR,2,CIUDAD BOLIVAR,-74.15459903699997,4.54108558300004,POINT (-74.15459903699997 4.54108558300004),LUCERO
2014,SENADO,LA CANDELARIA LA NUEVA,106,CIUDAD BOLIVAR,-74.15287385199997,4.571103852000022,POINT (-74.15287385199997 4.571103852000022),SAN FRANCISCO
2014,SENADO,CARACOLI,3,CIUDAD BOLIVAR,-74.17131687999995,4.573011738000048,POINT (-74.17131687999995 4.573011738000048),ISMAEL PERDOMO
2014,SENADO,CASA GRANDE,22,CIUDAD BOLIVAR,-74.16021815799996,4.58154711100002,POINT (-74.16021815799996 4.58154711100002),ISMAEL PERDOMO
2014,SENADO,CASONA DEL LIBERTADOR,47,CIUDAD BOLIVAR,-74.15763600299994,4.579283381000039,POINT (-74.15763600299994 4.579283381000039),JERUSALEM
2014,SENADO,CORDILLERA,4,CIUDAD BOLIVAR,-74.14964727999995,4.539866762000031,POINT (-74.14964727999995 4.539866762000031),LUCERO
2014,SENADO,DIVINO NIÑO,1,CIUDAD BOLIVAR,-74.13810351699993,4.537809185000071,POINT (-74.13810351699993 4.537809185000071),EL TESORO
2014,SENADO,EL PARAISO,11,CIUDAD BOLIVAR,-74.15899211599998,4.552388765000046,POINT (-74.15899211599998 4.552388765000046),LUCERO
2014,SENADO,EL TESORO,8,CIUDAD BOLIVAR,-74.14944513799998,4.534972583000069,POINT (-74.14944513799998 4.534972583000069),EL TESORO
2014,SENADO,ESTRELLA DEL SUR,25,CIUDAD BOLIVAR,-74.14255463799998,4.54309905100007,POINT (-74.14255463799998 4.54309905100007),EL TESORO
2014,SENADO,GALICIA,58,CIUDAD BOLIVAR,-74.17067691899996,4.590999912000029,POINT (-74.17067691899996 4.590999912000029),ISMAEL PERDOMO
2014,SENADO,ISMAEL PERDOMO,113,CIUDAD BOLIVAR,-74.16541520099997,4.587222700000041,POINT (-74.16541520099997 4.587222700000041),ISMAEL PERDOMO
2014,SENADO,JERUSALEN (EL TANQUE),13,CIUDAD BOLIVAR,-74.16542993299998,4.571907094000039,POINT (-74.16542993299998 4.571907094000039),JERUSALEM
2014,SENADO,JUAN PABLO II,8,CIUDAD BOLIVAR,-74.14786307699995,4.555261993000045,POINT (-74.14786307699995 4.555261993000045),LUCERO
2014,SENADO,LA ACACIA,52,CIUDAD BOLIVAR,-74.14226652099995,4.560672141000055,POINT (-74.14226652099995 4.560672141000055),SAN FRANCISCO
2014,SENADO,LA ESTANCIA,70,CIUDAD BOLIVAR,-74.17636492499997,4.593077627000071,POINT (-74.17636492499997 4.593077627000071),ISMAEL PERDOMO
2014,SENADO,LUCERO DEL SUR,38,CIUDAD BOLIVAR,-74.13841960299999,4.550661156000047,POINT (-74.13841960299999 4.550661156000047),LUCERO
2014,SENADO,LUCERO MEDIO,19,CIUDAD BOLIVAR,-74.14561460299996,4.549026850000075,POINT (-74.14561460299996 4.549026850000075),LUCERO
2014,SENADO,MADELENA,89,CIUDAD BOLIVAR,-74.15838841199997,4.586369214000058,POINT (-74.15838841199997 4.586369214000058),ARBORIZADORA
2014,SENADO,MANUELA BELTRAN,17,CIUDAD BOLIVAR,-74.15747735099995,4.57256518600002,POINT (-74.15747735099995 4.57256518600002),JERUSALEM
2014,SENADO,MEISSEN,6,CIUDAD BOLIVAR,-74.13563345799997,4.556714753000051,POINT (-74.13563345799997 4.556714753000051),LUCERO
2014,SENADO,MEXICO,42,CIUDAD BOLIVAR,-74.13659954999997,4.555005582000035,POINT (-74.13659954999997 4.555005582000035),LUCERO
2014,SENADO,MOCHUELO ALTO,1,CIUDAD BOLIVAR,-74.14828891199994,4.488795608000032,POINT (-74.14828891199994 4.488795608000032),
2014,SENADO,MOCHUELO BAJO,4,CIUDAD BOLIVAR,-74.15202863899998,4.510414233000063,POINT (-74.15202863899998 4.510414233000063),
2014,SENADO,NUEVA ARGENTINA,8,CIUDAD BOLIVAR,-74.16226333099996,4.573266183000044,POINT (-74.16226333099996 4.573266183000044),JERUSALEM
2014,SENADO,PASQUILLA,4,CIUDAD BOLIVAR,-74.15583652,4.448451586000033,POINT (-74.15583652 4.448451586000033),
2014,SENADO,POTOSI (LA LAGUNA),9,CIUDAD BOLIVAR,-74.16954199599996,4.570871196000041,POINT (-74.16954199599996 4.570871196000041),JERUSALEM
2014,SENADO,SAN FRANCISCO,79,PUENTE ARANDA,-74.14905784799998,4.563622939000027,POINT (-74.14905784799998 4.563622939000027),SAN FRANCISCO
2014,SENADO,CEDRO GOLF,324,USAQUEN,-74.02642592299998,4.725494393000076,POINT (-74.02642592299998 4.725494393000076),LOS CEDROS
2014,SENADO,SANTO DOMINGO,5,CIUDAD BOLIVAR,-74.17893964099994,4.578844444000026,POINT (-74.17893964099994 4.578844444000026),ISMAEL PERDOMO
2014,SENADO,SIERRA MORENA,33,CIUDAD BOLIVAR,-74.16562389799998,4.577678521000053,POINT (-74.16562389799998 4.577678521000053),ISMAEL PERDOMO
2014,SENADO,SOTAVENTO,22,CIUDAD BOLIVAR,-74.13939966599997,4.544400308000036,POINT (-74.13939966599997 4.544400308000036),EL TESORO
2014,SENADO,VEREDA QUIBA,1,CIUDAD BOLIVAR,-74.16620634799995,4.52830381800004,POINT (-74.16620634799995 4.52830381800004),
2014,SENADO,VILLA GLORIA SUR,7,CIUDAD BOLIVAR,-74.15275059699997,4.553459471000053,POINT (-74.15275059699997 4.553459471000053),LUCERO
2014,SENADO,VISTAHERMOSA,20,CIUDAD BOLIVAR,-74.14905681699997,4.54710188100006,POINT (-74.14905681699997 4.54710188100006),LUCERO
2014,SENADO,ALQUERIA DE LA FRAGUA,57,KENNEDY,-74.1321490829876,4.6069947558269,POINT (-74.1321490829876 4.6069947558269),CARVAJAL
2014,SENADO,ALQUERIA,100,PUENTE ARANDA,-74.1345257,4.5943297,POINT (-74.1345257 4.5943297),MUZU
2014,SENADO,ANTIGUO COUNTRY PLAZOLETA CARULLA,476,CHAPINERO,-74.07001943899996,4.59294339500002,POINT (-74.07001943899996 4.59294339500002),LA CANDELARIA
2014,SENADO,ARBORIZADORA BAJA,56,CIUDAD BOLIVAR,-74.1499205179189,4.5743303249144,POINT (-74.1499205179189 4.5743303249144),ARBORIZADORA
2014,SENADO,BELLAVISTA SAN CRISTOBAL,25,SAN CRISTOBAL,-74.0884874,4.5509337,POINT (-74.0884874 4.5509337),SAN BLAS
2014,SENADO,BELLAVISTA USME,32,USME,-74.1068946159712,4.50556020641461,POINT (-74.1068946159712 4.50556020641461),COMUNEROS
2014,SENADO,COVIVIENDA DEL SUR ORIENTE,26,RAFAEL URIBE URIBE,-74.11013651099995,4.54753987600003,POINT (-74.11013651099995 4.54753987600003),DIANA TURBAY
2014,SENADO,EGIPTO,29,LA CANDELARIA,-74.07001943899996,4.59294339500002,POINT (-74.07001943899996 4.59294339500002),LA CANDELARIA
2014,SENADO,SAN BENITO ABAD,51,TUNJUELITO,-74.13704436299997,4.56659538100007,POINT (-74.13704436299997 4.56659538100007),TUNJUELITO
2014,SENADO,SAN JOAQUIN DEL VATICANO,9,CIUDAD BOLIVAR,-74.14493207799995,4.537077279000073,POINT (-74.14493207799995 4.537077279000073),EL TESORO
2019,ALCALDIA,PUESTO CENSO(FERIA EXPOSICION),13051,NACIONAL,-74.08994026099998,4.630369649000045,POINT (-74.08994026099998 4.630369649000045),QUINTA PAREDES
2019,ALCALDIA,12 DE OCTUBRE,701,BARRIOS UNIDOS,-74.07335095099995,4.666941938000036,POINT (-74.07335095099995 4.666941938000036),LOS ALCAZARES
2019,ALCALDIA,20 DE JULIO SEDE B,771,SAN CRISTOBAL,-74.09452945499999,4.571464270000035,POINT (-74.09452945499999 4.571464270000035),20 DE JULIO
2019,ALCALDIA,ABRAHAM LINCOLN,787,TUNJUELITO,-74.12380751399996,4.555324423000059,POINT (-74.12380751399996 4.555324423000059),TUNJUELITO
2019,ALCALDIA,ACEVEDO TEJADA,424,TEUSAQUILLO,-74.081239,4.629909,POINT (-74.081239 4.629909),QUINTA PAREDES
2019,ALCALDIA,ACUNAR,46,FONTIBON,-74.15744062799996,4.668003799000076,POINT (-74.15744062799996 4.668003799000076),ZONA FRANCA
2019,ALCALDIA,AGUAS CLARAS,144,SAN CRISTOBAL,-74.06739883899996,4.562157227000057,POINT (-74.06739883899996 4.562157227000057),
2019,ALCALDIA,ALCALA,1794,PUENTE ARANDA,-74.12717777899996,4.601979993000043,POINT (-74.12717777899996 4.601979993000043),MUZU
2019,ALCALDIA,ALCALA SEDE B,61,ENGATIVA,-74.09316965899995,4.681993065000029,POINT (-74.09316965899995 4.681993065000029),LAS FERIAS
2019,ALCALDIA,ALCALDIA LOCAL DE TUNJUELITO,137,TUNJUELITO,-74.1502016252573,4.5561236,POINT (-74.1502016252573 4.5561236),LUCERO
2019,ALCALDIA,ALCALDIA MAYOR,2041,LA CANDELARIA,-74.07650555699996,4.598427600000036,POINT (-74.07650555699996 4.598427600000036),LA CANDELARIA
2019,ALCALDIA,ALCALDIA PUENTE ARANDA,2286,PUENTE ARANDA,-74.10315106899998,4.605798811000057,POINT (-74.10315106899998 4.605798811000057),CIUDAD MONTES
2019,ALCALDIA,ALCALDIA QUIROGA,1963,RAFAEL URIBE URIBE,-74.11464625499997,4.580469759000039,POINT (-74.11464625499997 4.580469759000039),QUIROGA
2019,ALCALDIA,ALDEA LA PALMA,388,SUBA,-74.1502016252573,4.68939482250524,POINT (-74.1502016252573 4.68939482250524),FONTIBON SAN PABLO
2019,ALCALDIA,ALEJANDRO OBREGON GUSTAVO REST,1486,RAFAEL URIBE URIBE,-74.10885290599998,4.576491076000025,POINT (-74.10885290599998 4.576491076000025),SAN JOSE
2019,ALCALDIA,ALESSANDRO VOLTA,1056,USAQUEN,-74.02790711599994,4.694216801000039,POINT (-74.02790711599994 4.694216801000039),USAQUEN
2019,ALCALDIA,ALEXANDER FLEMING SAN JORGE,1338,RAFAEL URIBE URIBE,-74.12031361199996,4.571593551000035,POINT (-74.12031361199996 4.571593551000035),MARCO FIDEL SUAREZ
2019,ALCALDIA,ALFONSO LOPEZ,515,USME,-74.100862,4.497976,POINT (-74.100862 4.497976),ALFONSO LOPEZ
2019,ALCALDIA,ALIANZA QUIROGA,73,RAFAEL URIBE URIBE,-74.11728742799994,4.579603237000072,POINT (-74.11728742799994 4.579603237000072),QUIROGA
2019,ALCALDIA,ALMACEN METRO AUTOPISTA SUR,130,BOSA,-74.1664902662533,4.59725950473547,POINT (-74.1664902662533 4.59725950473547),APOGEO
2019,ALCALDIA,ALMACEN ÉXITO LA COLINA,4043,SUBA,-74.06607258999998,4.734711480000044,POINT (-74.06607258999998 4.734711480000044),CASA BLANCA SUBA
2019,ALCALDIA,ALMAZAN ENGATIVA,1454,ENGATIVA,-74.1345,4.7082,POINT (-74.1345 4.7082),ENGATIVA
2019,ALCALDIA,ALMENAR,1242,KENNEDY,-74.17039948099995,4.619730318000052,POINT (-74.17039948099995 4.619730318000052),GRAN BRITALIA
2019,ALCALDIA,ALMIRANTE PADILLA,2247,USME,-74.11190314099997,4.512266250000039,POINT (-74.11190314099997 4.512266250000039),GRAN YOMASA
2019,ALCALDIA,ALOHA,714,KENNEDY,-74.13324789799998,4.632901238000045,POINT (-74.13324789799998 4.632901238000045),BAVARIA
2019,ALCALDIA,CEDRO GOLF,3591,USAQUEN,-74.02642592299998,4.725494393000076,POINT (-74.02642592299998 4.725494393000076),LOS CEDROS
2019,ALCALDIA,ALTA BLANCA,630,USAQUEN,-74.028703,4.7342063,POINT (-74.028703 4.7342063),SAN CRISTOBAL NORTE
2019,ALCALDIA,ALTAMIRA,1885,SAN CRISTOBAL,-74.08484396199998,4.545385692000025,POINT (-74.08484396199998 4.545385692000025),LA GLORIA
2019,ALCALDIA,ALTOS DE JALISCO,265,CIUDAD BOLIVAR,-74.13929741599998,4.55577596400002,POINT (-74.13929741599998 4.55577596400002),LUCERO
2019,ALCALDIA,ALTOS DE LA ESTANCIA,46,CIUDAD BOLIVAR,-74.18192706699995,4.591730873000074,POINT (-74.18192706699995 4.591730873000074),ISMAEL PERDOMO
2019,ALCALDIA,ALTOS DE SAN ISIDRO,321,USAQUEN,-74.0244897,4.6696769,POINT (-74.0244897 4.6696769),SAN ISIDRO - PATIOS
2019,ALCALDIA,ANGLO AMERICANO,180,USAQUEN,-74.02898538599999,4.747961736000036,POINT (-74.02898538599999 4.747961736000036),LA URIBE
2019,ALCALDIA,ANTONIO RICAURTE,190,LOS MARTIRES,-74.09318330599996,4.605491684000071,POINT (-74.09318330599996 4.605491684000071),LA SABANA
2019,ALCALDIA,COLEGIO AQUILEO PARRA SEDE BACHILLERATO,3717,USAQUEN,-74.03911765199996,4.766259871000045,POINT (-74.03911765199996 4.766259871000045),VERBENAL
2019,ALCALDIA,ARBOLEDA SUR,988,SAN CRISTOBAL,-74.09111476899994,4.579195660000039,POINT (-74.09111476899994 4.579195660000039),SOSIEGO
2019,ALCALDIA,ARBORIZADORA ALTA,1515,CIUDAD BOLIVAR,-74.16372346699995,4.56785762700002,POINT (-74.16372346699995 4.56785762700002),JERUSALEM
2019,ALCALDIA,CHICO LICEO FRANCES LOUIS PASTEUR,5023,CIUDAD BOLIVAR,-74.04677355699994,4.666711980000059,POINT (-74.04677355699994 4.666711980000059),EL REFUGIO
2019,ALCALDIA,ARCHIVO DISTRITAL,1027,LA CANDELARIA,-74.07713534599998,4.591681989000051,POINT (-74.07713534599998 4.591681989000051),LA CANDELARIA
2019,ALCALDIA,ATAHUALPA,476,FONTIBON,-74.1483,4.6883,POINT (-74.1483 4.6883),FONTIBON
2019,ALCALDIA,ATALAYAS,1435,BOSA,-74.19283751099994,4.629344928000023,POINT (-74.19283751099994 4.629344928000023),BOSA OCCIDENTAL
2019,ALCALDIA,ATENAS,160,SAN CRISTOBAL,-74.09543434099999,4.556981773000075,POINT (-74.09543434099999 4.556981773000075),20 DE JULIO
2019,ALCALDIA,AUTONOMA DE COLOMBIA,114,LA CANDELARIA,-74.07209575499996,4.598427877000063,POINT (-74.07209575499996 4.598427877000063),LA CANDELARIA
2019,ALCALDIA,AUTOPISTA SUR,893,PUENTE ARANDA,-74.12678913099995,4.598533669000062,POINT (-74.12678913099995 4.598533669000062),MUZU
2019,ALCALDIA,AVENIDA BOYACA SUR,1805,KENNEDY,-74.1370055,4.5466035,POINT (-74.1370055 4.5466035),EL TESORO
2019,ALCALDIA,AGUSTINIANO SALITRE,3859,FONTIBON,-74.11353089899995,4.655439625000042,POINT (-74.11353089899995 4.655439625000042),CIUDAD SALITRE OCCIDENTAL
2019,ALCALDIA,BACHUE,2712,ENGATIVA,-74.10182822499996,4.718635634000066,POINT (-74.10182822499996 4.718635634000066),MINUTO DE DIOS
2019,ALCALDIA,BACHUE II - BOCHICA I,1999,ENGATIVA,-74.10589612699994,4.712395776000051,POINT (-74.10589612699994 4.712395776000051),MINUTO DE DIOS
2019,ALCALDIA,BALMORAL,31,CIUDAD BOLIVAR,-74.16167387499996,4.591654939000023,POINT (-74.16167387499996 4.591654939000023),ISMAEL PERDOMO
2019,ALCALDIA,BANDERAS,1505,KENNEDY,-74.1512936,4.6314084,POINT (-74.1512936 4.6314084),KENNEDY CENTRAL
2019,ALCALDIA,BARRANCAS,2718,USAQUEN,-74.0269239,4.7352201,POINT (-74.0269239 4.7352201),SAN CRISTOBAL NORTE
2019,ALCALDIA,BATAVIA,1130,FONTIBON,-74.15300324099996,4.682683578000024,POINT (-74.15300324099996 4.682683578000024),FONTIBON
2019,ALCALDIA,BAZAAR ALSACIA,2762,KENNEDY,-74.1287278983658,4.64573090662922,POINT (-74.1287278983658 4.64573090662922),BAVARIA
2019,ALCALDIA,BELALCAZAR,958,TEUSAQUILLO,-74.0778242622283,4.63747948783711,POINT (-74.0778242622283 4.63747948783711),GALERIAS
2019,ALCALDIA,BELEN,2117,FONTIBON,-74.14731025499998,4.678433946000041,POINT (-74.14731025499998 4.678433946000041),FONTIBON
2019,ALCALDIA,BELLA FLOR,108,CIUDAD BOLIVAR,-74.16173741799997,4.543303427000069,POINT (-74.16173741799997 4.543303427000069),LUCERO
2019,ALCALDIA,BELLO HORIZONTE,1599,SAN CRISTOBAL,-74.09247453299997,4.559956495000051,POINT (-74.09247453299997 4.559956495000051),20 DE JULIO
2019,ALCALDIA,BENJAMIN HERRERA,732,BARRIOS UNIDOS,-74.07567930199997,4.652273764000029,POINT (-74.07567930199997 4.652273764000029),LOS ALCAZARES
2019,ALCALDIA,BETANIA,238,SUMAPAZ,-74.14625838299997,4.21789529800003,POINT (-74.14625838299997 4.21789529800003),
2019,ALCALDIA,BETHLEMITAS-CALLE 65,212,CHAPINERO,-74.05779338299999,4.64885683600005,POINT (-74.05779338299999 4.64885683600005),PARDO RUBIO
2019,ALCALDIA,BIBLIOTECA DIST.ANTONIO NARIÑO,501,SANTA FE,-74.07827843555914,4.604774932009518,POINT (-74.07827843555914 4.604774932009518),LAS NIEVES
2019,ALCALDIA,COVIVIENDA DEL SUR ORIENTE,1203,RAFAEL URIBE URIBE,-74.11013651099995,4.54753987600003,POINT (-74.11013651099995 4.54753987600003),DIANA TURBAY
2019,ALCALDIA,BIBLIOTECA VIRGILIO BARCO,349,TEUSAQUILLO,-74.08867879899998,4.657094267000048,POINT (-74.08867879899998 4.657094267000048),PARQUE SIMON BOLIVAR - CAN
2019,ALCALDIA,BOCHICA,3881,ENGATIVA,-74.11216229099995,4.710570740000037,POINT (-74.11216229099995 4.710570740000037),BOLIVIA
2019,ALCALDIA,BOITA,1384,KENNEDY,-74.15258212699996,4.602362910000068,POINT (-74.15258212699996 4.602362910000068),TIMIZA
2019,ALCALDIA,BOLIVIA,1348,ENGATIVA,-74.108315,4.71982,POINT (-74.108315 4.71982),BOLIVIA
2019,ALCALDIA,BONANZA,2376,ENGATIVA,-74.08685265499997,4.690132197000025,POINT (-74.08685265499997 4.690132197000025),LAS FERIAS
2019,ALCALDIA,BONAVISTA,1000,CIUDAD BOLIVAR,-74.163333,4.586891,POINT (-74.163333 4.586891),ISMAEL PERDOMO
2019,ALCALDIA,BOSA,3410,BOSA,-74.18578013099994,4.611585041000069,POINT (-74.18578013099994 4.611585041000069),BOSA CENTRAL
2019,ALCALDIA,BOSA BRASILIA,2149,BOSA,-74.18158176899993,4.627958127000056,POINT (-74.18158176899993 4.627958127000056),BOSA OCCIDENTAL
2019,ALCALDIA,BOSA PAULO VI,1338,BOSA,-74.19443338699995,4.599350291000064,POINT (-74.19443338699995 4.599350291000064),BOSA CENTRAL
2019,ALCALDIA,BOSA SAN JOSE,929,BOSA,-74.20988606299994,4.613764418000073,POINT (-74.20988606299994 4.613764418000073),BOSA CENTRAL
2019,ALCALDIA,BOSANOVA,405,BOSA,-74.188373,4.622721,POINT (-74.188373 4.622721),BOSA OCCIDENTAL
2019,ALCALDIA,BOSQUE POPULAR,1683,ENGATIVA,-74.09538260399995,4.668805920000068,POINT (-74.09538260399995 4.668805920000068),LAS FERIAS
2019,ALCALDIA,BOSQUES DE SUBA,1379,SUBA,-74.0796719,4.7270888,POINT (-74.0796719 4.7270888),NIZA
2019,ALCALDIA,BOYACA,2347,ENGATIVA,-74.09952889199997,4.68813907200007,POINT (-74.09952889199997 4.68813907200007),BOYACA REAL
2019,ALCALDIA,BRASILIA,483,USME,-74.11643953199996,4.51760874100006,POINT (-74.11643953199996 4.51760874100006),GRAN YOMASA
2019,ALCALDIA,BRAVO PAEZ,865,RAFAEL URIBE URIBE,-74.12037854099998,4.584800500000028,POINT (-74.12037854099998 4.584800500000028),QUIROGA
2019,ALCALDIA,BRAZUELOS,90,USME,-74.11987399899994,4.49494885200005,POINT (-74.11987399899994 4.49494885200005),COMUNEROS
2019,ALCALDIA,BRISAS DEL VOLADOR,274,CIUDAD BOLIVAR,-74.15459903699997,4.54108558300004,POINT (-74.15459903699997 4.54108558300004),LUCERO
2019,ALCALDIA,BRITALIA,2222,KENNEDY,-74.17301132799997,4.625309595000033,POINT (-74.17301132799997 4.625309595000033),GRAN BRITALIA
2019,ALCALDIA,BUEN CONSEJO,589,USAQUEN,-74.04904849299999,4.689973843000075,POINT (-74.04904849299999 4.689973843000075),SANTA BARBARA
2019,ALCALDIA,BUENAVISTA,1381,USAQUEN,-74.02579167099998,4.766856689000065,POINT (-74.02579167099998 4.766856689000065),VERBENAL
2019,ALCALDIA,CABAÑAS,232,USME,-74.10794,4.509259,POINT (-74.10794 4.509259),GRAN YOMASA
2019,ALCALDIA,CACIQUE HYNTIBA,176,FONTIBON,-74.14514482499999,4.672996707000038,POINT (-74.14514482499999 4.672996707000038),FONTIBON
2019,ALCALDIA,CAFAM AV. 68,265,BARRIOS UNIDOS,-74.07401911699998,4.687277920000042,POINT (-74.07401911699998 4.687277920000042),LOS ANDES
2019,ALCALDIA,CAFAM CALLE 51,1565,TEUSAQUILLO,-74.06838478599997,4.639022793000038,POINT (-74.06838478599997 4.639022793000038),GALERIAS
2019,ALCALDIA,CAFAM SANTA LUCIA,34,RAFAEL URIBE URIBE,-74.118477,4.574716,POINT (-74.118477 4.574716),MARCO FIDEL SUAREZ
2019,ALCALDIA,CALAZANS,2752,USAQUEN,-74.0835480035212,4.61773074039558,POINT (-74.0835480035212 4.61773074039558),LA SABANA
2019,ALCALDIA,CAMILO TORRES,950,SANTA FE,-74.06658511799998,4.620288446000075,POINT (-74.06658511799998 4.620288446000075),SAGRADO CORAZON
2019,ALCALDIA,CAMPO BELLO,1224,KENNEDY,-74.17254201799994,4.645385855000029,POINT (-74.17254201799994 4.645385855000029),PATIO BONITO
2019,ALCALDIA,CAMPO VERDE - POTRERITOS,822,BOSA,-74.207959,4.622137,POINT (-74.207959 4.622137),TINTAL SUR
2019,ALCALDIA,CANADA GUIRA,410,SAN CRISTOBAL,-74.09879301299998,4.544384960000059,POINT (-74.09879301299998 4.544384960000059),LOS LIBERTADORES
2019,ALCALDIA,CANAIMA,710,USAQUEN,-74.04098847999995,4.772747019000064,POINT (-74.04098847999995 4.772747019000064),PASEO DE LOS LIBERTADORES
2019,ALCALDIA,LA CANDELARIA LA NUEVA,2965,CIUDAD BOLIVAR,-74.15287385199997,4.571103852000022,POINT (-74.15287385199997 4.571103852000022),SAN FRANCISCO
2019,ALCALDIA,LA CANDELARIA LA NUEVA DOS,1091,CIUDAD BOLIVAR,-74.15287385199997,4.571103852000022,POINT (-74.15287385199997 4.571103852000022),SAN FRANCISCO
2019,ALCALDIA,CARACOLI,309,CIUDAD BOLIVAR,-74.17131687999995,4.573011738000048,POINT (-74.17131687999995 4.573011738000048),ISMAEL PERDOMO
2019,ALCALDIA,CARBONELL,394,BOSA,-74.197716,4.599669,POINT (-74.197716 4.599669),BOSA CENTRAL
2019,ALCALDIA,CARDENAL SANCHA,567,USAQUEN,-74.05093978699995,4.709755998000048,POINT (-74.05093978699995 4.709755998000048),COUNTRY CLUB
2019,ALCALDIA,CARIMAGUA,2052,KENNEDY,-74.1456912,4.6114712,POINT (-74.1456912 4.6114712),CARVAJAL
2019,ALCALDIA,CARLOS ALBAN,2738,BOSA,-74.19756533399999,4.605714728000066,POINT (-74.19756533399999 4.605714728000066),BOSA CENTRAL
2019,ALCALDIA,CARLOS ARANGO VELEZ,181,KENNEDY,-74.13534321099996,4.607800367000038,POINT (-74.13534321099996 4.607800367000038),CARVAJAL
2019,ALCALDIA,CARLOS PIZARRO LEON GOMEZ,1446,BOSA,-74.20486502199998,4.635605660000067,POINT (-74.20486502199998 4.635605660000067),TINTAL SUR
2019,ALCALDIA,CARRERA CENTRO COMERCIAL,289,PUENTE ARANDA,-74.10792934599993,4.626474202000054,POINT (-74.10792934599993 4.626474202000054),SAN RAFAEL
2019,ALCALDIA,CARULLA 140,3012,USAQUEN,-74.03542254199994,4.719260864000034,POINT (-74.03542254199994 4.719260864000034),LOS CEDROS
2019,ALCALDIA,CARULLA RINCON DE LA COLINA,3231,SUBA,-74.06500450799996,4.740540441000064,POINT (-74.06500450799996 4.740540441000064),CASA BLANCA SUBA
2019,ALCALDIA,CASA COMUNAL CIUDAD JARDIN,201,ANTONIO NARINO,-74.09961816299995,4.580744905000074,POINT (-74.09961816299995 4.580744905000074),CIUDAD JARDIN
2019,ALCALDIA,CASA GRANDE,649,CIUDAD BOLIVAR,-74.16021815799996,4.58154711100002,POINT (-74.16021815799996 4.58154711100002),ISMAEL PERDOMO
2019,ALCALDIA,CASA LINDA TUNAL UNIDAD 2,561,CIUDAD BOLIVAR,-74.14470500199997,4.569139026000073,POINT (-74.14470500199997 4.569139026000073),ARBORIZADORA
2019,ALCALDIA,CASA PENSAMIENTO INTERCULTURAL,42,FONTIBON,-74.15174360399999,4.666352905000053,POINT (-74.15174360399999 4.666352905000053),ZONA FRANCA
2019,ALCALDIA,EGIPTO,1055,LA CANDELARIA,-74.07001943899996,4.59294339500002,POINT (-74.07001943899996 4.59294339500002),LA CANDELARIA
2019,ALCALDIA,CASONA DEL LIBERTADOR,2188,CIUDAD BOLIVAR,-74.15763600299994,4.579283381000039,POINT (-74.15763600299994 4.579283381000039),JERUSALEM
2019,ALCALDIA,POLIDEPORTIVO CASTILLA,3888,KENNEDY,-74.13941411199994,4.639782515000036,POINT (-74.13941411199994 4.639782515000036),CASTILLA
2019,ALCALDIA,CATALINA,1832,KENNEDY,-74.16898937599996,4.610011166000049,POINT (-74.16898937599996 4.610011166000049),TIMIZA
2019,ALCALDIA,CC GRAN PLAZA BOSA,698,BOSA,-74.18379218199993,4.605002732000059,POINT (-74.18379218199993 4.605002732000059),BOSA CENTRAL
2019,ALCALDIA,CC PARQUE LA COLINA,1059,SUBA,-74.06549087099995,4.732516249000071,POINT (-74.06549087099995 4.732516249000071),CASA BLANCA SUBA
2019,ALCALDIA,CC PORTOALEGRE,685,SUBA,-74.06481701799999,4.727719513000068,POINT (-74.06481701799999 4.727719513000068),NIZA
2019,ALCALDIA,CDC JULIO CESAR SANCHEZ,116,USME,-74.10917208899997,4.501102801000059,POINT (-74.10917208899997 4.501102801000059),COMUNEROS
2019,ALCALDIA,CEDID SAN PABLO,438,BOSA,-74.1876,4.5998,POINT (-74.1876 4.5998),BOSA CENTRAL
2019,ALCALDIA,CENTENARIO,1015,RAFAEL URIBE URIBE,-74.11268452199994,4.584835381000062,POINT (-74.11268452199994 4.584835381000062),QUIROGA
2019,ALCALDIA,CENTRAL QUIROGA,805,RAFAEL URIBE URIBE,-74.11908819699994,4.579885019000073,POINT (-74.11908819699994 4.579885019000073),QUIROGA
2019,ALCALDIA,CENTRO A,1337,FONTIBON,-74.14464347799998,4.670627619000072,POINT (-74.14464347799998 4.670627619000072),FONTIBON
2019,ALCALDIA,CENTRO COMERCIAL BULEVAR NIZA,5972,SUBA,-74.071256,4.712328,POINT (-74.071256 4.712328),NIZA
2019,ALCALDIA,CENTRO COMERCIAL CIUDAD TINTAL,1116,KENNEDY,-74.15974955799999,4.652774051000051,POINT (-74.15974955799999 4.652774051000051),TINTAL NORTE
2019,ALCALDIA,CENTRO COMERCIAL DE LA 93,1351,CHAPINERO,-74.05147766699997,4.67684229200006,POINT (-74.05147766699997 4.67684229200006),CHICO LAGO
2019,ALCALDIA,CENTRO COMERCIAL MAZUREN,5017,SUBA,-74.05005202099994,4.736490337000021,POINT (-74.05005202099994 4.736490337000021),EL PRADO
2019,ALCALDIA,CENTRO COMERCIAL PASEO SAN RAF,2624,SUBA,-74.06227484099998,4.723020992000045,POINT (-74.06227484099998 4.723020992000045),NIZA
2019,ALCALDIA,CENTRO COMERCIAL SANTAFE,1273,SUBA,-74.04545499099999,4.763219526000057,POINT (-74.04545499099999 4.763219526000057),SAN JOSE DE BAVARIA
2019,ALCALDIA,CENTRO COMERCIAL TINTAL PLAZA,796,KENNEDY,-74.15541178399997,4.641769221000061,POINT (-74.15541178399997 4.641769221000061),CALANDAIMA
2019,ALCALDIA,CENTRO CRECER,1800,LOS MARTIRES,-74.09769647399997,4.594708292000064,POINT (-74.09769647399997 4.594708292000064),SANTA ISABEL
2019,ALCALDIA,CENTRO DE MEMORIA,384,LOS MARTIRES,-74.07725251699998,4.618683373000067,POINT (-74.07725251699998 4.618683373000067),LA SABANA
2019,ALCALDIA,CENTRO DESARROLLO COMUNITARIO,786,KENNEDY,-74.0751994,4.5889339,POINT (-74.0751994 4.5889339),LOURDES
2019,ALCALDIA,CENTRO EDUCATIVO SCALAS,89,ENGATIVA,-74.10620783599995,4.690014812000072,POINT (-74.10620783599995 4.690014812000072),BOYACA REAL
2019,ALCALDIA,CENTRO NARIÑO,1130,TEUSAQUILLO,-74.09149145199996,4.628473686000063,POINT (-74.09149145199996 4.628473686000063),QUINTA PAREDES
2019,ALCALDIA,CENTRO ORIENTE,614,SANTA FE,-74.07394485299994,4.589504470000065,POINT (-74.07394485299994 4.589504470000065),LOURDES
2019,ALCALDIA,CHICO NORTE,3073,CHAPINERO,-74.04965463599996,4.685075567000069,POINT (-74.04965463599996 4.685075567000069),CHICO LAGO
2019,ALCALDIA,CHICO RESERVADO,2715,CHAPINERO,-74.04422465799996,4.679733713000076,POINT (-74.04422465799996 4.679733713000076),EL REFUGIO
2019,ALCALDIA,CHORRILLOS,30,SUBA,-74.091257,4.784889,POINT (-74.091257 4.784889),
2019,ALCALDIA,CHUNIZA,1742,USME,-74.11140449099997,4.505972765000024,POINT (-74.11140449099997 4.505972765000024),COMUNEROS
2019,ALCALDIA,CINCO DE NOVIEMBRE,131,ANTONIO NARINO,-74.12591339999994,4.59338139700003,POINT (-74.12591339999994 4.59338139700003),MUZU
2019,ALCALDIA,CIUDAD BERNA,1056,ANTONIO NARINO,-74.09353678399998,4.586132712000051,POINT (-74.09353678399998 4.586132712000051),CIUDAD JARDIN
2019,ALCALDIA,CIUDAD BOCHICA SUR,1924,RAFAEL URIBE URIBE,-74.1121338199999,4.557649002000062,POINT (-74.1121338199999 4.557649002000062),MARRUECOS
2019,ALCALDIA,CIUDAD DE HONDA,406,ENGATIVA,-74.09349927999995,4.67293255900006,POINT (-74.09349927999995 4.67293255900006),LAS FERIAS
2019,ALCALDIA,CIUDAD JARDIN,2436,ANTONIO NARINO,-74.09646507499997,4.582211686000051,POINT (-74.09646507499997 4.582211686000051),CIUDAD JARDIN
2019,ALCALDIA,CIUDAD MONTES,2258,PUENTE ARANDA,-74.12029330099995,4.606158372000039,POINT (-74.12029330099995 4.606158372000039),CIUDAD MONTES
2019,ALCALDIA,CIUDAD SALITRE,3154,TEUSAQUILLO,-74.10117280899993,4.648558778000051,POINT (-74.10117280899993 4.648558778000051),CIUDAD SALITRE ORIENTAL
2019,ALCALDIA,CIUDADELA COLSUBSIDIO,4685,ENGATIVA,-74.11391557099995,4.720811409000021,POINT (-74.11391557099995 4.720811409000021),BOLIVIA
2019,ALCALDIA,CIUDADELA EL PORVENIR,1502,BOSA,-74.18721154599996,4.64082972600005,POINT (-74.18721154599996 4.64082972600005),EL PORVENIR
2019,ALCALDIA,CLARET,1375,RAFAEL URIBE URIBE,-74.12841806999995,4.583001399000068,POINT (-74.12841806999995 4.583001399000068),QUIROGA
2019,ALCALDIA,CLARETIANO,679,BOSA,-74.18399515999994,4.611860410000077,POINT (-74.18399515999994 4.611860410000077),BOSA CENTRAL
2019,ALCALDIA,CLARETIANO EL LIBERTADOR,87,BOSA,-74.18431697899996,4.610117728000034,POINT (-74.18431697899996 4.610117728000034),BOSA CENTRAL
2019,ALCALDIA,CLASS,1608,KENNEDY,-74.17890293099998,4.614181763000033,POINT (-74.17890293099998 4.614181763000033),GRAN BRITALIA
2019,ALCALDIA,CODEMA,313,KENNEDY,-74.16555885199995,4.64829351700007,POINT (-74.16555885199995 4.64829351700007),CALANDAIMA
2019,ALCALDIA,COL COOPERATIVO VENECIA,336,TUNJUELITO,-74.14062678999994,4.592878914000039,POINT (-74.14062678999994 4.592878914000039),VENECIA
2019,ALCALDIA,COL DE TIMIZA,1710,KENNEDY,-74.15855086099998,4.609839342000043,POINT (-74.15855086099998 4.609839342000043),TIMIZA
2019,ALCALDIA,COL REPUBLICA DOMINICANA,3155,SUBA,-74.10899939199999,4.738964392000071,POINT (-74.10899939199999 4.738964392000071),TIBABUYES
2019,ALCALDIA,COL. FERNANDO GONZALEZ OCHOA,138,USME,-74.10763076799998,4.502669293000054,POINT (-74.10763076799998 4.502669293000054),COMUNEROS
2019,ALCALDIA,COL. GABRIEL BETANCOURT MEJIA,4077,KENNEDY,-74.15653033799998,4.644541436000054,POINT (-74.15653033799998 4.644541436000054),CALANDAIMA
2019,ALCALDIA,COLEGIO ADVENTISTA EMMANUEL,70,ANTONIO NARINO,-74.09755352499997,4.58883159100003,POINT (-74.09755352499997 4.58883159100003),RESTREPO
2019,ALCALDIA,COLEGIO ALBERTO LLERAS CAMARGO,3610,SUBA,-74.10211914699994,4.744081447000042,POINT (-74.10211914699994 4.744081447000042),EL RINCON
2019,ALCALDIA,COLEGIO ALVARO GOMEZ,3603,SUBA,-74.0968149,4.7303846,POINT (-74.0968149 4.7303846),EL RINCON
2019,ALCALDIA,COLEGIO AMERICANO,2096,TEUSAQUILLO,-74.07409025699997,4.63431055500007,POINT (-74.07409025699997 4.63431055500007),TEUSAQUILLO
2019,ALCALDIA,COLEGIO CAMPESTRE MONTEVERDE S,853,CHAPINERO,-74.0213732,4.6706236,POINT (-74.0213732 4.6706236),SAN ISIDRO - PATIOS
2019,ALCALDIA,COLEGIO CARO Y CUERVO,355,SUBA,-74.05360010199996,4.733372491000068,POINT (-74.05360010199996 4.733372491000068),EL PRADO
2019,ALCALDIA,COLEGIO CELESTIN FREINET,1752,SUBA,-74.11433532599995,4.74543378900006,POINT (-74.11433532599995 4.74543378900006),TIBABUYES
2019,ALCALDIA,COLEGIO CIUDADANOS DEL FUTURO,202,BOSA,-74.19070919,4.628029753000021,POINT (-74.19070919 4.628029753000021),BOSA OCCIDENTAL
2019,ALCALDIA,COLEGIO CLASS I.E.D SEDE B ROM,692,KENNEDY,-74.17120200699998,4.608893256000044,POINT (-74.17120200699998 4.608893256000044),TIMIZA
2019,ALCALDIA,COLEGIO COLSUBSIDIO CHICALA,266,BOSA,-74.18101530099995,4.625223078000033,POINT (-74.18101530099995 4.625223078000033),BOSA OCCIDENTAL
2019,ALCALDIA,COLEGIO COPES,148,ENGATIVA,-74.11810399399997,4.704984208000042,POINT (-74.11810399399997 4.704984208000042),GARCES NAVAS
2019,ALCALDIA,COLEGIO DARIO ECHANDIA,936,KENNEDY,-74.161696,4.642173,POINT (-74.161696 4.642173),PATIO BONITO
2019,ALCALDIA,COLEGIO DEBORA ARANGO,423,KENNEDY,-74.18313506299995,4.617969588000051,POINT (-74.18313506299995 4.617969588000051),GRAN BRITALIA
2019,ALCALDIA,COLEGIO DEL BOSQUE,40,SUBA,-74.06019420299998,4.757163282000022,POINT (-74.06019420299998 4.757163282000022),SAN JOSE DE BAVARIA
2019,ALCALDIA,COLEGIO DEL PILAR,51,TEUSAQUILLO,-74.07527643799995,4.65073522800003,POINT (-74.07527643799995 4.65073522800003),GALERIAS
2019,ALCALDIA,COLEGIO DELIA ZAPATA OLIVELLA,1703,SUBA,-74.11330965299999,4.753137338000045,POINT (-74.11330965299999 4.753137338000045),TIBABUYES
2019,ALCALDIA,COLEGIO DISTRITAL JACKELINE,44,KENNEDY,-74.16273182399993,4.608990300000073,POINT (-74.16273182399993 4.608990300000073),TIMIZA
2019,ALCALDIA,COLEGIO DISTRITAL SORRENTO,81,PUENTE ARANDA,-74.11328684699998,4.622991052000032,POINT (-74.11328684699998 4.622991052000032),SAN RAFAEL
2019,ALCALDIA,COLEGIO EUCARISTICO MERCEDARIO,1943,SUBA,-74.086553,4.735333,POINT (-74.086553 4.735333),EL RINCON
2019,ALCALDIA,COLEGIO FANNY MIKEY,86,CIUDAD BOLIVAR,-74.15253320899996,4.549826463000045,POINT (-74.15253320899996 4.549826463000045),LUCERO
2019,ALCALDIA,COLEGIO FE Y ALEGRIA,644,KENNEDY,-74.146056,4.635105999000075,POINT (-74.146056 4.635105999000075),CASTILLA
2019,ALCALDIA,COLEGIO GERARDO MOLINA,1627,SUBA,-74.1153988,4.748891,POINT (-74.1153988 4.748891),TIBABUYES
2019,ALCALDIA,COLEGIO GONZALO ARANGO,1031,SUBA,-74.09492314999994,4.729812315000061,POINT (-74.09492314999994 4.729812315000061),EL RINCON
2019,ALCALDIA,COLEGIO GUSTAVO ROJAS PINILLA,1956,KENNEDY,-74.14064983399999,4.648509084000068,POINT (-74.14064983399999 4.648509084000068),CASTILLA
2019,ALCALDIA,COLEGIO INTEGRACION MODERNA,80,KENNEDY,-74.13479141899995,4.626742130000025,POINT (-74.13479141899995 4.626742130000025),AMERICAS
2019,ALCALDIA,COLEGIO JAIME GARZON,1195,KENNEDY,-74.17558464799998,4.625827935000075,POINT (-74.17558464799998 4.625827935000075),GRAN BRITALIA
2019,ALCALDIA,COLEGIO JEAN PIAGET,462,KENNEDY,-74.13168347699997,4.624596076000046,POINT (-74.13168347699997 4.624596076000046),AMERICAS
2019,ALCALDIA,COLEGIO JOHN DEWEY,149,SUBA,-74.06397835399997,4.698780415000044,POINT (-74.06397835399997 4.698780415000044),LA ALHAMBRA
2019,ALCALDIA,COLEGIO JORGE MARIO BERGOGLIO,423,SUBA,-74.1034136,4.7487972,POINT (-74.1034136 4.7487972),EL RINCON
2019,ALCALDIA,COLEGIO LA GIRALDA,237,SANTA FE,-74.14173478999999,4.681725344000029,POINT (-74.14173478999999 4.681725344000029),FONTIBON
2019,ALCALDIA,COLEGIO LA KHUMBRE,573,SUBA,-74.07350945199994,4.823891889000038,POINT (-74.07350945199994 4.823891889000038),
2019,ALCALDIA,COLEGIO LA MAGDALENA,186,KENNEDY,-74.07105250499995,4.629350958000032,POINT (-74.07105250499995 4.629350958000032),TEUSAQUILLO
2019,ALCALDIA,COLEGIO LUIS ANGEL ARANGO,85,FONTIBON,-74.13755124899996,4.681852694000042,POINT (-74.13755124899996 4.681852694000042),FONTIBON
2019,ALCALDIA,COLEGIO LUZ Y VIDA,85,KENNEDY,-74.15926272099995,4.638695688000041,POINT (-74.15926272099995 4.638695688000041),PATIO BONITO
2019,ALCALDIA,COLEGIO MARYMOUNT,217,SUBA,-74.06644191799995,4.755702266000071,POINT (-74.06644191799995 4.755702266000071),CASA BLANCA SUBA
2019,ALCALDIA,COLEGIO MAYOR SAN BARTOLOME,106,LA CANDELARIA,-74.07607923299997,4.596770698000057,POINT (-74.07607923299997 4.596770698000057),LA CANDELARIA
2019,ALCALDIA,COLEGIO NELSON MANDELA,1143,KENNEDY,-74.17790968199995,4.635853713000074,POINT (-74.17790968199995 4.635853713000074),LAS MARGARITAS
2019,ALCALDIA,COLEGIO NICOLAS BUENAVENTURA,2453,SUBA,-74.09060192399994,4.755537482000022,POINT (-74.09060192399994 4.755537482000022),SUBA
2019,ALCALDIA,COLEGIO NORTE ADVENTISTA,73,ENGATIVA,-74.09436381399996,4.683743503000073,POINT (-74.09436381399996 4.683743503000073),LAS FERIAS
2019,ALCALDIA,COLEGIO NUEVO GIMNASIO,95,CHAPINERO,-74.05461493699994,4.664884249000067,POINT (-74.05461493699994 4.664884249000067),CHICO LAGO
2019,ALCALDIA,COLEGIO OEA,1215,KENNEDY,-74.14145868399999,4.618158635000043,POINT (-74.14145868399999 4.618158635000043),CARVAJAL
2019,ALCALDIA,COLEGIO OEA ANTONIA SANTOS,87,KENNEDY,-74.14082055399996,4.609080687000073,POINT (-74.14082055399996 4.609080687000073),CARVAJAL
2019,ALCALDIA,COLEGIO PEDAGOGICO DULCE MARIA,1665,SUBA,-74.108241,4.74661,POINT (-74.108241 4.74661),TIBABUYES
2019,ALCALDIA,COLEGIO PROVINMA,816,USAQUEN,-74.03497694799995,4.723774542000058,POINT (-74.03497694799995 4.723774542000058),LOS CEDROS
2019,ALCALDIA,COLEGIO RAFAEL GOBERNA,32,KENNEDY,-74.16429156399994,4.634597102000043,POINT (-74.16429156399994 4.634597102000043),PATIO BONITO
2019,ALCALDIA,COLEGIO RAFAEL MAYA,485,SUBA,-74.11884996899994,4.74522141500006,POINT (-74.11884996899994 4.74522141500006),TIBABUYES
2019,ALCALDIA,COLEGIO RAMON JIMENO,6,SANTA FE,-74.06499824099996,4.60948735300002,POINT (-74.06499824099996 4.60948735300002),LA MACARENA
2019,ALCALDIA,COLEGIO RODRIGO TRIANA,900,KENNEDY,-74.16738578999997,4.64001021200005,POINT (-74.16738578999997 4.64001021200005),PATIO BONITO
2019,ALCALDIA,COLEGIO ROMULO GALLEGO,81,PUENTE ARANDA,-74.10706288899996,4.599357652000037,POINT (-74.10706288899996 4.599357652000037),CIUDAD MONTES
2019,ALCALDIA,COLEGIO SAN FRANCISCO CL 186,140,USAQUEN,-74.14905784799998,4.563622939000027,POINT (-74.14905784799998 4.563622939000027),SAN FRANCISCO
2019,ALCALDIA,COLEGIO SAN JOSE DE CALASANZ,2132,SUBA,-74.08824495899995,4.723030265000034,POINT (-74.08824495899995 4.723030265000034),EL RINCON
2019,ALCALDIA,COLEGIO SAN MARTIN DE PORRES,101,CHAPINERO,-74.0587030168283,4.63027071939893,POINT (-74.0587030168283 4.63027071939893),
2019,ALCALDIA,COLEGIO SAN PEDRO CLAVER SEDE A,461,KENNEDY,-74.1611,4.622,POINT (-74.1611 4.622),KENNEDY CENTRAL
2019,ALCALDIA,COLEGIO SANS FACON,147,USAQUEN,-74.04112023899995,4.749810788000048,POINT (-74.04112023899995 4.749810788000048),TOBERIN
2019,ALCALDIA,COLEGIO SANTA CLARA,219,TEUSAQUILLO,-74.07672482099997,4.624980997000023,POINT (-74.07672482099997 4.624980997000023),TEUSAQUILLO
2019,ALCALDIA,COLEGIO SANTA ISABEL DE HUNGRIA,1490,SUBA,-74.063569,4.748706,POINT (-74.063569 4.748706),BRITALIA
2019,ALCALDIA,COLEGIO SANTIAGO ALBERIONI,150,SUBA,-74.05983302899995,4.753284577000045,POINT (-74.05983302899995 4.753284577000045),BRITALIA
2019,ALCALDIA,COLEGIO SIMON BOLIVAR SUBA,1882,SUBA,-74.0846467,4.7415173,POINT (-74.0846467 4.7415173),SUBA
2019,ALCALDIA,COLEGIO SIMON RODRIGUEZ SEDE A,1338,CHAPINERO,-74.06109617699997,4.654052440000044,POINT (-74.06109617699997 4.654052440000044),CHICO LAGO
2019,ALCALDIA,"COLEGIO TOBERIN ""B""",884,USAQUEN,-74.035909,4.743052,POINT (-74.035909 4.743052),TOBERIN
2019,ALCALDIA,COLEGIO VEINTIUN ANGELES,57,SUBA,-74.08034907899997,4.74945266800006,POINT (-74.08034907899997 4.74945266800006),SUBA
2019,ALCALDIA,COLEGIO VILLA ELISA SEDES C Y D,1965,SUBA,-74.09331632599998,4.722742548000042,POINT (-74.09331632599998 4.722742548000042),EL RINCON
2019,ALCALDIA,COLEGIO VIRGINIA GUTIERREZ,583,SUBA,-74.085686135532,4.73110059312188,POINT (-74.085686135532 4.73110059312188),EL RINCON
2019,ALCALDIA,COLEGIO VISTA BELLA,368,SUBA,-74.05878126099998,4.750099164000062,POINT (-74.05878126099998 4.750099164000062),BRITALIA
2019,ALCALDIA,COLEGIO-HIJAS DE CRISTO REY,7175,SUBA,-74.06727899399993,4.729443382000056,POINT (-74.06727899399993 4.729443382000056),CASA BLANCA SUBA
2019,ALCALDIA,COLISEO LA PALESTINA,84,BOSA,-74.19132801799998,4.612073760000044,POINT (-74.19132801799998 4.612073760000044),BOSA CENTRAL
2019,ALCALDIA,COLOMBIA,728,BARRIOS UNIDOS,-74.06551906299995,4.657375872000046,POINT (-74.06551906299995 4.657375872000046),LOS ALCAZARES
2019,ALCALDIA,COLON,3425,PUENTE ARANDA,-74.11942847599994,4.620190372000025,POINT (-74.11942847599994 4.620190372000025),SAN RAFAEL
2019,ALCALDIA,COLONIA ORIENTAL,532,PUENTE ARANDA,-74.1149,4.6183,POINT (-74.1149 4.6183),SAN RAFAEL
2019,ALCALDIA,COLSEGUROS,939,LOS MARTIRES,-74.08428456999997,4.621698653000067,POINT (-74.08428456999997 4.621698653000067),LA SABANA
2019,ALCALDIA,COLSUBSIDIO MAZUREN,3415,SUBA,-74.05456045899996,4.735384150000073,POINT (-74.05456045899996 4.735384150000073),EL PRADO
2019,ALCALDIA,COOPERATIVO NUEVO MUZU,77,TUNJUELITO,-74.1479417799999,4.587398303000043,POINT (-74.1479417799999 4.587398303000043),VENECIA
2019,ALCALDIA,CORDILLERA,181,CIUDAD BOLIVAR,-74.14964727999995,4.539866762000031,POINT (-74.14964727999995 4.539866762000031),LUCERO
2019,ALCALDIA,CORINTO-COLEGIO NUEVA COLOMBIA,971,SUBA,-74.099886609325,4.72870425822519,POINT (-74.099886609325 4.72870425822519),EL RINCON
2019,ALCALDIA,CORPUS CHRISTI,791,TEUSAQUILLO,-74.0805256145455,4.64893146057959,POINT (-74.0805256145455 4.64893146057959),LA ESMERALDA
2019,ALCALDIA,COUNTRY SUR,2055,RAFAEL URIBE URIBE,-74.10245540999995,4.568172990000051,POINT (-74.10245540999995 4.568172990000051),SAN JOSE
2019,ALCALDIA,CRISTOBAL COLON,1135,USAQUEN,-74.1280716,4.6873123,POINT (-74.1280716 4.6873123),CAPELLANIA
2019,ALCALDIA,CTRO DE REHABIL. PARA ADULTOS CIEGOS,48,PUENTE ARANDA,-74.0278109749756,4.60031702697883,POINT (-74.0278109749756 4.60031702697883),
2019,ALCALDIA,CULTURA POPULAR,34,PUENTE ARANDA,-74.12538362199996,4.601407545000029,POINT (-74.12538362199996 4.601407545000029),MUZU
2019,ALCALDIA,CUNDINAMARCA,484,PUENTE ARANDA,-74.08933231699996,4.622689935000039,POINT (-74.08933231699996 4.622689935000039),ZONA INDUSTRIAL
2019,ALCALDIA,DELICIAS MUZU,1772,PUENTE ARANDA,-74.13043865899994,4.599249684000029,POINT (-74.13043865899994 4.599249684000029),MUZU
2019,ALCALDIA,DIANA TURBAY,110,RAFAEL URIBE URIBE,-74.10765247299997,4.545341695000047,POINT (-74.10765247299997 4.545341695000047),DIANA TURBAY
2019,ALCALDIA,DINDALITO,2091,KENNEDY,-74.17467597399997,4.641742778000037,POINT (-74.17467597399997 4.641742778000037),PATIO BONITO
2019,ALCALDIA,DIVERPLAZA,429,ENGATIVA,-74.115112,4.700140999000041,POINT (-74.115112 4.700140999000041),GARCES NAVAS
2019,ALCALDIA,"DIVINO MAESTRO ""A""",1095,USAQUEN,-74.0278109749756,4.74028843920038,POINT (-74.0278109749756 4.74028843920038),SAN CRISTOBAL NORTE
2019,ALCALDIA,"DIVINO MAESTRO ""B""",475,USAQUEN,-74.024315771747,4.74043922588821,POINT (-74.024315771747 4.74043922588821),SAN CRISTOBAL NORTE
2019,ALCALDIA,DIVINO NIÑO,275,CIUDAD BOLIVAR,-74.13810351699993,4.537809185000071,POINT (-74.13810351699993 4.537809185000071),EL TESORO
2019,ALCALDIA,DIVINO SALVADOR,955,TEUSAQUILLO,-74.06639656599998,4.644427046000033,POINT (-74.06639656599998 4.644427046000033),GALERIAS
2019,ALCALDIA,EDUARDO SANTOS,1128,LOS MARTIRES,-74.09333049699995,4.594339241000057,POINT (-74.09333049699995 4.594339241000057),SANTA ISABEL
2019,ALCALDIA,EGIPTO ESCUELA QUINTA DIAZ,81,LA CANDELARIA,-74.07054775499995,4.593216814000073,POINT (-74.07054775499995 4.593216814000073),LA CANDELARIA
2019,ALCALDIA,EL AQUINATE U. SANTO TOMAS,83,CHAPINERO,-74.06141389899994,4.649180869000077,POINT (-74.06141389899994 4.649180869000077),CHAPINERO
2019,ALCALDIA,EL BATAN,1910,SUBA,-74.05702320099994,4.704806291000068,POINT (-74.05702320099994 4.704806291000068),LA ALHAMBRA
2019,ALCALDIA,EL BOSQUE,1310,USME,-74.10311553799994,4.506018318000031,POINT (-74.10311553799994 4.506018318000031),GRAN YOMASA
2019,ALCALDIA,EL CAMPIN,1047,TEUSAQUILLO,-74.07582905499999,4.649279934000049,POINT (-74.07582905499999 4.649279934000049),GALERIAS
2019,ALCALDIA,"EL CARMEN SUR ""A""",1691,TUNJUELITO,-74.13231081699996,4.582996852000065,POINT (-74.13231081699996 4.582996852000065),VENECIA
2019,ALCALDIA,EL CEDRO,378,ENGATIVA,-74.120159,4.713627,POINT (-74.120159 4.713627),GARCES NAVAS
2019,ALCALDIA,EL CHARCO,65,FONTIBON,-74.16143794499999,4.692487530000051,POINT (-74.16143794499999 4.692487530000051),FONTIBON SAN PABLO
2019,ALCALDIA,EL CODITO,251,USAQUEN,-74.0247061,4.7591296,POINT (-74.0247061 4.7591296),VERBENAL
2019,ALCALDIA,EL CONSUELO,999,SANTA FE,-74.07114749899995,4.580839076000075,POINT (-74.07114749899995 4.580839076000075),LOURDES
2019,ALCALDIA,EL CORTIJO,247,USME,-74.12238073899994,4.725671602000034,POINT (-74.12238073899994 4.725671602000034),BOLIVIA
2019,ALCALDIA,EL CORTIJO (LOCALIDAD 10),4192,ENGATIVA,-74.1210258,4.7262888,POINT (-74.1210258 4.7262888),BOLIVIA
2019,ALCALDIA,EL DANUBIO AZUL,1223,USME,-74.11502143899997,4.537765720000039,POINT (-74.11502143899997 4.537765720000039),DANUBIO
2019,ALCALDIA,EL DESTINO,197,USME,-74.13895919099997,4.408202995000067,POINT (-74.13895919099997 4.408202995000067),
2019,ALCALDIA,EL GRAN SAN,259,SANTA FE,-74.07912582599994,4.598662968000042,POINT (-74.07912582599994 4.598662968000042),LAS NIEVES
2019,ALCALDIA,EL GUALI,939,ENGATIVA,-74.09435405699998,4.671215577000055,POINT (-74.09435405699998 4.671215577000055),LAS FERIAS
2019,ALCALDIA,EL HATO,81,USME,-74.17951987699996,4.36958887000003,POINT (-74.17951987699996 4.36958887000003),
2019,ALCALDIA,EL JAPON,2425,KENNEDY,-74.15351731199996,4.621697552000057,POINT (-74.15351731199996 4.621697552000057),KENNEDY CENTRAL
2019,ALCALDIA,EL JAZMIN,1906,PUENTE ARANDA,-74.11487267199993,4.609959443000037,POINT (-74.11487267199993 4.609959443000037),CIUDAD MONTES
2019,ALCALDIA,EL LUJAN,2345,ENGATIVA,-74.10148869699998,4.678894774000071,POINT (-74.10148869699998 4.678894774000071),SANTA CECILIA
2019,ALCALDIA,EL MIRADOR,320,RAFAEL URIBE URIBE,-74.16189115399999,4.55155805000004,POINT (-74.16189115399999 4.55155805000004),LUCERO
2019,ALCALDIA,EL MORISCO,791,ENGATIVA,-74.09038497199998,4.70515559100005,POINT (-74.09038497199998 4.70515559100005),MINUTO DE DIOS
2019,ALCALDIA,EL MUELLE,2802,ENGATIVA,-74.12521383799998,4.700289142000031,POINT (-74.12521383799998 4.700289142000031),ENGATIVA
2019,ALCALDIA,EL PARAISO,1024,CIUDAD BOLIVAR,-74.15899211599998,4.552388765000046,POINT (-74.15899211599998 4.552388765000046),LUCERO
2019,ALCALDIA,EL PITE,178,USAQUEN,,,POINT (NaN NaN),
2019,ALCALDIA,EL PORTAL,158,SAN CRISTOBAL,-74.0949,4.5658,POINT (-74.0949 4.5658),20 DE JULIO
2019,ALCALDIA,EL PORVENIR,2098,BOSA,-74.18362205699998,4.635898909000048,POINT (-74.18362205699998 4.635898909000048),EL PORVENIR
2019,ALCALDIA,EL QUINDIO,554,SAN CRISTOBAL,-74.08281201799997,4.537394023000047,POINT (-74.08281201799997 4.537394023000047),LA GLORIA
2019,ALCALDIA,EL RECREO,2367,BOSA,-74.20148261099996,4.627533565000022,POINT (-74.20148261099996 4.627533565000022),TINTAL SUR
2019,ALCALDIA,EL RECUERDO SANTAFE,511,BOSA,-74.19774784299995,4.641699962000075,POINT (-74.19774784299995 4.641699962000075),EL PORVENIR
2019,ALCALDIA,EL REMANZO,180,PUENTE ARANDA,-74.11369523499997,4.60477307900004,POINT (-74.11369523499997 4.60477307900004),CIUDAD MONTES
2019,ALCALDIA,EL RINCON,3376,SUBA,-74.0896688,4.7250134,POINT (-74.0896688 4.7250134),EL RINCON
2019,ALCALDIA,EL RODEO SEDE B LA GLORIA,108,SAN CRISTOBAL,-74.0929,4.5462,POINT (-74.0929 4.5462),LA GLORIA
2019,ALCALDIA,EL SALITRE,951,TEUSAQUILLO,-74.10011001899994,4.655930620000049,POINT (-74.10011001899994 4.655930620000049),PARQUE SIMON BOLIVAR - CAN
2019,ALCALDIA,EL SAUCEDAL,1138,KENNEDY,-74.16282556699997,4.633038830000032,POINT (-74.16282556699997 4.633038830000032),CORABASTOS
2019,ALCALDIA,EL SOCORRO SUR,657,RAFAEL URIBE URIBE,-74.12448237099994,4.564808620000065,POINT (-74.12448237099994 4.564808620000065),MARRUECOS
2019,ALCALDIA,EL TEJAR,1799,PUENTE ARANDA,-74.12752014499995,4.60858481300005,POINT (-74.12752014499995 4.60858481300005),CIUDAD MONTES
2019,ALCALDIA,EL TESORO,897,CIUDAD BOLIVAR,-74.14944513799998,4.534972583000069,POINT (-74.14944513799998 4.534972583000069),EL TESORO
2019,ALCALDIA,"EL TUNAL ""A""",2113,TUNJUELITO,-74.13192148,4.575923139000054,POINT (-74.13192148 4.575923139000054),VENECIA
2019,ALCALDIA,EL VERGEL,956,LOS MARTIRES,-74.09426546999998,4.596321872000033,POINT (-74.09426546999998 4.596321872000033),SANTA ISABEL
2019,ALCALDIA,EL VERJON,86,SANTA FE,-74.02245577399998,4.605824588000075,POINT (-74.02245577399998 4.605824588000075),
2019,ALCALDIA,EL VIRREY,1493,USME,-74.11179901,4.50250233600002,POINT (-74.11179901 4.50250233600002),COMUNEROS
2019,ALCALDIA,ENGATIVA,3612,ENGATIVA,-74.14095824099996,4.716288231000021,POINT (-74.14095824099996 4.716288231000021),ENGATIVA
2019,ALCALDIA,ENTRE RIOS,1272,BARRIOS UNIDOS,-74.07541461999995,4.680300152000029,POINT (-74.07541461999995 4.680300152000029),LOS ANDES
2019,ALCALDIA,ESCLAVAS DEL SAGRADO CORAZON,343,USAQUEN,-74.04309304199995,4.755656316000056,POINT (-74.04309304199995 4.755656316000056),LA URIBE
2019,ALCALDIA,ESCUELA LA VICTORIA B,440,SAN CRISTOBAL,-74.09391079499994,4.554348808000043,POINT (-74.09391079499994 4.554348808000043),LA GLORIA
2019,ALCALDIA,ESTACION DE LA SABANA,835,LOS MARTIRES,-74.08335137199998,4.607028938000042,POINT (-74.08335137199998 4.607028938000042),LA SABANA
2019,ALCALDIA,ESTADOS UNIDOS DE AMERICA,16,RAFAEL URIBE URIBE,-74.10600814799994,4.584815527000046,POINT (-74.10600814799994 4.584815527000046),QUIROGA
2019,ALCALDIA,ESTADOS UNIDOS SUPER 13,1690,KENNEDY,-74.16032958799997,4.625627870000073,POINT (-74.16032958799997 4.625627870000073),CORABASTOS
2019,ALCALDIA,ESTRELLA DEL SUR,872,CIUDAD BOLIVAR,-74.14255463799998,4.54309905100007,POINT (-74.14255463799998 4.54309905100007),EL TESORO
2019,ALCALDIA,"EL CARMEN SUR ""B""",616,TUNJUELITO,-74.131871,4.583144,POINT (-74.131871 4.583144),VENECIA
2019,ALCALDIA,"EL TUNAL ""B""",999,TUNJUELITO,-74.13189651099998,4.577674664000028,POINT (-74.13189651099998 4.577674664000028),VENECIA
2019,ALCALDIA,"FATIMA ""A""",2272,TUNJUELITO,-74.13798926899995,4.585521978000031,POINT (-74.13798926899995 4.585521978000031),VENECIA
2019,ALCALDIA,"FATIMA ""B""",816,TUNJUELITO,-74.13874222099997,4.584682175000069,POINT (-74.13874222099997 4.584682175000069),VENECIA
2019,ALCALDIA,FAVIDI VISION DE COLOMBIA,2667,KENNEDY,-74.1350275,4.6482265,POINT (-74.1350275 4.6482265),CASTILLA
2019,ALCALDIA,FE Y ALEGRIA SAN IGNACIO,1588,BOSA,-74.18978479999998,4.633343233000062,POINT (-74.18978479999998 4.633343233000062),EL PORVENIR
2019,ALCALDIA,FERIAS II,1035,ENGATIVA,-74.08190081299995,4.686961488000065,POINT (-74.08190081299995 4.686961488000065),LAS FERIAS
2019,ALCALDIA,FERNANDO SOTO APARICIO,5,KENNEDY,-74.14748936899997,4.61881403600006,POINT (-74.14748936899997 4.61881403600006),KENNEDY CENTRAL
2019,ALCALDIA,FERNANDO SOTO APARICIO SEDE B,143,KENNEDY,-74.172626,4.617238,POINT (-74.172626 4.617238),GRAN BRITALIA
2019,ALCALDIA,FERROCAJA,16,FONTIBON,-74.13840758799995,4.67602019900005,POINT (-74.13840758799995 4.67602019900005),FONTIBON
2019,ALCALDIA,FLORALIA,1546,KENNEDY,-74.13231108999997,4.608704879000072,POINT (-74.13231108999997 4.608704879000072),CARVAJAL
2019,ALCALDIA,FLORENCIA,1182,ENGATIVA,-74.10526331599993,4.69956810900004,POINT (-74.10526331599993 4.69956810900004),BOYACA REAL
2019,ALCALDIA,FLORESTA NORTE-JULIO FLOREZ,2761,SUBA,-74.07750306999998,4.687168986000074,POINT (-74.07750306999998 4.687168986000074),LA FLORESTA
2019,ALCALDIA,FLORESTA OUTLET,331,SUBA,-74.07476325199997,4.691381544000023,POINT (-74.07476325199997 4.691381544000023),LA FLORESTA
2019,ALCALDIA,FONTIBON,5310,FONTIBON,-74.14450537799996,4.67263517300006,POINT (-74.14450537799996 4.67263517300006),FONTIBON
2019,ALCALDIA,FRANCISCO DE PAULA SANTANDER,522,BOSA,-74.18477973799997,4.610871700000075,POINT (-74.18477973799997 4.610871700000075),BOSA CENTRAL
2019,ALCALDIA,FRANCISCO JOSE DE CALDAS,1802,KENNEDY,-74.15317527799994,4.626545717000056,POINT (-74.15317527799994 4.626545717000056),KENNEDY CENTRAL
2019,ALCALDIA,FUNDACION SAN FELIPE NERI,211,SUBA,-74.082955,4.746206,POINT (-74.082955 4.746206),SUBA
2019,ALCALDIA,GAITAN,1310,BARRIOS UNIDOS,-74.07245197899994,4.674229417000049,POINT (-74.07245197899994 4.674229417000049),DOCE DE OCTUBRE
2019,ALCALDIA,GALAN,2235,PUENTE ARANDA,-74.1224756299999,4.617260904000034,POINT (-74.1224756299999 4.617260904000034),SAN RAFAEL
2019,ALCALDIA,GALICIA,2799,CIUDAD BOLIVAR,-74.17067691899996,4.590999912000029,POINT (-74.17067691899996 4.590999912000029),ISMAEL PERDOMO
2019,ALCALDIA,GARCES NAVAS,2994,ENGATIVA,-74.12207204399994,4.711136510000074,POINT (-74.12207204399994 4.711136510000074),GARCES NAVAS
2019,ALCALDIA,GEMA,159,KENNEDY,-74.17686551899999,4.607525829000053,POINT (-74.17686551899999 4.607525829000053),TIMIZA
2019,ALCALDIA,GIMNASIO CENTRO NARIÑO,44,TEUSAQUILLO,-74.0898197162564,4.62914971286545,POINT (-74.0898197162564 4.62914971286545),QUINTA PAREDES
2019,ALCALDIA,GIMNASIO LOS SAUCES,190,BOSA,-74.18228625099994,4.631003804000045,POINT (-74.18228625099994 4.631003804000045),BOSA OCCIDENTAL
2019,ALCALDIA,GIMNASIO REAL AMERICANO,328,BOSA,-74.19528367199996,4.629848511000034,POINT (-74.19528367199996 4.629848511000034),EL PORVENIR
2019,ALCALDIA,GIRARDOT,483,SANTA FE,-74.07299620499998,4.587580039000045,POINT (-74.07299620499998 4.587580039000045),LOURDES
2019,ALCALDIA,GRAN COLOMBIANO,1830,KENNEDY,-74.16282961299999,4.621250330000066,POINT (-74.16282961299999 4.621250330000066),KENNEDY CENTRAL
2019,ALCALDIA,GRAN GRANADA,2421,ENGATIVA,-74.12272130999997,4.72099436000002,POINT (-74.12272130999997 4.72099436000002),GARCES NAVAS
2019,ALCALDIA,GRAN PLAZA EL ENSUEÑO,1836,CIUDAD BOLIVAR,-74.15675720799999,4.581217553000045,POINT (-74.15675720799999 4.581217553000045),ARBORIZADORA
2019,ALCALDIA,GRAN YOMASA,566,USME,-74.109734,4.508524,POINT (-74.109734 4.508524),GRAN YOMASA
2019,ALCALDIA,GRANADA COLEGIO SIMON RODRIGUEZ SD B,720,CHAPINERO,-74.05664862899994,4.648396259000037,POINT (-74.05664862899994 4.648396259000037),PARDO RUBIO
2019,ALCALDIA,GRANJAS DE SAN PABLO,853,RAFAEL URIBE URIBE,-74.11613731499995,4.571512927000072,POINT (-74.11613731499995 4.571512927000072),MARCO FIDEL SUAREZ
2019,ALCALDIA,GUACAMAYAS II,276,SAN CRISTOBAL,-74.09673592899998,4.555739480000057,POINT (-74.09673592899998 4.555739480000057),LA GLORIA
2019,ALCALDIA,GUSTAVO RESTREPO,660,RAFAEL URIBE URIBE,-74.10616393599997,4.575755499000024,POINT (-74.10616393599997 4.575755499000024),SAN JOSE
2019,ALCALDIA,HACIENDA SANTA BARBARA,4541,USAQUEN,-74.0324925,4.6928882,POINT (-74.0324925 4.6928882),USAQUEN
2019,ALCALDIA,HAYUELOS CENTRO COMERCIAL,3374,FONTIBON,-74.13054683599995,4.664203605000068,POINT (-74.13054683599995 4.664203605000068),GRANJAS DE TECHO
2019,ALCALDIA,HAYUELOS JUMBO,4362,FONTIBON,-74.1323,4.6628,POINT (-74.1323 4.6628),GRANJAS DE TECHO
2019,ALCALDIA,HOLANDA,605,BOSA,-74.1856,4.6268,POINT (-74.1856 4.6268),BOSA OCCIDENTAL
2019,ALCALDIA,ICES LAS BRISAS,24,CIUDAD BOLIVAR,-74.17109082199994,4.568241478000061,POINT (-74.17109082199994 4.568241478000061),JERUSALEM
2019,ALCALDIA,IMPRENTA NACIONAL,1637,TEUSAQUILLO,-74.1054,4.649,POINT (-74.1054 4.649),CIUDAD SALITRE ORIENTAL
2019,ALCALDIA,INGLES,1439,RAFAEL URIBE URIBE,-74.12341538999993,4.583322852000038,POINT (-74.12341538999993 4.583322852000038),QUIROGA
2019,ALCALDIA,INSTITUCION EDUCATIVA COMPARTIR SUBA,2740,SUBA,-74.10601315299994,4.755286716000057,POINT (-74.10601315299994 4.755286716000057),TIBABUYES
2019,ALCALDIA,INSTITUTO DE INTEGRACION CULTURAL,34,PUENTE ARANDA,-74.10099576799996,4.607929010000021,POINT (-74.10099576799996 4.607929010000021),CIUDAD MONTES
2019,ALCALDIA,INSTITUTO GUIMARC,139,BOSA,-74.19576440599997,4.602298087000065,POINT (-74.19576440599997 4.602298087000065),BOSA CENTRAL
2019,ALCALDIA,INSTITUTO SAN BASILIO,439,SUBA,-74.12456902199995,4.743896447000054,POINT (-74.12456902199995 4.743896447000054),TIBABUYES
2019,ALCALDIA,INTEG. RAFAEL DELGADO SALGUERO,67,RAFAEL URIBE URIBE,-74.11932320699998,4.583981134000055,POINT (-74.11932320699998 4.583981134000055),QUIROGA
2019,ALCALDIA,INTEGRADO SEDE B,57,FONTIBON,-74.14624404899996,4.68311940600006,POINT (-74.14624404899996 4.68311940600006),FONTIBON
2019,ALCALDIA,ISABEL II,146,KENNEDY,-74.15294974999995,4.633569682000029,POINT (-74.15294974999995 4.633569682000029),CASTILLA
2019,ALCALDIA,ISERRA 100,802,BARRIOS UNIDOS,-74.06459721799996,4.687820716000033,POINT (-74.06459721799996 4.687820716000033),LOS ANDES
2019,ALCALDIA,ISLA DEL SOL,1220,TUNJUELITO,-74.15250680099996,4.589211385000056,POINT (-74.15250680099996 4.589211385000056),VENECIA
2019,ALCALDIA,ISLANDIA,700,BOSA,-74.20035773099994,4.616162771000063,POINT (-74.20035773099994 4.616162771000063),BOSA CENTRAL
2019,ALCALDIA,ISMAEL PERDOMO,3194,CIUDAD BOLIVAR,-74.16541520099997,4.587222700000041,POINT (-74.16541520099997 4.587222700000041),ISMAEL PERDOMO
2019,ALCALDIA,JAIRO ANIBAL NIÑO,2845,KENNEDY,-74.16683628599998,4.636940864000053,POINT (-74.16683628599998 4.636940864000053),PATIO BONITO
2019,ALCALDIA,JARDIN INFANTIL ISLA DEL SOL,170,TUNJUELITO,-74.15247372399995,4.589430048000054,POINT (-74.15247372399995 4.589430048000054),VENECIA
2019,ALCALDIA,JARDIN INFANTIL OLARTE,138,BOSA,-74.16323479399995,4.603148889000067,POINT (-74.16323479399995 4.603148889000067),APOGEO
2019,ALCALDIA,JERUSALEN (EL TANQUE),1287,CIUDAD BOLIVAR,-74.16542993299998,4.571907094000039,POINT (-74.16542993299998 4.571907094000039),JERUSALEM
2019,ALCALDIA,JIMENEZ DE QUESADA,974,BOSA,-74.18843550999998,4.606190850000075,POINT (-74.18843550999998 4.606190850000075),BOSA CENTRAL
2019,ALCALDIA,JORGE GAITAN CORTES,36,PUENTE ARANDA,-74.11216463399995,4.597531104000041,POINT (-74.11216463399995 4.597531104000041),CIUDAD MONTES
2019,ALCALDIA,JOSE ANTONIO GALAN,1560,BOSA,-74.17896635799997,4.606142614000021,POINT (-74.17896635799997 4.606142614000021),BOSA CENTRAL
2019,ALCALDIA,JOSE JOAQUIN VARGAS,2521,BARRIOS UNIDOS,-74.08314810399997,4.672682597000062,POINT (-74.08314810399997 4.672682597000062),DOCE DE OCTUBRE
2019,ALCALDIA,JUAN DEL RIZZO,2333,SAN CRISTOBAL,-74.09322578499996,4.567028210000046,POINT (-74.09322578499996 4.567028210000046),20 DE JULIO
2019,ALCALDIA,JUAN JOSE RONDON,566,USME,-74.09119911599998,4.503719568000065,POINT (-74.09119911599998 4.503719568000065),LA FLORA
2019,ALCALDIA,JUAN MAXIMILIANO AMBROSIO,164,BOSA,-74.18473898299999,4.62281826800006,POINT (-74.18473898299999 4.62281826800006),BOSA OCCIDENTAL
2019,ALCALDIA,JUAN PABLO II,984,CIUDAD BOLIVAR,-74.14786307699995,4.555261993000045,POINT (-74.14786307699995 4.555261993000045),LUCERO
2019,ALCALDIA,JUAN REY,1037,SAN CRISTOBAL,-74.08995580399994,4.522433833000036,POINT (-74.08995580399994 4.522433833000036),LOS LIBERTADORES
2019,ALCALDIA,JUANA ESCOBAR SEDE A,212,SAN CRISTOBAL,-74.08541718899994,4.530567484000073,POINT (-74.08541718899994 4.530567484000073),LOS LIBERTADORES
2019,ALCALDIA,KENNEDY CENTRAL,93,KENNEDY,-74.1356383,4.6502956,POINT (-74.1356383 4.6502956),CASTILLA
2019,ALCALDIA,KENNEDY LEY,2213,KENNEDY,-74.14873786438484,4.624146457405746,POINT (-74.14873786438484 4.624146457405746),KENNEDY CENTRAL
2019,ALCALDIA,LA ACACIA,2294,CIUDAD BOLIVAR,-74.14226652099995,4.560672141000055,POINT (-74.14226652099995 4.560672141000055),SAN FRANCISCO
2019,ALCALDIA,LA ACUARELA,173,BOSA,-74.1818,4.5983,POINT (-74.1818 4.5983),BOSA CENTRAL
2019,ALCALDIA,LA AGUADITA,692,SUBA,-74.0813027046065,4.71806369922045,POINT (-74.0813027046065 4.71806369922045),NIZA
2019,ALCALDIA,LA ALBORADA,234,USME,-74.103957,4.497972,POINT (-74.103957 4.497972),ALFONSO LOPEZ
2019,ALCALDIA,LA ALHAMBRA CARULLA,5669,SUBA,-74.05748506699996,4.698879248000026,POINT (-74.05748506699996 4.698879248000026),LA ALHAMBRA
2019,ALCALDIA,LA AMISTAD,1709,BOSA,-74.14812764599998,4.623422550000043,POINT (-74.14812764599998 4.623422550000043),KENNEDY CENTRAL
2019,ALCALDIA,LA ASUNCION,1687,PUENTE ARANDA,-74.10681926199999,4.602694444000065,POINT (-74.10681926199999 4.602694444000065),CIUDAD MONTES
2019,ALCALDIA,LA AURORA,2744,USME,-74.12113946399995,4.521681535000027,POINT (-74.12113946399995 4.521681535000027),GRAN YOMASA
2019,ALCALDIA,LA BELLEZA,97,SAN CRISTOBAL,-74.09219883099996,4.530444761000069,POINT (-74.09219883099996 4.530444761000069),LOS LIBERTADORES
2019,ALCALDIA,LA CABAÑA,929,ENGATIVA,-74.10219663,4.674296156000025,POINT (-74.10219663 4.674296156000025),LAS FERIAS
2019,ALCALDIA,LA CAROLINA,944,USAQUEN,-74.0391141,4.7047645,POINT (-74.0391141 4.7047645),COUNTRY CLUB
2019,ALCALDIA,LA CASTAÑA,89,SAN CRISTOBAL,-74.07984101499994,4.566594819000045,POINT (-74.07984101499994 4.566594819000045),SAN BLAS
2019,ALCALDIA,LA CASTELLANA,2574,BARRIOS UNIDOS,-74.06048851999998,4.682589826000026,POINT (-74.06048851999998 4.682589826000026),LOS ANDES
2019,ALCALDIA,LA CHUCUA,1567,KENNEDY,-74.14854789299994,4.603639944000065,POINT (-74.14854789299994 4.603639944000065),TIMIZA
2019,ALCALDIA,LA CLARITA,287,ENGATIVA,-74.10575419499997,4.692167207000068,POINT (-74.10575419499997 4.692167207000068),BOYACA REAL
2019,ALCALDIA,LA CONCORDIA,1421,LA CANDELARIA,-74.06917663199994,4.598773004000066,POINT (-74.06917663199994 4.598773004000066),LA CANDELARIA
2019,ALCALDIA,LA CONEJERA,276,SUBA,-74.07711754799993,4.759968361000062,POINT (-74.07711754799993 4.759968361000062),
2019,ALCALDIA,LA CORUÑA - LICEO CONTADORA,76,CIUDAD BOLIVAR,-74.15352522799998,4.575745022000035,POINT (-74.15352522799998 4.575745022000035),ARBORIZADORA
2019,ALCALDIA,LA ESMERALDA,1450,TEUSAQUILLO,-74.09103470999997,4.647253998000053,POINT (-74.09103470999997 4.647253998000053),LA ESMERALDA
2019,ALCALDIA,LA ESPAÑOLA,1682,ENGATIVA,-74.09653854899994,4.703375863000076,POINT (-74.09653854899994 4.703375863000076),MINUTO DE DIOS
2019,ALCALDIA,LA ESPERANZA,1637,BOSA,-74.20536969899996,4.609695983000051,POINT (-74.20536969899996 4.609695983000051),BOSA CENTRAL
2019,ALCALDIA,LA ESTACION,1864,BOSA,-74.18081058199994,4.60111936100003,POINT (-74.18081058199994 4.60111936100003),BOSA CENTRAL
2019,ALCALDIA,LA ESTANCIA,2234,CIUDAD BOLIVAR,-74.17636492499997,4.593077627000071,POINT (-74.17636492499997 4.593077627000071),ISMAEL PERDOMO
2019,ALCALDIA,LA ESTANZUELA,2201,LOS MARTIRES,-74.08590318299997,4.605598632000067,POINT (-74.08590318299997 4.605598632000067),LA SABANA
2019,ALCALDIA,LA ESTRADA,2231,ENGATIVA,-74.09152579599998,4.678782291000061,POINT (-74.09152579599998 4.678782291000061),LAS FERIAS
2019,ALCALDIA,LA ESTRADITA,2143,ENGATIVA,-74.09156636099993,4.677421343000049,POINT (-74.09156636099993 4.677421343000049),LAS FERIAS
2019,ALCALDIA,LA ESTRELLITA,116,USAQUEN,-74.02449415599995,4.764576003000059,POINT (-74.02449415599995 4.764576003000059),VERBENAL
2019,ALCALDIA,LA EUROPA,1236,ENGATIVA,-74.09357475199994,4.683808993000071,POINT (-74.09357475199994 4.683808993000071),LAS FERIAS
2019,ALCALDIA,LA FISCALA,1054,USME,-74.11172754099994,4.533770827000069,POINT (-74.11172754099994 4.533770827000069),DANUBIO
2019,ALCALDIA,LA FLORA,769,USME,-74.09120984199996,4.513289875000055,POINT (-74.09120984199996 4.513289875000055),LA FLORA
2019,ALCALDIA,LA FLORESTA SUR,2216,KENNEDY,-74.12744374299996,4.620795857000076,POINT (-74.12744374299996 4.620795857000076),AMERICAS
2019,ALCALDIA,LA FLORIDA,1209,ENGATIVA,-74.11058796699996,4.692899556000043,POINT (-74.11058796699996 4.692899556000043),BOYACA REAL
2019,ALCALDIA,LA FORTALEZA,1060,USME,-74.11916043499997,4.517830869000022,POINT (-74.11916043499997 4.517830869000022),GRAN YOMASA
2019,ALCALDIA,LA FRAGUA,1084,ANTONIO NARINO,-74.10444052099996,4.594286364000027,POINT (-74.10444052099996 4.594286364000027),RESTREPO
2019,ALCALDIA,LA FRAGUITA,698,ANTONIO NARINO,-74.09889760699997,4.591921058000025,POINT (-74.09889760699997 4.591921058000025),RESTREPO
2019,ALCALDIA,LA FRANCIA,1068,PUENTE ARANDA,-74.10746026399994,4.620199921000051,POINT (-74.10746026399994 4.620199921000051),SAN RAFAEL
2019,ALCALDIA,LA GAITANA,2440,SUBA,-74.07245197899994,4.674229417000049,POINT (-74.07245197899994 4.674229417000049),DOCE DE OCTUBRE
2019,ALCALDIA,LA GIRALDA,1992,FONTIBON,-74.14173478999999,4.681725344000029,POINT (-74.14173478999999 4.681725344000029),FONTIBON
2019,ALCALDIA,LA GLORIA,1475,SAN CRISTOBAL,-74.08928989799995,4.541038678000064,POINT (-74.08928989799995 4.541038678000064),LOS LIBERTADORES
2019,ALCALDIA,LA GLORIA- ESCUELA ALTAMIRA,213,SAN CRISTOBAL,-74.0893,4.5441,POINT (-74.0893 4.5441),LA GLORIA
2019,ALCALDIA,LA GRANJA,1750,ENGATIVA,-74.10180744699994,4.698713442000042,POINT (-74.10180744699994 4.698713442000042),BOYACA REAL
2019,ALCALDIA,LA INDEPENDECIA,618,BOSA,-74.194785,4.620748,POINT (-74.194785 4.620748),BOSA OCCIDENTAL
2019,ALCALDIA,LA LAGUNA,2533,FONTIBON,-74.14939245199997,4.672245606000047,POINT (-74.14939245199997 4.672245606000047),FONTIBON
2019,ALCALDIA,LA LIBERTAD,3831,BOSA,-74.19449057699995,4.625125380000043,POINT (-74.19449057699995 4.625125380000043),BOSA OCCIDENTAL
2019,ALCALDIA,LA MACARENA,1430,KENNEDY,-74.0657523,4.6135854,POINT (-74.0657523 4.6135854),LA MACARENA
2019,ALCALDIA,LA MAGDALENA,740,TEUSAQUILLO,-74.07105250499995,4.629350958000032,POINT (-74.07105250499995 4.629350958000032),TEUSAQUILLO
2019,ALCALDIA,LA MARQUEZA,166,RAFAEL URIBE URIBE,-74.106957,4.543018,POINT (-74.106957 4.543018),DIANA TURBAY
2019,ALCALDIA,LA MUEQUETA,597,BARRIOS UNIDOS,-74.06936124999999,4.654475367000032,POINT (-74.06936124999999 4.654475367000032),LOS ALCAZARES
2019,ALCALDIA,LA PAZ,672,BARRIOS UNIDOS,-74.07520913799993,4.660220166000045,POINT (-74.07520913799993 4.660220166000045),LOS ALCAZARES
2019,ALCALDIA,LA PERSEVERANCIA,828,SANTA FE,-74.06450466499996,4.617777998000065,POINT (-74.06450466499996 4.617777998000065),LA MACARENA
2019,ALCALDIA,LA PONDEROSA,1808,PUENTE ARANDA,-74.11908075799994,4.611495329000036,POINT (-74.11908075799994 4.611495329000036),CIUDAD MONTES
2019,ALCALDIA,LA PRADERA,1110,PUENTE ARANDA,-74.12182556299996,4.623994109000023,POINT (-74.12182556299996 4.623994109000023),SAN RAFAEL
2019,ALCALDIA,LA PRIMAVERA,1967,PUENTE ARANDA,-74.10939312699998,4.615518683000062,POINT (-74.10939312699998 4.615518683000062),CIUDAD MONTES
2019,ALCALDIA,LA REBECA,408,LOS MARTIRES,-74.09586258,4.596904979000044,POINT (-74.09586258 4.596904979000044),SANTA ISABEL
2019,ALCALDIA,LA SALINA,2417,ENGATIVA,-74.11402123399995,4.697956262000048,POINT (-74.11402123399995 4.697956262000048),BOYACA REAL
2019,ALCALDIA,LA SALLE LA CANDELARIA,100,LA CANDELARIA,-74.07107875399998,4.594902388000037,POINT (-74.07107875399998 4.594902388000037),LA CANDELARIA
2019,ALCALDIA,LA SERENA,1525,ENGATIVA,-74.09499903299997,4.708631876000027,POINT (-74.09499903299997 4.708631876000027),MINUTO DE DIOS
2019,ALCALDIA,LA TOSCANA-COL.FE Y ALEGRIA,1196,SUBA,-74.1103780767872,4.74504180637467,POINT (-74.1103780767872 4.74504180637467),TIBABUYES
2019,ALCALDIA,LA TRINIDAD,941,PUENTE ARANDA,-74.11704188499994,4.626988280000035,POINT (-74.11704188499994 4.626988280000035),SAN RAFAEL
2019,ALCALDIA,LA UBA,1648,KENNEDY,-74.1337165845391,4.65156701282593,POINT (-74.1337165845391 4.65156701282593),CASTILLA
2019,ALCALDIA,LA UNION,16,SUMAPAZ,-74.36349309199994,3.98574147100004,POINT (-74.36349309199994 3.98574147100004),
2019,ALCALDIA,LA VALVANERA,546,ANTONIO NARINO,-74.100284,4.589989,POINT (-74.100284 4.589989),RESTREPO
2019,ALCALDIA,LA VICTORIA A,3419,SAN CRISTOBAL,-74.09391079499994,4.554348808000043,POINT (-74.09391079499994 4.554348808000043),LA GLORIA
2019,ALCALDIA,LA YE SANTA ROSA,93,SUMAPAZ,-74.16104312099998,4.39716816300006,POINT (-74.16104312099998 4.39716816300006),
2019,ALCALDIA,LAS AGUAS,607,SANTA FE,-74.06592860099994,4.604145636000055,POINT (-74.06592860099994 4.604145636000055),LA MACARENA
2019,ALCALDIA,LAS AMERICAS SEDE A,3664,KENNEDY,-74.15062750199996,4.616765260000022,POINT (-74.15062750199996 4.616765260000022),CARVAJAL
2019,ALCALDIA,LAS BRISAS,554,SAN CRISTOBAL,-74.08007909299994,4.57683851500002,POINT (-74.08007909299994 4.57683851500002),SOSIEGO
2019,ALCALDIA,LAS COLINAS,645,RAFAEL URIBE URIBE,-74.11286773499995,4.574369309000076,POINT (-74.11286773499995 4.574369309000076),MARCO FIDEL SUAREZ
2019,ALCALDIA,LAS CRUCES,1289,SANTA FE,-74.08225487599998,4.592220084000076,POINT (-74.08225487599998 4.592220084000076),LAS CRUCES
2019,ALCALDIA,LAS FERIAS,1619,ENGATIVA,-74.08716271499998,4.68068259000006,POINT (-74.08716271499998 4.68068259000006),LAS FERIAS
2019,ALCALDIA,LAS LOMAS,1296,RAFAEL URIBE URIBE,-74.10835908299998,4.564671512000075,POINT (-74.10835908299998 4.564671512000075),MARCO FIDEL SUAREZ
2019,ALCALDIA,LAS MANAS,30,CIUDAD BOLIVAR,-74.15942014099994,4.568373946000065,POINT (-74.15942014099994 4.568373946000065),JERUSALEM
2019,ALCALDIA,LAS MARGARITAS,3102,USAQUEN,-74.0470339940858,4.73247890295971,POINT (-74.0470339940858 4.73247890295971),LOS CEDROS
2019,ALCALDIA,LAS MERCEDES,1503,SAN CRISTOBAL,-74.08081979099995,4.569269680000048,POINT (-74.08081979099995 4.569269680000048),SAN BLAS
2019,ALCALDIA,LAS NIEVES,967,SANTA FE,-74.06913089899996,4.605013588000077,POINT (-74.06913089899996 4.605013588000077),LAS NIEVES
2019,ALCALDIA,LAS ORQUIDEAS,3767,USAQUEN,-74.04022487333644,4.742062972948161,POINT (-74.04022487333644 4.742062972948161),TOBERIN
2019,ALCALDIA,LAS PALMERAS,1416,KENNEDY,-74.16940801399994,4.640645230000075,POINT (-74.16940801399994 4.640645230000075),PATIO BONITO
2019,ALCALDIA,LAS QUINTAS,56,CIUDAD BOLIVAR,-74.14440778299996,4.542262439000069,POINT (-74.14440778299996 4.542262439000069),LUCERO
2019,ALCALDIA,LAURELES,1604,BOSA,-74.20015505899994,4.609059013000035,POINT (-74.20015505899994 4.609059013000035),BOSA CENTRAL
2019,ALCALDIA,LAURELES II,570,BOSA,-74.20015505899994,4.609059013000035,POINT (-74.20015505899994 4.609059013000035),BOSA CENTRAL
2019,ALCALDIA,LEON VALENCIA,34,ENGATIVA,-74.10861136299997,4.70431129800005,POINT (-74.10861136299997 4.70431129800005),BOYACA REAL
2019,ALCALDIA,LIBERTADOR II,942,RAFAEL URIBE URIBE,-74.11613920499997,4.584036610000055,POINT (-74.11613920499997 4.584036610000055),QUIROGA
2019,ALCALDIA,LICEO CAMPESTRE CAFAM,41,TUNJUELITO,-74.14339962299994,4.577950295000051,POINT (-74.14339962299994 4.577950295000051),VENECIA
2019,ALCALDIA,LICEO CIUDAD CAPITAL,371,BOSA,-74.20114482099996,4.63751824700006,POINT (-74.20114482099996 4.63751824700006),TINTAL SUR
2019,ALCALDIA,LICEO DE LONDRES,63,SUBA,-74.0400502374159,4.80159485091338,POINT (-74.0400502374159 4.80159485091338),GUAYMARAL
2019,ALCALDIA,LICEO EL CASTILLO,107,KENNEDY,-74.14992682599996,4.643894623000051,POINT (-74.14992682599996 4.643894623000051),CASTILLA
2019,ALCALDIA,LICEO PARROQUIAL SARA ZAPATA,518,TEUSAQUILLO,-74.07275262899998,4.640129329000047,POINT (-74.07275262899998 4.640129329000047),GALERIAS
2019,ALCALDIA,LICEO PSICOPEDAGOGICO MARCO FIDEL SUAREZ,62,RAFAEL URIBE URIBE,-74.11835891999993,4.567893390000052,POINT (-74.11835891999993 4.567893390000052),MARCO FIDEL SUAREZ
2019,ALCALDIA,LICEO REYNEL,169,KENNEDY,-74.1385675399999,4.602633997000055,POINT (-74.1385675399999 4.602633997000055),CARVAJAL
2019,ALCALDIA,LICEO SAN PABLO,191,RAFAEL URIBE URIBE,-74.11162578799997,4.554455884000049,POINT (-74.11162578799997 4.554455884000049),MARRUECOS
2019,ALCALDIA,LICEO SANTA BERNARDITA,103,TUNJUELITO,-74.14308346399997,4.589990416000035,POINT (-74.14308346399997 4.589990416000035),VENECIA
2019,ALCALDIA,LIJACA,2537,USAQUEN,-74.02799443399994,4.765537425000048,POINT (-74.02799443399994 4.765537425000048),VERBENAL
2019,ALCALDIA,LA TOSCANA LISBOA SEDE A - IED,1868,SUBA,-74.12165519199993,4.743313741000065,POINT (-74.12165519199993 4.743313741000065),TIBABUYES
2019,ALCALDIA,LLANO ORIENTAL,412,BOSA,-74.19999755999999,4.603365075000056,POINT (-74.19999755999999 4.603365075000056),BOSA CENTRAL
2019,ALCALDIA,LOS ALAMOS,1871,ENGATIVA,-74.11978794899994,4.69570563000002,POINT (-74.11978794899994 4.69570563000002),ALAMOS
2019,ALCALDIA,LOS ALAMOS NORTE,2577,ENGATIVA,-74.11737052299998,4.710317149000048,POINT (-74.11737052299998 4.710317149000048),GARCES NAVAS
2019,ALCALDIA,LOS ALCAZARES,1026,BARRIOS UNIDOS,-74.07035057899998,4.663748039000041,POINT (-74.07035057899998 4.663748039000041),LOS ALCAZARES
2019,ALCALDIA,LOS ANGELES,62,PUENTE ARANDA,-74.13075839599998,4.599680025000055,POINT (-74.13075839599998 4.599680025000055),MUZU
2019,ALCALDIA,LOS CEREZOS,1217,ENGATIVA,-74.10015043799996,4.706390361000047,POINT (-74.10015043799996 4.706390361000047),MINUTO DE DIOS
2019,ALCALDIA,LOS COMUNEROS,1660,USME,-74.10874844399996,4.498587950000058,POINT (-74.10874844399996 4.498587950000058),COMUNEROS
2019,ALCALDIA,LOS HEROES,1252,KENNEDY,-74.14522563599996,4.62054082700007,POINT (-74.14522563599996 4.62054082700007),KENNEDY CENTRAL
2019,ALCALDIA,LOS LACHES,966,SANTA FE,-74.06663596699997,4.587465473000066,POINT (-74.06663596699997 4.587465473000066),LOURDES
2019,ALCALDIA,LOS LIBERTADORES,1217,SAN CRISTOBAL,-74.09086297499994,4.534402597000053,POINT (-74.09086297499994 4.534402597000053),LOS LIBERTADORES
2019,ALCALDIA,LOS MOLINOS II SECTOR,1360,RAFAEL URIBE URIBE,-74.10769519599995,4.55358904600007,POINT (-74.10769519599995 4.55358904600007),MARRUECOS
2019,ALCALDIA,LOS PERIODISTAS,1193,KENNEDY,-74.15832380899997,4.617388222000045,POINT (-74.15832380899997 4.617388222000045),KENNEDY CENTRAL
2019,ALCALDIA,LOS SAUCES,1402,PUENTE ARANDA,-74.11885339399998,4.596838563000063,POINT (-74.11885339399998 4.596838563000063),MUZU
2019,ALCALDIA,LUCERO DEL SUR,1541,CIUDAD BOLIVAR,-74.13841960299999,4.550661156000047,POINT (-74.13841960299999 4.550661156000047),LUCERO
2019,ALCALDIA,LUCERO MEDIO,717,CIUDAD BOLIVAR,-74.14561460299996,4.549026850000075,POINT (-74.14561460299996 4.549026850000075),LUCERO
2019,ALCALDIA,LUIS CARLOS GALAN SARMIENTO,93,PUENTE ARANDA,-74.11809662999997,4.611871056000041,POINT (-74.11809662999997 4.611871056000041),CIUDAD MONTES
2019,ALCALDIA,LUNA PARK,604,ANTONIO NARINO,-74.09726188799993,4.587194525000029,POINT (-74.09726188799993 4.587194525000029),RESTREPO
2019,ALCALDIA,LA ALDEA,584,FONTIBON,-74.150029,4.688916,POINT (-74.150029 4.688916),FONTIBON SAN PABLO
2019,ALCALDIA,LA FELICIDAD,1241,FONTIBON,-74.13059069599996,4.656356406000043,POINT (-74.13059069599996 4.656356406000043),GRANJAS DE TECHO
2019,ALCALDIA,MADELENA,2632,CIUDAD BOLIVAR,-74.15838841199997,4.586369214000058,POINT (-74.15838841199997 4.586369214000058),ARBORIZADORA
2019,ALCALDIA,MANDALAY - COLEGIO KENNEDY,2090,KENNEDY,-74.14082627699997,4.620267632000036,POINT (-74.14082627699997 4.620267632000036),AMERICAS
2019,ALCALDIA,MANUEL CEPEDA,680,KENNEDY,-74.17766230299998,4.616530014000034,POINT (-74.17766230299998 4.616530014000034),GRAN BRITALIA
2019,ALCALDIA,MANUEL ELKIN PATARROYO,236,BOSA,-74.20602105099994,4.61319506600006,POINT (-74.20602105099994 4.61319506600006),BOSA CENTRAL
2019,ALCALDIA,MANUELA BELTRAN,832,CIUDAD BOLIVAR,-74.15747735099995,4.57256518600002,POINT (-74.15747735099995 4.57256518600002),JERUSALEM
2019,ALCALDIA,MARANDU,38,CIUDAD BOLIVAR,-74.14910818199996,4.557420117000049,POINT (-74.14910818199996 4.557420117000049),LUCERO
2019,ALCALDIA,MARCO FIDEL SUAREZ,1465,RAFAEL URIBE URIBE,-74.12201370999998,4.568143763000023,POINT (-74.12201370999998 4.568143763000023),MARCO FIDEL SUAREZ
2019,ALCALDIA,MARGARITA BOSCO,340,ENGATIVA,-74.10595588499996,4.676707799000042,POINT (-74.10595588499996 4.676707799000042),SANTA CECILIA
2019,ALCALDIA,MARIA CANO,244,RAFAEL URIBE URIBE,-74.11541593199996,4.55925342200004,POINT (-74.11541593199996 4.55925342200004),MARRUECOS
2019,ALCALDIA,MARIA PAZ,1236,KENNEDY,-74.15796743599998,4.636868682000056,POINT (-74.15796743599998 4.636868682000056),CORABASTOS
2019,ALCALDIA,MARICHUELA,1913,USME,-74.11698187599995,4.512414104000072,POINT (-74.11698187599995 4.512414104000072),GRAN YOMASA
2019,ALCALDIA,MARISCAL SUCRE SEDE B,70,CHAPINERO,-74.06121181399999,4.630713135000065,POINT (-74.06121181399999 4.630713135000065),PARDO RUBIO
2019,ALCALDIA,MARRUECOS APARTAMENTOS,808,RAFAEL URIBE URIBE,-74.11256656599994,4.554367677000073,POINT (-74.11256656599994 4.554367677000073),MARRUECOS
2019,ALCALDIA,MARSELLA,2455,KENNEDY,-74.12731736499995,4.632151289000035,POINT (-74.12731736499995 4.632151289000035),BAVARIA
2019,ALCALDIA,MAXIMINO POITIERS,462,SUBA,-74.09098674199998,4.751536061000024,POINT (-74.09098674199998 4.751536061000024),SUBA
2019,ALCALDIA,MEDICINA LEGAL,406,SANTA FE,-74.08290337699998,4.597536173000037,POINT (-74.08290337699998 4.597536173000037),LAS NIEVES
2019,ALCALDIA,MEISSEN,773,CIUDAD BOLIVAR,-74.13563345799997,4.556714753000051,POINT (-74.13563345799997 4.556714753000051),LUCERO
2019,ALCALDIA,METRO ALQUERIA,358,KENNEDY,-74.13464627899998,4.602679980000062,POINT (-74.13464627899998 4.602679980000062),CARVAJAL
2019,ALCALDIA,METROPOLIS,2744,BARRIOS UNIDOS,-74.08229831399996,4.68054472700004,POINT (-74.08229831399996 4.68054472700004),DOCE DE OCTUBRE
2019,ALCALDIA,MEXICO,1333,CIUDAD BOLIVAR,-74.13659954999997,4.555005582000035,POINT (-74.13659954999997 4.555005582000035),LUCERO
2019,ALCALDIA,MIGUEL ANGEL ASTURIAS,101,BOSA,-74.18020678799996,4.603579112000034,POINT (-74.18020678799996 4.603579112000034),BOSA CENTRAL
2019,ALCALDIA,MILENIO PLAZA,1132,KENNEDY,-74.16878478099994,4.630349086000024,POINT (-74.16878478099994 4.630349086000024),PATIO BONITO
2019,ALCALDIA,MILENTA,1328,PUENTE ARANDA,-74.12565622599993,4.609531985000046,POINT (-74.12565622599993 4.609531985000046),CIUDAD MONTES
2019,ALCALDIA,MILLAN,17,CIUDAD BOLIVAR,-74.14900003799994,4.562076434000062,POINT (-74.14900003799994 4.562076434000062),SAN FRANCISCO
2019,ALCALDIA,MINUTO DE DIOS,3121,ENGATIVA,-74.09033767699998,4.698129252000058,POINT (-74.09033767699998 4.698129252000058),MINUTO DE DIOS
2019,ALCALDIA,MIRADOR DE MARROCOS,205,RAFAEL URIBE URIBE,-74.11357177299993,4.557800496000027,POINT (-74.11357177299993 4.557800496000027),MARRUECOS
2019,ALCALDIA,MIRANDELA - NUEVA ZELANDIA,393,SUBA,-74.04692983199999,4.765522131000068,POINT (-74.04692983199999 4.765522131000068),SAN JOSE DE BAVARIA
2019,ALCALDIA,MOCHUELO ALTO,114,CIUDAD BOLIVAR,-74.14828891199994,4.488795608000032,POINT (-74.14828891199994 4.488795608000032),
2019,ALCALDIA,MOCHUELO BAJO,232,CIUDAD BOLIVAR,-74.15202863899998,4.510414233000063,POINT (-74.15202863899998 4.510414233000063),
2019,ALCALDIA,MODELIA SUR,3015,FONTIBON,-74.11924086099998,4.670049755000036,POINT (-74.11924086099998 4.670049755000036),MODELIA
2019,ALCALDIA,MOLINOS DEL SUR,2941,RAFAEL URIBE URIBE,-74.11787294099997,4.555161542000064,POINT (-74.11787294099997 4.555161542000064),MARRUECOS
2019,ALCALDIA,MONTEBELLO,2067,SAN CRISTOBAL,-74.08799157699997,4.56674681800007,POINT (-74.08799157699997 4.56674681800007),20 DE JULIO
2019,ALCALDIA,MONTEBLANCO,1430,USME,-74.11504819099997,4.49678054900005,POINT (-74.11504819099997 4.49678054900005),COMUNEROS
2019,ALCALDIA,MONTREAL,294,CIUDAD BOLIVAR,-74.138289,4.553398,POINT (-74.138289 4.553398),LUCERO
2019,ALCALDIA,MORTIÑO,666,ENGATIVA,-74.12370081099994,4.713081742000043,POINT (-74.12370081099994 4.713081742000043),GARCES NAVAS
2019,ALCALDIA,MULTIPLAZA,230,FONTIBON,-74.12499241699999,4.653330242000038,POINT (-74.12499241699999 4.653330242000038),GRANJAS DE TECHO
2019,ALCALDIA,MURILLO TORO,765,LA CANDELARIA,-74.075,4.6001,POINT (-74.075 4.6001),LA CANDELARIA
2019,ALCALDIA,MUSEO DEL CHICO,550,CHAPINERO,-74.04334130099994,4.672882848000029,POINT (-74.04334130099994 4.672882848000029),EL REFUGIO
2019,ALCALDIA,MODELIA REAL,909,FONTIBON,-74.12140295499995,4.67060209300007,POINT (-74.12140295499995 4.67060209300007),MODELIA
2019,ALCALDIA,NACIONES UNIDAS SEDE B,79,ENGATIVA,-74.08858584999996,4.684366278000027,POINT (-74.08858584999996 4.684366278000027),LAS FERIAS
2019,ALCALDIA,NARANJOS,499,BOSA,-74.194879,4.609038,POINT (-74.194879 4.609038),BOSA CENTRAL
2019,ALCALDIA,NAZARETH,232,SUMAPAZ,-74.14727385499998,4.17263028900004,POINT (-74.14727385499998 4.17263028900004),
2019,ALCALDIA,NICOLAS DE FEDERMAN,1604,TEUSAQUILLO,-74.08198887899994,4.648238759000037,POINT (-74.08198887899994 4.648238759000037),LA ESMERALDA
2019,ALCALDIA,NICOLAS ESGUERRA,7,KENNEDY,-74.12260323399994,4.632326105000061,POINT (-74.12260323399994 4.632326105000061),BAVARIA
2019,ALCALDIA,CENTRO COMERCIAL BULEVAR NIZA,3770,SUBA,-74.071256,4.712328,POINT (-74.071256 4.712328),NIZA
2019,ALCALDIA,NIZA IX,2090,SUBA,-74.06067303499998,4.713495869000042,POINT (-74.06067303499998 4.713495869000042),EL PRADO
2019,ALCALDIA,NORMANDIA,2725,ENGATIVA,-74.10790265099996,4.661957395000059,POINT (-74.10790265099996 4.661957395000059),JARDIN BOTANICO
2019,ALCALDIA,NUESTRA SEÑORA LAS VICTORIAS,43,TUNJUELITO,-74.12895936099994,4.559268020000047,POINT (-74.12895936099994 4.559268020000047),TUNJUELITO
2019,ALCALDIA,NUESTRA SRA DE NAZARETH,41,BOSA,-74.1864221,4.6081721,POINT (-74.1864221 4.6081721),BOSA CENTRAL
2019,ALCALDIA,NUEVA ARGENTINA,501,CIUDAD BOLIVAR,-74.16226333099996,4.573266183000044,POINT (-74.16226333099996 4.573266183000044),JERUSALEM
2019,ALCALDIA,NUEVA ESTACION,484,BOSA,-74.182122,4.605258999000057,POINT (-74.182122 4.605258999000057),BOSA CENTRAL
2019,ALCALDIA,NUEVA GRANADA,260,BOSA,-74.192261,4.600995,POINT (-74.192261 4.600995),BOSA CENTRAL
2019,ALCALDIA,NUEVA ZELANDIA,2641,SUBA,-74.04953912599996,4.759085622000043,POINT (-74.04953912599996 4.759085622000043),SAN JOSE DE BAVARIA
2019,ALCALDIA,NUEVO CARLOS ALBAN,375,BOSA,-74.19669725799997,4.608147740000049,POINT (-74.19669725799997 4.608147740000049),BOSA CENTRAL
2019,ALCALDIA,NUEVO CHILE,1952,BOSA,-74.16626320399996,4.603305502000069,POINT (-74.16626320399996 4.603305502000069),APOGEO
2019,ALCALDIA,"NUEVO MUZU  ""A""",1130,TUNJUELITO,-74.14759957699994,4.586123155000053,POINT (-74.14759957699994 4.586123155000053),VENECIA
2019,ALCALDIA,NUSADAL,128,USME,-74.12011325299994,4.52479674500006,POINT (-74.12011325299994 4.52479674500006),GRAN YOMASA
2019,ALCALDIA,NAVARRA MODELIA,1151,FONTIBON,-74.117062,4.66582,POINT (-74.117062 4.66582),MODELIA
2019,ALCALDIA,"Nuevo  Muzo ""B""",308,TUNJUELITO,-74.14743701399993,4.585840278000035,POINT (-74.14743701399993 4.585840278000035),VENECIA
2019,ALCALDIA,OLAYA,1256,RAFAEL URIBE URIBE,-74.10905678999995,4.583496479000075,POINT (-74.10905678999995 4.583496479000075),QUIROGA
2019,ALCALDIA,ORLANDO HIGUITA,2543,BOSA,-74.18696811799998,4.625445099000046,POINT (-74.18696811799998 4.625445099000046),BOSA OCCIDENTAL
2019,ALCALDIA,PABLO DE TARSO,857,BOSA,-74.18698567899997,4.603976958000032,POINT (-74.18698567899997 4.603976958000032),BOSA CENTRAL
2019,ALCALDIA,PABLO NERUDA,93,FONTIBON,-74.14642965499996,4.672448641000074,POINT (-74.14642965499996 4.672448641000074),FONTIBON
2019,ALCALDIA,PABLO VI,2448,TEUSAQUILLO,-74.08685655099998,4.649792883000032,POINT (-74.08685655099998 4.649792883000032),LA ESMERALDA
2019,ALCALDIA,PABLO VI II ETAPA,878,TEUSAQUILLO,-74.08881135499996,4.650771604000056,POINT (-74.08881135499996 4.650771604000056),LA ESMERALDA
2019,ALCALDIA,PALACIO SAN FRANCISCO,1364,SANTA FE,-74.07359544099995,4.601961525000036,POINT (-74.07359544099995 4.601961525000036),LAS NIEVES
2019,ALCALDIA,PALERMO,2364,TEUSAQUILLO,-74.07408780599997,4.638043201000073,POINT (-74.07408780599997 4.638043201000073),GALERIAS
2019,ALCALDIA,PALERMO SUR,966,RAFAEL URIBE URIBE,-74.10971793799996,4.543099721000033,POINT (-74.10971793799996 4.543099721000033),DIANA TURBAY
2019,ALCALDIA,PALESTINA,1283,BOSA,-74.19364580199993,4.611871835000045,POINT (-74.19364580199993 4.611871835000045),BOSA CENTRAL
2019,ALCALDIA,PALO BLANCO,213,ENGATIVA,-74.095567,4.691378,POINT (-74.095567 4.691378),BOYACA REAL
2019,ALCALDIA,PANAMERICANO,346,LOS MARTIRES,-74.07883500499997,4.623057107000022,POINT (-74.07883500499997 4.623057107000022),LA SABANA
2019,ALCALDIA,PARQUEADERO GUACAMAYAS,1031,SAN CRISTOBAL,-74.10010721799995,4.557598894000023,POINT (-74.10010721799995 4.557598894000023),LA GLORIA
2019,ALCALDIA,PARROQUIAL SAN JOSE,75,RAFAEL URIBE URIBE,-74.122114,4.569197,POINT (-74.122114 4.569197),MARCO FIDEL SUAREZ
2019,ALCALDIA,PASADENA-LOS TRES ELEFANTES,3074,SUBA,-74.06293148299994,4.691086081000037,POINT (-74.06293148299994 4.691086081000037),LA ALHAMBRA
2019,ALCALDIA,PASQUILLA,145,CIUDAD BOLIVAR,-74.15583652,4.448451586000033,POINT (-74.15583652 4.448451586000033),
2019,ALCALDIA,PATIO BONITO,3412,KENNEDY,-74.15996042199998,4.640644361000057,POINT (-74.15996042199998 4.640644361000057),PATIO BONITO
2019,ALCALDIA,PATIOS,1426,KENNEDY,-74.16378937099995,4.642366606000053,POINT (-74.16378937099995 4.642366606000053),PATIO BONITO
2019,ALCALDIA,PATRIA,564,BARRIOS UNIDOS,-74.06517255399996,4.679075652000051,POINT (-74.06517255399996 4.679075652000051),LOS ANDES
2019,ALCALDIA,PENITENCIARIA LA PICOTA,43,NACIONAL,-74.11642879899995,4.549164521000023,POINT (-74.11642879899995 4.549164521000023),MARRUECOS
2019,ALCALDIA,PERPETUO SOCORRO,1594,KENNEDY,-74.16713612199999,4.605662528000039,POINT (-74.16713612199999 4.605662528000039),TIMIZA
2019,ALCALDIA,PIAMONTE,2444,BOSA,-74.19074859799997,4.606868318000068,POINT (-74.19074859799997 4.606868318000068),BOSA CENTRAL
2019,ALCALDIA,PIO XII,1552,KENNEDY,-74.1503792,4.6345534,POINT (-74.1503792 4.6345534),CASTILLA
2019,ALCALDIA,PLAZA CENTRAL,216,PUENTE ARANDA,-74.1552914,4.6250082,POINT (-74.1552914 4.6250082),KENNEDY CENTRAL
2019,ALCALDIA,PLAZA DE LOS ARTESANOS,57,BARRIOS UNIDOS,-74.08583786699995,4.664194991000045,POINT (-74.08583786699995 4.664194991000045),PARQUE SALITRE
2019,ALCALDIA,PLAZA MEXICO,4883,USAQUEN,-74.05045573999996,4.699343854000062,POINT (-74.05045573999996 4.699343854000062),SANTA BARBARA
2019,ALCALDIA,PLAZOLETA SANTA BARBARA,743,USAQUEN,-74.0322598455809,4.69355595973245,POINT (-74.0322598455809 4.69355595973245),USAQUEN
2019,ALCALDIA,PLAZUELAS DEL VIRREY,1847,ENGATIVA,-74.12330064799994,4.704557273000034,POINT (-74.12330064799994 4.704557273000034),GARCES NAVAS
2019,ALCALDIA,POLICARPA,1319,ANTONIO NARINO,-74.08822097599995,4.586603001000071,POINT (-74.08822097599995 4.586603001000071),CIUDAD JARDIN
2019,ALCALDIA,POLICARPA SALAVARRIETA,649,SANTA FE,-74.06780815299999,4.614912219000075,POINT (-74.06780815299999 4.614912219000075),SAGRADO CORAZON
2019,ALCALDIA,POLIDEPORTIVO  POLO,382,BARRIOS UNIDOS,-74.06335674899998,4.67546585100007,POINT (-74.06335674899998 4.67546585100007),LOS ALCAZARES
2019,ALCALDIA,POLO CLUB,1509,BARRIOS UNIDOS,-74.06070016599995,4.669161304000056,POINT (-74.06070016599995 4.669161304000056),LOS ALCAZARES
2019,ALCALDIA,PONTEVEDRA,3619,SUBA,-74.07401792199994,4.695967249000034,POINT (-74.07401792199994 4.695967249000034),LA FLORESTA
2019,ALCALDIA,POPULAR MODELO,3034,BARRIOS UNIDOS,-74.08165929299997,4.665450646000068,POINT (-74.08165929299997 4.665450646000068),DOCE DE OCTUBRE
2019,ALCALDIA,PORFIRIO BARBA JACOB,284,TUNJUELITO,-74.12999242699993,4.565889019000053,POINT (-74.12999242699993 4.565889019000053),TUNJUELITO
2019,ALCALDIA,PORTAL DE BRASIL,274,BOSA,-74.1851,4.6305,POINT (-74.1851 4.6305),BOSA OCCIDENTAL
2019,ALCALDIA,PORTAL USME,1194,USME,-74.11700227499995,4.532631466000055,POINT (-74.11700227499995 4.532631466000055),DANUBIO
2019,ALCALDIA,POTOSI (LA LAGUNA),602,CIUDAD BOLIVAR,-74.16954199599996,4.570871196000041,POINT (-74.16954199599996 4.570871196000041),JERUSALEM
2019,ALCALDIA,PRADO CIUDAD JARDIN,1677,SUBA,-74.06980868399995,4.719289007000043,POINT (-74.06980868399995 4.719289007000043),NIZA
2019,ALCALDIA,PRADO PINZON,2241,SUBA,-74.05738754199996,4.722990696000068,POINT (-74.05738754199996 4.722990696000068),EL PRADO
2019,ALCALDIA,PRADO SUR,1332,SUBA,-74.06435553799997,4.716510669000058,POINT (-74.06435553799997 4.716510669000058),NIZA
2019,ALCALDIA,PRADO VERANIEGO,2450,SUBA,-74.05417374199999,4.717159632000062,POINT (-74.05417374199999 4.717159632000062),EL PRADO
2019,ALCALDIA,PRIMAVERA,293,ENGATIVA,-74.10939312699998,4.615518683000062,POINT (-74.10939312699998 4.615518683000062),CIUDAD MONTES
2019,ALCALDIA,PRIMAVERA Y GORGONZOLA,398,PUENTE ARANDA,-74.1077,4.616299999000034,POINT (-74.1077 4.616299999000034),CIUDAD MONTES
2019,ALCALDIA,PRIMERA DE MAYO,1125,SAN CRISTOBAL,-74.09008012099997,4.574318484000059,POINT (-74.09008012099997 4.574318484000059),SOSIEGO
2019,ALCALDIA,PROSPERO PINZON,1891,KENNEDY,-74.15109253999998,4.624321243000054,POINT (-74.15109253999998 4.624321243000054),KENNEDY CENTRAL
2019,ALCALDIA,PROVIDENCIA,192,RAFAEL URIBE URIBE,-74.12083405699997,4.56171992000003,POINT (-74.12083405699997 4.56171992000003),MARRUECOS
2019,ALCALDIA,PUENTE ARANDA,757,PUENTE ARANDA,-74.10888560299998,4.632026551000024,POINT (-74.10888560299998 4.632026551000024),PUENTE ARANDA
2019,ALCALDIA,PUENTE GRANDE,807,FONTIBON,-74.16811639799994,4.697663889000069,POINT (-74.16811639799994 4.697663889000069),FONTIBON SAN PABLO
2019,ALCALDIA,PUENTE LARGO-EMMANUEL D.ALZON,2445,SUBA,-74.06724003999994,4.697970570000052,POINT (-74.06724003999994 4.697970570000052),LA ALHAMBRA
2019,ALCALDIA,PUERTA DE TEJA,812,FONTIBON,-74.12699896,4.682179560000066,POINT (-74.12699896 4.682179560000066),CAPELLANIA
2019,ALCALDIA,FUNDACION UNIVERSITARIA LUIS AMIGO,1414,SUBA,-74.07402013999996,4.71656025300007,POINT (-74.07402013999996 4.71656025300007),NIZA
2019,ALCALDIA,PUREZA DE MARÍA,216,USAQUEN,-74.02603038599995,4.722543736000034,POINT (-74.02603038599995 4.722543736000034),LOS CEDROS
2019,ALCALDIA,QUINTA PAREDES  A,818,TEUSAQUILLO,-74.09153300899999,4.63617090300005,POINT (-74.09153300899999 4.63617090300005),PARQUE SIMON BOLIVAR - CAN
2019,ALCALDIA,QUINTA PAREDES B,2128,TEUSAQUILLO,-74.09153300899999,4.63617090300005,POINT (-74.09153300899999 4.63617090300005),PARQUE SIMON BOLIVAR - CAN
2019,ALCALDIA,QUIRIGUA,3084,ENGATIVA,-74.10385843999995,4.707612070000039,POINT (-74.10385843999995 4.707612070000039),MINUTO DE DIOS
2019,ALCALDIA,QUIRIGUA (PLAZA DE MERCADO),1980,ENGATIVA,-74.09834882399997,4.712708186000043,POINT (-74.09834882399997 4.712708186000043),MINUTO DE DIOS
2019,ALCALDIA,QUIROGA,960,RAFAEL URIBE URIBE,-74.11055171399994,4.579222339000069,POINT (-74.11055171399994 4.579222339000069),QUIROGA
2019,ALCALDIA,RAFAEL DELGADO SEDE C,74,RAFAEL URIBE URIBE,-74.1252,4.5871,POINT (-74.1252 4.5871),QUIROGA
2019,ALCALDIA,RAFAEL NUÑEZ,1303,TEUSAQUILLO,-74.09262937299997,4.644623938000052,POINT (-74.09262937299997 4.644623938000052),PARQUE SIMON BOLIVAR - CAN
2019,ALCALDIA,RAFAEL URIBE LA PAZ,432,RAFAEL URIBE URIBE,-74.11728252499995,4.54371044800007,POINT (-74.11728252499995 4.54371044800007),DIANA TURBAY
2019,ALCALDIA,RAMAJAL,783,SAN CRISTOBAL,-74.08363441199998,4.562173595000047,POINT (-74.08363441199998 4.562173595000047),SAN BLAS
2019,ALCALDIA,RAMAJAL AMAPOLAS,85,SAN CRISTOBAL,-74.0829,4.5596,POINT (-74.0829 4.5596),SAN BLAS
2019,ALCALDIA,RECLUSION DE MUJERES EL BUEN PASTOR,15,NACIONAL,-74.07286631999995,4.682627639000032,POINT (-74.07286631999995 4.682627639000032),LOS ANDES
2019,ALCALDIA,RECODO,1554,FONTIBON,-74.16613786999994,4.680477448000033,POINT (-74.16613786999994 4.680477448000033),ZONA FRANCA
2019,ALCALDIA,RECREO MICHELSEN,1010,BOSA,-74.2066,4.631399999000053,POINT (-74.2066 4.631399999000053),TINTAL SUR
2019,ALCALDIA,REINO DE HOLANDA,905,RAFAEL URIBE URIBE,-74.11530818399996,4.567280720000042,POINT (-74.11530818399996 4.567280720000042),MARCO FIDEL SUAREZ
2019,ALCALDIA,REPUBLICA DEL CANADA,944,SAN CRISTOBAL,-74.08732730199995,4.53577178300003,POINT (-74.08732730199995 4.53577178300003),LOS LIBERTADORES
2019,ALCALDIA,RESIDENCIAS B.C.H.,858,TEUSAQUILLO,-74.08162454299998,4.629672908000032,POINT (-74.08162454299998 4.629672908000032),QUINTA PAREDES
2019,ALCALDIA,RESTREPO A,1881,ANTONIO NARINO,-74.09690012899995,4.585244524000075,POINT (-74.09690012899995 4.585244524000075),RESTREPO
2019,ALCALDIA,RESTREPO B,2506,ANTONIO NARINO,-74.09690012899995,4.585244524000075,POINT (-74.09690012899995 4.585244524000075),RESTREPO
2019,ALCALDIA,RESURRECCION,627,RAFAEL URIBE URIBE,-74.10933182899998,4.56841423700007,POINT (-74.10933182899998 4.56841423700007),MARCO FIDEL SUAREZ
2019,ALCALDIA,RICAURTE,1492,LOS MARTIRES,-74.09447962199994,4.610112401000038,POINT (-74.09447962199994 4.610112401000038),LA SABANA
2019,ALCALDIA,RIONEGRO,2247,BARRIOS UNIDOS,-74.06649724899995,4.684978809000029,POINT (-74.06649724899995 4.684978809000029),LOS ANDES
2019,ALCALDIA,ROMA,3919,KENNEDY,-74.17402687199996,4.610423380000043,POINT (-74.17402687199996 4.610423380000043),TIMIZA
2019,ALCALDIA,ROMA COLSUBSIDIO,37,SAN CRISTOBAL,-74.09591549099997,4.541079743000068,POINT (-74.09591549099997 4.541079743000068),LOS LIBERTADORES
2019,ALCALDIA,Colegio Rosa María de Gordillo,84,KENNEDY,-74.14644069899998,4.622060612000041,POINT (-74.14644069899998 4.622060612000041),KENNEDY CENTRAL
2019,ALCALDIA,SABANA DE TIBABUYES,4540,SUBA,-74.1103545,4.7477337,POINT (-74.1103545 4.7477337),TIBABUYES
2019,ALCALDIA,SAGRADO CORAZON,80,KENNEDY,-74.17712050399996,4.620347683000034,POINT (-74.17712050399996 4.620347683000034),GRAN BRITALIA
2019,ALCALDIA,SALAZAR GOMEZ,667,PUENTE ARANDA,-74.11809821699995,4.63356439000006,POINT (-74.11809821699995 4.63356439000006),PUENTE ARANDA
2019,ALCALDIA,SALITRE PLAZA,1164,FONTIBON,-74.10918052299996,4.652714735000075,POINT (-74.10918052299996 4.652714735000075),CIUDAD SALITRE OCCIDENTAL
2019,ALCALDIA,SALON COMUNAL ALAMOS,106,ENGATIVA,-74.11943141799998,4.696324618000062,POINT (-74.11943141799998 4.696324618000062),GARCES NAVAS
2019,ALCALDIA,SALON COMUNAL AURES II,321,SUBA,-74.10196150899998,4.733217357000058,POINT (-74.10196150899998 4.733217357000058),EL RINCON
2019,ALCALDIA,SALON COMUNAL BOITA II SECTOR,106,KENNEDY,-74.15639227399998,4.604087417000073,POINT (-74.15639227399998 4.604087417000073),TIMIZA
2019,ALCALDIA,SALON COMUNAL CARVAJAL OSORIO,173,KENNEDY,-74.138358,4.606928999000047,POINT (-74.138358 4.606928999000047),CARVAJAL
2019,ALCALDIA,SALON COMUNAL LA MARQUEZA,378,RAFAEL URIBE URIBE,-74.10688149599997,4.542306564000057,POINT (-74.10688149599997 4.542306564000057),DIANA TURBAY
2019,ALCALDIA,SALON COMUNAL MARSELLA,294,KENNEDY,-74.12702548099998,4.632976377000034,POINT (-74.12702548099998 4.632976377000034),BAVARIA
2019,ALCALDIA,SALON COMUNAL ROMA IV,171,KENNEDY,-74.17060252299996,4.611307113000066,POINT (-74.17060252299996 4.611307113000066),TIMIZA
2019,ALCALDIA,SALON COMUNAL SANTA CATALINA,138,KENNEDY,-74.15486891099994,4.606108603000052,POINT (-74.15486891099994 4.606108603000052),TIMIZA
2019,ALCALDIA,SALON COMUNAL SANTA ISABEL,551,LOS MARTIRES,-74.10290328699995,4.599747278000052,POINT (-74.10290328699995 4.599747278000052),SANTA ISABEL
2019,ALCALDIA,SALON COMUNAL VERAGUAS,380,PUENTE ARANDA,-74.10320906899994,4.606667879000042,POINT (-74.10320906899994 4.606667879000042),CIUDAD MONTES
2019,ALCALDIA,SALON COMUNAL VILLA CINDY,158,SUBA,-74.12773663999997,4.743752968000024,POINT (-74.12773663999997 4.743752968000024),TIBABUYES
2019,ALCALDIA,SALON COMUNAL VILLA MARIA,376,SUBA,-74.10368113999994,4.740587099000038,POINT (-74.10368113999994 4.740587099000038),EL RINCON
2019,ALCALDIA,SALON COMUNAL VILLA MAYOR,253,ANTONIO NARINO,-74.11921227799996,4.592108652000036,POINT (-74.11921227799996 4.592108652000036),RESTREPO
2019,ALCALDIA,SALUDCOOP NORTE,777,USAQUEN,-74.0571905,4.6844063,POINT (-74.0571905 4.6844063),CHICO LAGO
2019,ALCALDIA,SALÓN COMUNAL CEBADAL,51,RAFAEL URIBE URIBE,-74.115074,4.543416,POINT (-74.115074 4.543416),DIANA TURBAY
2019,ALCALDIA,SALÓN COMUNAL CLARET,349,RAFAEL URIBE URIBE,-74.12849366899997,4.583412801000065,POINT (-74.12849366899997 4.583412801000065),QUIROGA
2019,ALCALDIA,SALÓN COMUNAL COLÓN,730,PUENTE ARANDA,-74.11500638299998,4.622256958000037,POINT (-74.11500638299998 4.622256958000037),SAN RAFAEL
2019,ALCALDIA,SALÓN COMUNAL INGLES,314,RAFAEL URIBE URIBE,-74.12364275399995,4.583363954000049,POINT (-74.12364275399995 4.583363954000049),QUIROGA
2019,ALCALDIA,SALÓN COMUNAL LA PAZ NARANJOS,91,RAFAEL URIBE URIBE,-74.11372139099996,4.541364460000068,POINT (-74.11372139099996 4.541364460000068),DIANA TURBAY
2019,ALCALDIA,SALÓN COMUNAL LA TRINIDAD,222,PUENTE ARANDA,-74.11877985999996,4.623040511000056,POINT (-74.11877985999996 4.623040511000056),SAN RAFAEL
2019,ALCALDIA,SALÓN COMUNAL SAN ANTONIO SUR,141,ANTONIO NARINO,-74.09567293699996,4.590876381000044,POINT (-74.09567293699996 4.590876381000044),RESTREPO
2019,ALCALDIA,SAMPER MENDOZA,979,LOS MARTIRES,-74.08305313799997,4.61837266200007,POINT (-74.08305313799997 4.61837266200007),LA SABANA
2019,ALCALDIA,SAN AGUSTIN SUR,1445,RAFAEL URIBE URIBE,-74.11336675299998,4.547747282000046,POINT (-74.11336675299998 4.547747282000046),DIANA TURBAY
2019,ALCALDIA,SAN ANDRESITO,480,PUENTE ARANDA,-74.10142829999995,4.616956959000049,POINT (-74.10142829999995 4.616956959000049),ZONA INDUSTRIAL
2019,ALCALDIA,SAN ANTONIO,1341,ANTONIO NARINO,-74.09360645899994,4.587600355000063,POINT (-74.09360645899994 4.587600355000063),RESTREPO
2019,ALCALDIA,SAN ANTONIO UNIÓN COLOMBIA,2711,USAQUEN,-74.02751643799996,4.759461830000021,POINT (-74.02751643799996 4.759461830000021),VERBENAL
2019,ALCALDIA,HUNZA SEDE A - IED,34,TUNJUELITO,-74.08725561599994,4.720686158000035,POINT (-74.08725561599994 4.720686158000035),EL RINCON
2019,ALCALDIA,SAN BERNARDINO,1055,BOSA,-74.20614751399995,4.623649620000037,POINT (-74.20614751399995 4.623649620000037),BOSA OCCIDENTAL
2019,ALCALDIA,SAN BERNARDO,683,SANTA FE,-74.08471557899998,4.593608135000068,POINT (-74.08471557899998 4.593608135000068),LAS CRUCES
2019,ALCALDIA,SAN BLAS,2049,SAN CRISTOBAL,-74.08486411199993,4.571123991000036,POINT (-74.08486411199993 4.571123991000036),SOSIEGO
2019,ALCALDIA,SAN CARLOS,2346,TUNJUELITO,-74.12815740499997,4.569460392000053,POINT (-74.12815740499997 4.569460392000053),TUNJUELITO
2019,ALCALDIA,SAN CIPRIANO,2180,SUBA,-74.05503118599995,4.748629041000072,POINT (-74.05503118599995 4.748629041000072),BRITALIA
2019,ALCALDIA,SAN CRISTOBAL SUR,1748,SAN CRISTOBAL,-74.07945500099999,4.572707248000029,POINT (-74.07945500099999 4.572707248000029),SOSIEGO
2019,ALCALDIA,SAN EUSEBIO,127,PUENTE ARANDA,-74.12382051099996,4.603400123000029,POINT (-74.12382051099996 4.603400123000029),MUZU
2019,ALCALDIA,SAN FASON,591,LOS MARTIRES,-74.08133885899997,4.612162252000076,POINT (-74.08133885899997 4.612162252000076),LA SABANA
2019,ALCALDIA,SAN FELIPE,693,BARRIOS UNIDOS,-74.06340934299999,4.666845969000065,POINT (-74.06340934299999 4.666845969000065),LOS ALCAZARES
2019,ALCALDIA,SAN FERNANDO,1910,BARRIOS UNIDOS,-74.07670481199995,4.672777722000035,POINT (-74.07670481199995 4.672777722000035),DOCE DE OCTUBRE
2019,ALCALDIA,SAN FRANCISCO,3001,CIUDAD BOLIVAR,-74.14905784799998,4.563622939000027,POINT (-74.14905784799998 4.563622939000027),SAN FRANCISCO
2019,ALCALDIA,SAN FRANCISCO DE ASIS,205,LOS MARTIRES,-74.02816666799998,4.762865938000061,POINT (-74.02816666799998 4.762865938000061),VERBENAL
2019,ALCALDIA,SAN FRANCISCO EN EL TINTAL,1142,KENNEDY,-74.15821,4.649992999000062,POINT (-74.15821 4.649992999000062),CALANDAIMA
2019,ALCALDIA,SAN FRANCISCO SEDE A,419,CIUDAD BOLIVAR,-74.14975263099996,4.562514262000036,POINT (-74.14975263099996 4.562514262000036),SAN FRANCISCO
2019,ALCALDIA,SAN FRANCISCO SEDE B,643,CIUDAD BOLIVAR,-74.14975263099996,4.562514262000036,POINT (-74.14975263099996 4.562514262000036),SAN FRANCISCO
2019,ALCALDIA,SAN GERONIMO,132,SAN CRISTOBAL,-74.07476983,4.569051082000044,POINT (-74.07476983 4.569051082000044),SAN BLAS
2019,ALCALDIA,SAN IGNACIO,741,ENGATIVA,-74.11170781499999,4.673938038000074,POINT (-74.11170781499999 4.673938038000074),SANTA CECILIA
2019,ALCALDIA,SAN ISIDRO,1952,SAN CRISTOBAL,-74.10093586299996,4.565904587000034,POINT (-74.10093586299996 4.565904587000034),20 DE JULIO
2019,ALCALDIA,INSTITUTO PEDAGOGICO NACIONAL,3880,USAQUEN,-74.03444790099996,4.704392982000059,POINT (-74.03444790099996 4.704392982000059),COUNTRY CLUB
2019,ALCALDIA,SAN JORGE,279,RAFAEL URIBE URIBE,-74.12034817099999,4.571727375000023,POINT (-74.12034817099999 4.571727375000023),MARCO FIDEL SUAREZ
2019,ALCALDIA,SAN JOSE,1513,FONTIBON,-74.10269822499998,4.577056372000072,POINT (-74.10269822499998 4.577056372000072),SAN JOSE
2019,ALCALDIA,SAN JOSE BAVARIA-ABRAHAM LINCOLN,307,SUBA,-74.06104163399993,4.756619186000023,POINT (-74.06104163399993 4.756619186000023),BRITALIA
2019,ALCALDIA,SAN JUAN BOSCO SANTA ANA,489,SAN CRISTOBAL,-74.0858448,4.5775447,POINT (-74.0858448 4.5775447),SOSIEGO
2019,ALCALDIA,SAN JUAN DE SUMAPAZ,29,SUMAPAZ,-74.31516925599993,4.028746789000024,POINT (-74.31516925599993 4.028746789000024),
2019,ALCALDIA,SAN JUANITO,348,RAFAEL URIBE URIBE,-74.11959751699999,4.575572201000057,POINT (-74.11959751699999 4.575572201000057),MARCO FIDEL SUAREZ
2019,ALCALDIA,SAN LUIS,1000,TEUSAQUILLO,-74.06726194899994,4.64830091400006,POINT (-74.06726194899994 4.64830091400006),GALERIAS
2019,ALCALDIA,SAN LUIS SUBA,3197,SUBA,-74.0821847,4.6974761,POINT (-74.0821847 4.6974761),LA FLORESTA
2019,ALCALDIA,SAN MARCOS,3016,ENGATIVA,-74.10397213399995,4.685961514000041,POINT (-74.10397213399995 4.685961514000041),BOYACA REAL
2019,ALCALDIA,SAN MARTIN DE LOBA SUR,1700,SAN CRISTOBAL,-74.09566884599997,4.552086761000055,POINT (-74.09566884599997 4.552086761000055),LA GLORIA
2019,ALCALDIA,SAN MIGUEL,88,BARRIOS UNIDOS,-74.08108761399996,4.665057627000067,POINT (-74.08108761399996 4.665057627000067),DOCE DE OCTUBRE
2019,ALCALDIA,SAN NICOLAS-AGUSTINIANO NORTE,3171,SUBA,-74.07214129099998,4.700291338000056,POINT (-74.07214129099998 4.700291338000056),LA FLORESTA
2019,ALCALDIA,SAN PABLO LA PERLA,1232,FONTIBON,-74.15887107399993,4.688993233000076,POINT (-74.15887107399993 4.688993233000076),FONTIBON SAN PABLO
2019,ALCALDIA,SAN PEDRO SUR ORIENTAL,936,SAN CRISTOBAL,-74.08717515099994,4.564504542000066,POINT (-74.08717515099994 4.564504542000066),20 DE JULIO
2019,ALCALDIA,SAN RAFAEL,1837,PUENTE ARANDA,-74.11365582799993,4.619919495000033,POINT (-74.11365582799993 4.619919495000033),SAN RAFAEL
2019,ALCALDIA,SAN VICENTE COLSUBSIDIO,272,SAN CRISTOBAL,-74.087694,4.555281,POINT (-74.087694 4.555281),SAN BLAS
2019,ALCALDIA,SAN VICENTE FERRER,2225,TUNJUELITO,-74.13827658499997,4.577185763000045,POINT (-74.13827658499997 4.577185763000045),VENECIA
2019,ALCALDIA,SANTA ANA SUR,1089,SAN CRISTOBAL,-74.08415687399997,4.577041486000041,POINT (-74.08415687399997 4.577041486000041),SOSIEGO
2019,ALCALDIA,SANTA CECILIA,1020,ENGATIVA,-74.11305605299998,4.677248620000057,POINT (-74.11305605299998 4.677248620000057),SANTA CECILIA
2019,ALCALDIA,SANTA CECILIA - MODELIA,2042,FONTIBON,-74.12063458499995,4.671957665000036,POINT (-74.12063458499995 4.671957665000036),MODELIA
2019,ALCALDIA,SANTA CECILIA DE TUNJUELITO,59,TUNJUELITO,-74.12419151299997,4.558616506000021,POINT (-74.12419151299997 4.558616506000021),TUNJUELITO
2019,ALCALDIA,SANTA FE,1251,LOS MARTIRES,-74.07940438199995,4.61516279500006,POINT (-74.07940438199995 4.61516279500006),LA SABANA
2019,ALCALDIA,SANTA FE DE BOSA,1039,BOSA,-74.19523999299997,4.64115361100005,POINT (-74.19523999299997 4.64115361100005),EL PORVENIR
2019,ALCALDIA,SANTA HELENITA,2733,ENGATIVA,-74.10337860899995,4.688928773000043,POINT (-74.10337860899995 4.688928773000043),BOYACA REAL
2019,ALCALDIA,SANTA LIBRADA,2330,USME,-74.11594454099998,4.519357661000072,POINT (-74.11594454099998 4.519357661000072),GRAN YOMASA
2019,ALCALDIA,SANTA LUCIA,1350,RAFAEL URIBE URIBE,-74.12599363799995,4.577615822000041,POINT (-74.12599363799995 4.577615822000041),QUIROGA
2019,ALCALDIA,SANTA MARIA DE KENNEDY,1709,KENNEDY,-74.17647344399995,4.622501831000022,POINT (-74.17647344399995 4.622501831000022),GRAN BRITALIA
2019,ALCALDIA,SANTA MARTA,1032,USME,-74.11562807999996,4.525273169000059,POINT (-74.11562807999996 4.525273169000059),GRAN YOMASA
2019,ALCALDIA,SANTA MARTA DE PASTRANA,1537,KENNEDY,-74.1588714543584,4.61762770243009,POINT (-74.1588714543584 4.61762770243009),KENNEDY CENTRAL
2019,ALCALDIA,SANTA MATILDE,1918,PUENTE ARANDA,-74.10943884399995,4.603050434000068,POINT (-74.10943884399995 4.603050434000068),CIUDAD MONTES
2019,ALCALDIA,SANTA PAULA,4039,USAQUEN,-74.04258361999996,4.690482880000047,POINT (-74.04258361999996 4.690482880000047),SANTA BARBARA
2019,ALCALDIA,SANTA RITA,2278,PUENTE ARANDA,-74.12372762999996,4.59804774600002,POINT (-74.12372762999996 4.59804774600002),MUZU
2019,ALCALDIA,SANTA ROSA,13,CIUDAD BOLIVAR,-74.16104312099998,4.39716816300006,POINT (-74.16104312099998 4.39716816300006),
2019,ALCALDIA,SANTA ROSITA,2918,ENGATIVA,-74.10789106199996,4.701727638000023,POINT (-74.10789106199996 4.701727638000023),BOYACA REAL
2019,ALCALDIA,SANTA SOFIA,1081,BARRIOS UNIDOS,-74.06707617899997,4.670677322000074,POINT (-74.06707617899997 4.670677322000074),LOS ALCAZARES
2019,ALCALDIA,SANTA TERESITA,479,TEUSAQUILLO,-74.06879445899995,4.634295929000075,POINT (-74.06879445899995 4.634295929000075),TEUSAQUILLO
2019,ALCALDIA,SANTANDER,483,ANTONIO NARINO,-74.11035550799994,4.589816232000032,POINT (-74.11035550799994 4.589816232000032),RESTREPO
2019,ALCALDIA,SANTANDER SUR,755,ANTONIO NARINO,-74.11432248699998,4.590989214000047,POINT (-74.11432248699998 4.590989214000047),RESTREPO
2019,ALCALDIA,SANTO DOMINGO,1112,CIUDAD BOLIVAR,-74.17893964099994,4.578844444000026,POINT (-74.17893964099994 4.578844444000026),ISMAEL PERDOMO
2019,ALCALDIA,SANTO TOMAS DE AQUINO,5870,USAQUEN,-74.04961493999997,4.717314544000033,POINT (-74.04961493999997 4.717314544000033),COUNTRY CLUB
2019,ALCALDIA,SENA,1428,ANTONIO NARINO,-74.11194131099995,4.595189787000038,POINT (-74.11194131099995 4.595189787000038),RESTREPO
2019,ALCALDIA,SENA CALLE 52,1745,CHAPINERO,-74.06288077299996,4.65175626000007,POINT (-74.06288077299996 4.65175626000007),CHAPINERO
2019,ALCALDIA,SENA CALLE 65,1315,CHAPINERO,-74.06288077299996,4.65175626000007,POINT (-74.06288077299996 4.65175626000007),CHAPINERO
2019,ALCALDIA,SERVITA,5533,USAQUEN,-74.02346390099996,4.741405974000031,POINT (-74.02346390099996 4.741405974000031),LA URIBE
2019,ALCALDIA,SIERRA MORENA,1911,CIUDAD BOLIVAR,-74.16562389799998,4.577678521000053,POINT (-74.16562389799998 4.577678521000053),ISMAEL PERDOMO
2019,ALCALDIA,SIERVAS SAN JOSE LA CALLEJA,314,USAQUEN,-74.0497206555232,4.71438344221405,POINT (-74.0497206555232 4.71438344221405),COUNTRY CLUB
2019,ALCALDIA,SIETE DE AGOSTO,1496,BARRIOS UNIDOS,-74.07208126499995,4.654623555000057,POINT (-74.07208126499995 4.654623555000057),LOS ALCAZARES
2019,ALCALDIA,SIMON BOLIVAR,2780,BARRIOS UNIDOS,-74.08023466099996,4.675761623000028,POINT (-74.08023466099996 4.675761623000028),DOCE DE OCTUBRE
2019,ALCALDIA,SOSIEGO,872,SAN CRISTOBAL,-74.09301011799994,4.576361586000075,POINT (-74.09301011799994 4.576361586000075),SOSIEGO
2019,ALCALDIA,SOTAVENTO,1577,CIUDAD BOLIVAR,-74.13939966599997,4.544400308000036,POINT (-74.13939966599997 4.544400308000036),EL TESORO
2019,ALCALDIA,STA. MARIA DEL LAGO,1632,ENGATIVA,-74.09470131699999,4.691661443000044,POINT (-74.09470131699999 4.691661443000044),BOYACA REAL
2019,ALCALDIA,SUBA SAN FRANCISCO,379,SUBA,,5.6830666,POINT (NaN 5.6830666),
2019,ALCALDIA,SUBA SANTA CECILIA,412,SUBA,-74.1270866,4.7436731,POINT (-74.1270866 4.7436731),TIBABUYES
2019,ALCALDIA,SUPERCADE SUBA,2670,SUBA,-74.0949675931951,4.7472775574386,POINT (-74.0949675931951 4.7472775574386),SUBA
2019,ALCALDIA,SURAMERICA,158,SAN CRISTOBAL,-74.09360624499999,4.565286383000057,POINT (-74.09360624499999 4.565286383000057),20 DE JULIO
2019,ALCALDIA,SURBANA,592,BOSA,-74.16766293699999,4.597031586000071,POINT (-74.16766293699999 4.597031586000071),APOGEO
2019,ALCALDIA,SANTA TERESA CENTRO,823,FONTIBON,-74.142523,4.673794,POINT (-74.142523 4.673794),FONTIBON
2019,ALCALDIA,TABORA,1840,ENGATIVA,-74.09808773399999,4.693789436000031,POINT (-74.09808773399999 4.693789436000031),BOYACA REAL
2019,ALCALDIA,TAGASTE,507,KENNEDY,-74.14514653899994,4.653395062000072,POINT (-74.14514653899994 4.653395062000072),TINTAL NORTE
2019,ALCALDIA,TANQUE-SIERRA MORENA,22,CIUDAD BOLIVAR,-74.16957684499994,4.574785834000068,POINT (-74.16957684499994 4.574785834000068),ISMAEL PERDOMO
2019,ALCALDIA,LOS TEJARES,220,USME,-74.12752014499995,4.60858481300005,POINT (-74.12752014499995 4.60858481300005),CIUDAD MONTES
2019,ALCALDIA,TEJARES NORTE,3111,SUBA,-74.05026994599996,4.762782869000034,POINT (-74.05026994599996 4.762782869000034),SAN JOSE DE BAVARIA
2019,ALCALDIA,TENERIFE,198,USME,-74.11880590699997,4.503935167000066,POINT (-74.11880590699997 4.503935167000066),COMUNEROS
2019,ALCALDIA,TEQUENDAMA PAULO VI SD A,422,KENNEDY,-74.1590398654412,4.62208133314397,POINT (-74.1590398654412 4.62208133314397),KENNEDY CENTRAL
2019,ALCALDIA,TEUSAQUILLO,1211,TEUSAQUILLO,-74.07273435499997,4.621280332000026,POINT (-74.07273435499997 4.621280332000026),TEUSAQUILLO
2019,ALCALDIA,TIBABUYES UNIVERSAL,2386,SUBA,-74.11057586699997,4.746231617000035,POINT (-74.11057586699997 4.746231617000035),TIBABUYES
2019,ALCALDIA,TIERRA DE CASTILLOS,1605,KENNEDY,-74.1474025087832,4.64602637852169,POINT (-74.1474025087832 4.64602637852169),CASTILLA
2019,ALCALDIA,TIMIZA,2678,KENNEDY,-74.1519461,4.6163963,POINT (-74.1519461 4.6163963),CARVAJAL
2019,ALCALDIA,TINTALITO,1952,KENNEDY,-74.17220865799999,4.634596462000047,POINT (-74.17220865799999 4.634596462000047),PATIO BONITO
2019,ALCALDIA,TISQUESUSA,519,ENGATIVA,-74.09468949399997,4.702307462000022,POINT (-74.09468949399997 4.702307462000022),MINUTO DE DIOS
2019,ALCALDIA,COLEGIO NUEVO HORIZONTE SEDE D TORCA,56,USAQUEN,-74.03027211099999,4.800523084000076,POINT (-74.03027211099999 4.800523084000076),
2019,ALCALDIA,TORQUIGUA,986,ENGATIVA,-74.14340953399994,4.721749836000072,POINT (-74.14340953399994 4.721749836000072),ENGATIVA
2019,ALCALDIA,TORRE MAYOR,14,RAFAEL URIBE URIBE,-74.11768289499997,4.588368023000044,POINT (-74.11768289499997 4.588368023000044),QUIROGA
2019,ALCALDIA,TRES ESTANCIAS,262,FONTIBON,-74.16417606199997,4.682814584000027,POINT (-74.16417606199997 4.682814584000027),ZONA FRANCA
2019,ALCALDIA,TUNJUELITO A,1608,TUNJUELITO,-74.12478150499999,4.559472671000037,POINT (-74.12478150499999 4.559472671000037),TUNJUELITO
2019,ALCALDIA,TUNJUELITO B,296,TUNJUELITO,-74.12478150499999,4.559472671000037,POINT (-74.12478150499999 4.559472671000037),TUNJUELITO
2019,ALCALDIA,Tres Elefantes - La Esperanza,1889,FONTIBON,-74.11834597299998,4.660055099000033,POINT (-74.11834597299998 4.660055099000033),MODELIA
2019,ALCALDIA,U. SANTO TOMAS CLAUSTRO,172,CHAPINERO,-74.06425369999994,4.637994372000037,POINT (-74.06425369999994 4.637994372000037),CHAPINERO
2019,ALCALDIA,CENTRO COMERCIAL UNICENTRO,10732,USAQUEN,-74.04262499899994,4.702378772000031,POINT (-74.04262499899994 4.702378772000031),SANTA BARBARA
2019,ALCALDIA,UNICENTRO DE OCCIDENTE,771,ENGATIVA,-74.11353947199996,4.722981324000045,POINT (-74.11353947199996 4.722981324000045),BOLIVIA
2019,ALCALDIA,UNION EUROPEA,139,CIUDAD BOLIVAR,-74.14190997599997,4.555916854000031,POINT (-74.14190997599997 4.555916854000031),LUCERO
2019,ALCALDIA,UNIVERSIDAD CATOLICA,151,CHAPINERO,-74.06605078299998,4.634834046000037,POINT (-74.06605078299998 4.634834046000037),CHAPINERO
2019,ALCALDIA,UNIVERSIDAD DE LA SALLE,191,CHAPINERO,-74.06006505099998,4.644731879000062,POINT (-74.06006505099998 4.644731879000062),PARDO RUBIO
2019,ALCALDIA,UNIVERSIDAD DEL BOSQUE,5329,USAQUEN,-74.03238880699996,4.710340756000051,POINT (-74.03238880699996 4.710340756000051),USAQUEN
2019,ALCALDIA,UNIVERSIDAD DISTRITAL,1190,CHAPINERO,-74.06579504799998,4.62818951600002,POINT (-74.06579504799998 4.62818951600002),CHAPINERO
2019,ALCALDIA,UNIVERSIDAD EAN,2683,CHAPINERO,-74.05480025299994,4.663431077000041,POINT (-74.05480025299994 4.663431077000041),CHICO LAGO
2019,ALCALDIA,UNIVERSIDAD ECCI,42,TEUSAQUILLO,-74.07135072599993,4.63679985400006,POINT (-74.07135072599993 4.63679985400006),TEUSAQUILLO
2019,ALCALDIA,UNIVERSIDAD INCCA DE COLOMBIA,84,SANTA FE,-74.07312632399999,4.611820395000052,POINT (-74.07312632399999 4.611820395000052),LAS NIEVES
2019,ALCALDIA,UNIVERSIDAD JORGE TADEO LOZANO,328,SANTA FE,-74.06791989499999,4.607395405000034,POINT (-74.06791989499999 4.607395405000034),LAS NIEVES
2019,ALCALDIA,UNIVERSIDAD KONRAD LORENZ,2199,CHAPINERO,-74.06145695999999,4.64841756200002,POINT (-74.06145695999999 4.64841756200002),CHAPINERO
2019,ALCALDIA,UNIVERSIDAD MILITAR,170,USAQUEN,-74.04260518899997,4.683697676000065,POINT (-74.04260518899997 4.683697676000065),USAQUEN
2019,ALCALDIA,UNIVERSIDAD PEDAGOGICA NACIONA,1644,CHAPINERO,-74.05929989299995,4.657867382000063,POINT (-74.05929989299995 4.657867382000063),CHICO LAGO
2019,ALCALDIA,UNIVERSIDAD PILOTO,1234,CHAPINERO,-74.06547382099996,4.632772357000022,POINT (-74.06547382099996 4.632772357000022),CHAPINERO
2019,ALCALDIA,UNIVERSIDAD SERGIO ARBOLEDA,1281,CHAPINERO,-74.05979578899996,4.660894645000042,POINT (-74.05979578899996 4.660894645000042),CHICO LAGO
2019,ALCALDIA,UNIVERSIDAD UDCA,343,ENGATIVA,-74.04886565299995,4.80022380500003,POINT (-74.04886565299995 4.80022380500003),
2019,ALCALDIA,USAQUÉN,5674,USAQUEN,-74.03094040199994,4.695968200000038,POINT (-74.03094040199994 4.695968200000038),USAQUEN
2019,ALCALDIA,USME,1669,USME,-74.12153515999995,4.472581938000076,POINT (-74.12153515999995 4.472581938000076),CIUDAD USME
2019,ALCALDIA,USME - CENTRO,171,USME,-74.12533529199999,4.469545080000046,POINT (-74.12533529199999 4.469545080000046),CIUDAD USME
2019,ALCALDIA,USMINIA,1030,USME,-74.11448729499995,4.495438658000069,POINT (-74.11448729499995 4.495438658000069),COMUNEROS
2019,ALCALDIA,UVAL - PUERTA AL LLANO,278,USME,-74.102477,4.487109,POINT (-74.102477 4.487109),ALFONSO LOPEZ
2019,ALCALDIA,VALLADOLID,984,KENNEDY,-74.1469673,4.6452938,POINT (-74.1469673 4.6452938),CASTILLA
2019,ALCALDIA,VALLES DE CAFAM,822,USME,-74.11805941599994,4.507653595000022,POINT (-74.11805941599994 4.507653595000022),COMUNEROS
2019,ALCALDIA,VAN UDEN CALLE 13,112,FONTIBON,-74.160905,4.688375,POINT (-74.160905 4.688375),FONTIBON SAN PABLO
2019,ALCALDIA,VENECIA A,2746,TUNJUELITO,-74.14358300899994,4.59223242500002,POINT (-74.14358300899994 4.59223242500002),VENECIA
2019,ALCALDIA,VENECIA B,741,TUNJUELITO,-74.14358300899994,4.59223242500002,POINT (-74.14358300899994 4.59223242500002),VENECIA
2019,ALCALDIA,VERACRUZ,2727,FONTIBON,-74.13770941799999,4.679446399000028,POINT (-74.13770941799999 4.679446399000028),FONTIBON
2019,ALCALDIA,VERAGUAS,1059,LOS MARTIRES,-74.09628110899996,4.602877286000023,POINT (-74.09628110899996 4.602877286000023),SANTA ISABEL
2019,ALCALDIA,VERBENAL SANTA MARIA,1055,USAQUEN,-74.03284929899996,4.762672443000042,POINT (-74.03284929899996 4.762672443000042),VERBENAL
2019,ALCALDIA,VEREDA QUIBA,142,CIUDAD BOLIVAR,-74.16620634799995,4.52830381800004,POINT (-74.16620634799995 4.52830381800004),
2019,ALCALDIA,VERSALLES,3149,FONTIBON,-74.14523521799998,4.686837268000033,POINT (-74.14523521799998 4.686837268000033),FONTIBON
2019,ALCALDIA,VIA AL LLANO,32,USME,-74.10721802999996,4.507312379000041,POINT (-74.10721802999996 4.507312379000041),GRAN YOMASA
2019,ALCALDIA,VILLA ADRIANA,1212,KENNEDY,-74.12908471199995,4.612923953000063,POINT (-74.12908471199995 4.612923953000063),AMERICAS
2019,ALCALDIA,VILLA ALEMANIA,204,USME,-74.11255110899998,4.489735673000041,POINT (-74.11255110899998 4.489735673000041),CIUDAD USME
2019,ALCALDIA,VILLA AMALIA,2678,ENGATIVA,-74.12630135199998,4.710598490000052,POINT (-74.12630135199998 4.710598490000052),GARCES NAVAS
2019,ALCALDIA,VILLA CONSTANZA,559,ENGATIVA,-74.12846496099996,4.708291404000022,POINT (-74.12846496099996 4.708291404000022),ENGATIVA
2019,ALCALDIA,VILLA DE LOS ALPES,1735,SAN CRISTOBAL,-74.09844988499998,4.561453494000034,POINT (-74.09844988499998 4.561453494000034),20 DE JULIO
2019,ALCALDIA,VILLA DEL CERRO,681,SAN CRISTOBAL,-74.09562216299997,4.544188748000067,POINT (-74.09562216299997 4.544188748000067),LOS LIBERTADORES
2019,ALCALDIA,VILLA DEL PRADO-UNI. AGRARIA,4896,SUBA,-74.05350403899996,4.753459328000076,POINT (-74.05350403899996 4.753459328000076),SAN JOSE DE BAVARIA
2019,ALCALDIA,VILLA DEL RIO,2032,BOSA,-74.15738736799995,4.602225416000067,POINT (-74.15738736799995 4.602225416000067),APOGEO
2019,ALCALDIA,VILLA DEL RIO II,479,BOSA,-74.15738736799995,4.602225416000067,POINT (-74.15738736799995 4.602225416000067),APOGEO
2019,ALCALDIA,VILLA GLADYS,1959,ENGATIVA,-74.13430698299999,4.705067449000069,POINT (-74.13430698299999 4.705067449000069),ENGATIVA
2019,ALCALDIA,VILLA GLORIA SUR,427,CIUDAD BOLIVAR,-74.15275059699997,4.553459471000053,POINT (-74.15275059699997 4.553459471000053),LUCERO
2019,ALCALDIA,VILLA HERMOSA,1354,USME,-74.10232047799997,4.493986247000066,POINT (-74.10232047799997 4.493986247000066),ALFONSO LOPEZ
2019,ALCALDIA,VILLA JAVIER LA MARIA,67,SAN CRISTOBAL,-74.08339734299994,4.579778144000045,POINT (-74.08339734299994 4.579778144000045),SOSIEGO
2019,ALCALDIA,VILLA LUZ,3022,ENGATIVA,-74.10643212699995,4.68078184500007,POINT (-74.10643212699995 4.68078184500007),SANTA CECILIA
2019,ALCALDIA,VILLA MAYOR,1970,ANTONIO NARINO,-74.12509335199996,4.592644459000041,POINT (-74.12509335199996 4.592644459000041),RESTREPO
2019,ALCALDIA,VILLA MAYOR LA NUEVA,1105,RAFAEL URIBE URIBE,-74.12704196399994,4.589394040000059,POINT (-74.12704196399994 4.589394040000059),QUIROGA
2019,ALCALDIA,VILLA RICA,633,KENNEDY,-74.16641358299995,4.611437642000055,POINT (-74.16641358299995 4.611437642000055),TIMIZA
2019,ALCALDIA,VILLANUEVA,1047,KENNEDY,-74.14097588099997,4.603200021000021,POINT (-74.14097588099997 4.603200021000021),CARVAJAL
2019,ALCALDIA,VILLAS DE GRANADA,3508,ENGATIVA,-74.12971919999995,4.716057361000026,POINT (-74.12971919999995 4.716057361000026),GARCES NAVAS
2019,ALCALDIA,VILLEMAR,2523,FONTIBON,-74.13918465199998,4.672594228000037,POINT (-74.13918465199998 4.672594228000037),FONTIBON
2019,ALCALDIA,VISTAHERMOSA,1828,CIUDAD BOLIVAR,-74.14905681699997,4.54710188100006,POINT (-74.14905681699997 4.54710188100006),LUCERO
2019,ALCALDIA,ZARZAMORA,1796,ENGATIVA,-74.10797802399998,4.696281935000059,POINT (-74.10797802399998 4.696281935000059),BOYACA REAL
2019,ALCALDIA,ZONA FRANCA,2405,FONTIBON,-74.15965763099996,4.671739569000067,POINT (-74.15965763099996 4.671739569000067),ZONA FRANCA
2019,ALCALDIA,ALQUERIA DE LA FRAGUA,1856,KENNEDY,-74.1321490829876,4.6069947558269,POINT (-74.1321490829876 4.6069947558269),CARVAJAL
2019,ALCALDIA,ALQUERIA,1886,PUENTE ARANDA,-74.1345257,4.5943297,POINT (-74.1345257 4.5943297),MUZU
2019,ALCALDIA,ANTIGUO COUNTRY PLAZOLETA CARULLA,3501,CHAPINERO,-74.07001943899996,4.59294339500002,POINT (-74.07001943899996 4.59294339500002),LA CANDELARIA
2019,ALCALDIA,ARBORIZADORA BAJA,2142,CIUDAD BOLIVAR,-74.1499205179189,4.5743303249144,POINT (-74.1499205179189 4.5743303249144),ARBORIZADORA
2019,ALCALDIA,BELLAVISTA SAN CRISTOBAL,1446,SAN CRISTOBAL,-74.0884874,4.5509337,POINT (-74.0884874 4.5509337),SAN BLAS
2019,ALCALDIA,CARCEL DISTRITAL,49,LA CANDELARIA,-74.2330287969999,4.55798323700003,POINT (-74.2330287969999 4.55798323700003),
2019,ALCALDIA,CARCEL DISTRITAL JUDICIAL MODELO,37,CIUDAD BOLIVAR,-74.3145334759999,4.54050315800004,POINT (-74.3145334759999 4.54050315800004),
2019,ALCALDIA,RAMON DE ZUBIRIA SEDE A - IED,980,SUBA,-74.092143,4.725401,POINT (-74.092143 4.725401),EL RINCON
2019,ALCALDIA,SAN BENITO ABAD,1945,TUNJUELITO,-74.13704436299997,4.56659538100007,POINT (-74.13704436299997 4.56659538100007),TUNJUELITO
2019,ALCALDIA,SAN JOAQUIN,248,ENGATIVA,-74.089027,4.680191,POINT (-74.089027 4.680191),LAS FERIAS
2019,ALCALDIA,SAN JOAQUIN DEL VATICANO,1078,CIUDAD BOLIVAR,-74.14493207799995,4.537077279000073,POINT (-74.14493207799995 4.537077279000073),EL TESORO
2019,ALCALDIA,CASAVIANCA,643,CIUDAD BOLIVAR,-74.18273609599999,4.59551443700002,POINT (-74.18273609599999 4.59551443700002),ISMAEL PERDOMO
2019,ALCALDIA,CASABLANCA 32,2793,KENNEDY,-74.16793260399999,4.618398016000071,POINT (-74.16793260399999 4.618398016000071),KENNEDY CENTRAL
2019,ALCALDIA,CASABLANCA SUBA,876,SUBA,-74.0722159,4.7458817,POINT (-74.0722159 4.7458817),CASA BLANCA SUBA
2019,ALCALDIA,LOS CEDRITOS,4166,USAQUEN,-74.0455034,4.7242924,POINT (-74.0455034 4.7242924),LOS CEDROS
2019,ALCALDIA,CENTRO COMERCIAL CEDRITOS 151,7402,USAQUEN,-74.04181593299995,4.731490087000054,POINT (-74.04181593299995 4.731490087000054),LOS CEDROS
2023,ALCALDIA,LOS CEDRITOS,13070,NACIONAL,-74.08994026099998,4.630369649000045,POINT (-74.08994026099998 4.630369649000045),QUINTA PAREDES
2023,ALCALDIA,CENTRO COMERCIAL UNICENTRO,12560,USAQUEN,-74.04262499899994,4.702378772000031,POINT (-74.04262499899994 4.702378772000031),SANTA BARBARA
2023,ALCALDIA,CENTRO COMERCIAL CEDRITOS 151,8100,USAQUEN,-74.04181593299995,4.731490087000054,POINT (-74.04181593299995 4.731490087000054),LOS CEDROS
2023,ALCALDIA,COLEGIO HIJAS DE CRISTO REY,7387,SUBA,-74.06727899399993,4.729443382000056,POINT (-74.06727899399993 4.729443382000056),CASA BLANCA SUBA
2023,ALCALDIA,SERVITA,7137,USAQUEN,-74.02346390099996,4.741405974000031,POINT (-74.02346390099996 4.741405974000031),LA URIBE
2023,ALCALDIA,CENTRO COMERCIAL PASEO SAN RAFAEL,6755,SUBA,-74.06227484099998,4.723020992000045,POINT (-74.06227484099998 4.723020992000045),NIZA
2023,ALCALDIA,ALMACEN ÉXITO LA COLINA,6676,SUBA,-74.06607258999998,4.734711480000044,POINT (-74.06607258999998 4.734711480000044),CASA BLANCA SUBA
2023,ALCALDIA,CENTRO COMERCIAL BULEVAR NIZA,6658,SUBA,-74.071256,4.712328,POINT (-74.071256 4.712328),NIZA
2023,ALCALDIA,CC PARQUE LA COLINA,6418,SUBA,-74.06549087099995,4.732516249000071,POINT (-74.06549087099995 4.732516249000071),CASA BLANCA SUBA
2023,ALCALDIA,CENTRO COMERCIAL BULEVAR NIZA,6386,SUBA,-74.071256,4.712328,POINT (-74.071256 4.712328),NIZA
2023,ALCALDIA,HAYUELOS CENTRO COMERCIAL,6254,FONTIBON,-74.13054683599995,4.664203605000068,POINT (-74.13054683599995 4.664203605000068),GRANJAS DE TECHO
2023,ALCALDIA,FONTIBON,6160,FONTIBON,-74.14450537799996,4.67263517300006,POINT (-74.14450537799996 4.67263517300006),FONTIBON
2023,ALCALDIA,LA ALHAMBRA CARULLA,5910,SUBA,-74.05748506699996,4.698879248000026,POINT (-74.05748506699996 4.698879248000026),LA ALHAMBRA
2023,ALCALDIA,USAQUÉN,5894,USAQUEN,-74.03094040199994,4.695968200000038,POINT (-74.03094040199994 4.695968200000038),USAQUEN
2023,ALCALDIA,SANTO TOMAS DE AQUINO,5868,USAQUEN,-74.04961493999997,4.717314544000033,POINT (-74.04961493999997 4.717314544000033),COUNTRY CLUB
2023,ALCALDIA,SALITRE PLAZA,5844,FONTIBON,-74.10918052299996,4.652714735000075,POINT (-74.10918052299996 4.652714735000075),CIUDAD SALITRE OCCIDENTAL
2023,ALCALDIA,CENTRO COMERCIAL EL EDEN,5596,KENNEDY,-74.12914780899996,4.646525628000063,POINT (-74.12914780899996 4.646525628000063),BAVARIA
2023,ALCALDIA,CENTRO COMERCIAL HACIENDA SANTA BARBARA,5567,USAQUEN,-74.03165673299998,4.692593026000054,POINT (-74.03165673299998 4.692593026000054),USAQUEN
2023,ALCALDIA,UNIVERSIDAD EL BOSQUE,5383,USAQUEN,-74.03238880699996,4.710340756000051,POINT (-74.03238880699996 4.710340756000051),USAQUEN
2023,ALCALDIA,CIUDADELA COLSUBSIDIO,5376,ENGATIVA,-74.11391557099995,4.720811409000021,POINT (-74.11391557099995 4.720811409000021),BOLIVIA
2023,ALCALDIA,CENTRO COMERCIAL MAZUREN,5209,SUBA,-74.05005202099994,4.736490337000021,POINT (-74.05005202099994 4.736490337000021),EL PRADO
2023,ALCALDIA,BOCHICA,5167,ENGATIVA,-74.11216229099995,4.710570740000037,POINT (-74.11216229099995 4.710570740000037),BOLIVIA
2023,ALCALDIA,EL CORTIJO,5162,USME,-74.12238073899994,4.725671602000034,POINT (-74.12238073899994 4.725671602000034),BOLIVIA
2023,ALCALDIA,PLAZA MEXICO,5073,USAQUEN,-74.05045573999996,4.699343854000062,POINT (-74.05045573999996 4.699343854000062),SANTA BARBARA
2023,ALCALDIA,ENGATIVA,5072,ENGATIVA,-74.14095824099996,4.716288231000021,POINT (-74.14095824099996 4.716288231000021),ENGATIVA
2023,ALCALDIA,VILLA DEL PRADO UNIAGRARIA,5063,SUBA,-74.05350403899996,4.753459328000076,POINT (-74.05350403899996 4.753459328000076),SAN JOSE DE BAVARIA
2023,ALCALDIA,GRAN GRANADA,5063,ENGATIVA,-74.12272130999997,4.72099436000002,POINT (-74.12272130999997 4.72099436000002),GARCES NAVAS
2023,ALCALDIA,LA LIBERTAD,5042,BOSA,-74.19449057699995,4.625125380000043,POINT (-74.19449057699995 4.625125380000043),BOSA OCCIDENTAL
2023,ALCALDIA,DON BOSCO - IED,4844,SUBA,-74.10748214699998,4.750413598000023,POINT (-74.10748214699998 4.750413598000023),TIBABUYES
2023,ALCALDIA,ALVARO GOMEZ HURTADO SEDE A - IED,4634,SUBA,-74.0968505,4.730444498000054,POINT (-74.0968505 4.730444498000054),EL RINCON
2023,ALCALDIA,ALBERTO LLERAS CAMARGO - IED,4615,SUBA,-74.10211914699994,4.744081447000042,POINT (-74.10211914699994 4.744081447000042),EL RINCON
2023,ALCALDIA,COL. GABRIEL BETANCOURT MEJIA,4579,KENNEDY,-74.15653033799998,4.644541436000054,POINT (-74.15653033799998 4.644541436000054),CALANDAIMA
2023,ALCALDIA,GERARDO PAREDES - IED,4548,SUBA,-74.09362809099997,4.72587057100003,POINT (-74.09362809099997 4.72587057100003),EL RINCON
2023,ALCALDIA,CENTRO COMERCIAL CENTRO SUBA,4532,SUBA,-74.08555759199999,4.737655935000021,POINT (-74.08555759199999 4.737655935000021),EL RINCON
2023,ALCALDIA,CENTRO COMERCIAL PLAZA IMPERIAL,4512,SUBA,-74.09552227099994,4.748698906000072,POINT (-74.09552227099994 4.748698906000072),SUBA
2023,ALCALDIA,COLEGIO COLSUBSIDIO NORTE USAQUEN,4487,USAQUEN,-74.040596,4.732726,POINT (-74.040596 4.732726),LOS CEDROS
2023,ALCALDIA,EL MUELLE,4441,ENGATIVA,-74.12521383799998,4.700289142000031,POINT (-74.12521383799998 4.700289142000031),ENGATIVA
2023,ALCALDIA,HAYUELOS JUMBO,4423,FONTIBON,-74.1323,4.6628,POINT (-74.1323 4.6628),GRANJAS DE TECHO
2023,ALCALDIA,COMPARTIR SEDE A - IED,4395,SUBA,-74.10601315299994,4.755286716000057,POINT (-74.10601315299994 4.755286716000057),TIBABUYES
2023,ALCALDIA,PARQUE CEDRITOS,4389,USAQUEN,-74.03252395899995,4.72340170800004,POINT (-74.03252395899995 4.72340170800004),LOS CEDROS
2023,ALCALDIA,ROMA,4364,KENNEDY,-74.17402687199996,4.610423380000043,POINT (-74.17402687199996 4.610423380000043),TIMIZA
2023,ALCALDIA,GARCES NAVAS,4356,ENGATIVA,-74.12207204399994,4.711136510000074,POINT (-74.12207204399994 4.711136510000074),GARCES NAVAS
2023,ALCALDIA,VILLAS DE GRANADA,4314,ENGATIVA,-74.12971919999995,4.716057361000026,POINT (-74.12971919999995 4.716057361000026),GARCES NAVAS
2023,ALCALDIA,SANTA ROSITA,4307,ENGATIVA,-74.10789106199996,4.701727638000023,POINT (-74.10789106199996 4.701727638000023),BOYACA REAL
2023,ALCALDIA,COLEGIO AQUILEO PARRA SEDE BACHILLERATO,4302,USAQUEN,-74.03911765199996,4.766259871000045,POINT (-74.03911765199996 4.766259871000045),VERBENAL
2023,ALCALDIA,CDC LA VICTORIA,4293,SAN CRISTOBAL,-74.09505745699994,4.554597518000037,POINT (-74.09505745699994 4.554597518000037),LA GLORIA
2023,ALCALDIA,SANTA PAULA,4279,USAQUEN,-74.04258361999996,4.690482880000047,POINT (-74.04258361999996 4.690482880000047),SANTA BARBARA
2023,ALCALDIA,PATIO BONITO,4267,KENNEDY,-74.15996042199998,4.640644361000057,POINT (-74.15996042199998 4.640644361000057),PATIO BONITO
2023,ALCALDIA,COLEGIO NUEVA CASTILLA,4260,KENNEDY,-74.14191583799999,4.640465577000043,POINT (-74.14191583799999 4.640465577000043),CASTILLA
2023,ALCALDIA,PUENTE LARGO-EMMANUEL D.ALZON,4174,SUBA,-74.06724003999994,4.697970570000052,POINT (-74.06724003999994 4.697970570000052),LA ALHAMBRA
2023,ALCALDIA,BOSA,4113,BOSA,-74.18578013099994,4.611585041000069,POINT (-74.18578013099994 4.611585041000069),BOSA CENTRAL
2023,ALCALDIA,COLEGIO DISTRITAL TOBERIN SEDE A,4105,USAQUEN,-74.03938389699994,4.745398948000059,POINT (-74.03938389699994 4.745398948000059),TOBERIN
2023,ALCALDIA,COLEGIO BUEN CONSEJO,4092,USAQUEN,-74.04904849299999,4.689973843000075,POINT (-74.04904849299999 4.689973843000075),SANTA BARBARA
2023,ALCALDIA,ISMAEL PERDOMO,4087,CIUDAD BOLIVAR,-74.16541520099997,4.587222700000041,POINT (-74.16541520099997 4.587222700000041),ISMAEL PERDOMO
2023,ALCALDIA,SUPERIOR AMERICANO,4053,KENNEDY,-74.13590567899996,4.626186379000046,POINT (-74.13590567899996 4.626186379000046),AMERICAS
2023,ALCALDIA,BACHUE,4013,ENGATIVA,-74.10182822499996,4.718635634000066,POINT (-74.10182822499996 4.718635634000066),MINUTO DE DIOS
2023,ALCALDIA,SAN FRANCISCO,4001,CIUDAD BOLIVAR,-74.14905784799998,4.563622939000027,POINT (-74.14905784799998 4.563622939000027),SAN FRANCISCO
2023,ALCALDIA,DIVERPLAZA,3952,ENGATIVA,-74.115112,4.700140999000041,POINT (-74.115112 4.700140999000041),GARCES NAVAS
2023,ALCALDIA,COLON,3938,PUENTE ARANDA,-74.11942847599994,4.620190372000025,POINT (-74.11942847599994 4.620190372000025),SAN RAFAEL
2023,ALCALDIA,UNIVERSIDAD EAN,3913,CHAPINERO,-74.05480025299994,4.663431077000041,POINT (-74.05480025299994 4.663431077000041),CHICO LAGO
2023,ALCALDIA,VERSALLES,3903,FONTIBON,-74.14523521799998,4.686837268000033,POINT (-74.14523521799998 4.686837268000033),FONTIBON
2023,ALCALDIA,CENTRO COMERCIAL PALATINO,3864,USAQUEN,-74.02903810999999,4.715298945000029,POINT (-74.02903810999999 4.715298945000029),LOS CEDROS
2023,ALCALDIA,CENTRO COMERCIAL SANTAFE,3860,SUBA,-74.04545499099999,4.763219526000057,POINT (-74.04545499099999 4.763219526000057),SAN JOSE DE BAVARIA
2023,ALCALDIA,AGUSTINIANO SALITRE,3851,FONTIBON,-74.11353089899995,4.655439625000042,POINT (-74.11353089899995 4.655439625000042),CIUDAD SALITRE OCCIDENTAL
2023,ALCALDIA,CENTRO COMERCIAL TINTAL PLAZA,3837,KENNEDY,-74.15541178399997,4.641769221000061,POINT (-74.15541178399997 4.641769221000061),CALANDAIMA
2023,ALCALDIA,ZONA FRANCA,3831,FONTIBON,-74.15965763099996,4.671739569000067,POINT (-74.15965763099996 4.671739569000067),ZONA FRANCA
2023,ALCALDIA,LA CANDELARIA LA NUEVA,3813,CIUDAD BOLIVAR,-74.15287385199997,4.571103852000022,POINT (-74.15287385199997 4.571103852000022),SAN FRANCISCO
2023,ALCALDIA,JAIRO ANIBAL NIÑO,3789,KENNEDY,-74.16683628599998,4.636940864000053,POINT (-74.16683628599998 4.636940864000053),PATIO BONITO
2023,ALCALDIA,EL SALITRE SEDE C - IED,3786,SUBA,-74.08305400499995,4.749192491000031,POINT (-74.08305400499995 4.749192491000031),SUBA
2023,ALCALDIA,PONTEVEDRA,3777,SUBA,-74.07401792199994,4.695967249000034,POINT (-74.07401792199994 4.695967249000034),LA FLORESTA
2023,ALCALDIA,QUIRIGUA,3774,ENGATIVA,-74.10385843999995,4.707612070000039,POINT (-74.10385843999995 4.707612070000039),MINUTO DE DIOS
2023,ALCALDIA,GALICIA,3750,CIUDAD BOLIVAR,-74.17067691899996,4.590999912000029,POINT (-74.17067691899996 4.590999912000029),ISMAEL PERDOMO
2023,ALCALDIA,MOLINOS DEL SUR,3741,RAFAEL URIBE URIBE,-74.11787294099997,4.555161542000064,POINT (-74.11787294099997 4.555161542000064),MARRUECOS
2023,ALCALDIA,BONANZA,3715,ENGATIVA,-74.08685265499997,4.690132197000025,POINT (-74.08685265499997 4.690132197000025),LAS FERIAS
2023,ALCALDIA,GRAN PLAZA EL ENSUEÑO,3668,CIUDAD BOLIVAR,-74.15675720799999,4.581217553000045,POINT (-74.15675720799999 4.581217553000045),ARBORIZADORA
2023,ALCALDIA,SAN MARCOS,3624,ENGATIVA,-74.10397213399995,4.685961514000041,POINT (-74.10397213399995 4.685961514000041),BOYACA REAL
2023,ALCALDIA,REPUBLICA DOMINICANA SEDE A - IED,3602,SUBA,-74.10899939199999,4.738964392000071,POINT (-74.10899939199999 4.738964392000071),TIBABUYES
2023,ALCALDIA,MINUTO DE DIOS,3531,ENGATIVA,-74.09033767699998,4.698129252000058,POINT (-74.09033767699998 4.698129252000058),MINUTO DE DIOS
2023,ALCALDIA,CARLOS ALBAN,3530,BOSA,-74.19756533399999,4.605714728000066,POINT (-74.19756533399999 4.605714728000066),BOSA CENTRAL
2023,ALCALDIA,VISION DE COLOMBIA,3529,KENNEDY,-74.13528233599999,4.650683393000065,POINT (-74.13528233599999 4.650683393000065),CASTILLA
2023,ALCALDIA,TIBABUYES UNIVERSAL SEDE A - IED,3526,SUBA,-74.11057586699997,4.746231617000035,POINT (-74.11057586699997 4.746231617000035),TIBABUYES
2023,ALCALDIA,GERARDO MOLINA RAMIREZ - IED,3495,SUBA,-74.115384,4.748668,POINT (-74.115384 4.748668),TIBABUYES
2023,ALCALDIA,CHICO NORTE,3483,CHAPINERO,-74.04965463599996,4.685075567000069,POINT (-74.04965463599996 4.685075567000069),CHICO LAGO
2023,ALCALDIA,VILLEMAR,3473,FONTIBON,-74.13918465199998,4.672594228000037,POINT (-74.13918465199998 4.672594228000037),FONTIBON
2023,ALCALDIA,LA AURORA,3406,USME,-74.12113946399995,4.521681535000027,POINT (-74.12113946399995 4.521681535000027),GRAN YOMASA
2023,ALCALDIA,LA ACACIA,3395,CIUDAD BOLIVAR,-74.14226652099995,4.560672141000055,POINT (-74.14226652099995 4.560672141000055),SAN FRANCISCO
2023,ALCALDIA,ORLANDO HIGUITA,3385,BOSA,-74.18696811799998,4.625445099000046,POINT (-74.18696811799998 4.625445099000046),BOSA OCCIDENTAL
2023,ALCALDIA,POPULAR MODELO,3382,BARRIOS UNIDOS,-74.08165929299997,4.665450646000068,POINT (-74.08165929299997 4.665450646000068),DOCE DE OCTUBRE
2023,ALCALDIA,VILLA AMALIA,3362,ENGATIVA,-74.12630135199998,4.710598490000052,POINT (-74.12630135199998 4.710598490000052),GARCES NAVAS
2023,ALCALDIA,NORMANDIA,3360,ENGATIVA,-74.10790265099996,4.661957395000059,POINT (-74.10790265099996 4.661957395000059),JARDIN BOTANICO
2023,ALCALDIA,PARQUE FUNDACIONAL DE SUBA,8003,SUBA,-74.08333584699994,4.740931545000024,POINT (-74.08333584699994 4.740931545000024),SUBA
2023,ALCALDIA,CARULLA RINCON DE LA COLINA,3356,SUBA,-74.06500450799996,4.740540441000064,POINT (-74.06500450799996 4.740540441000064),CASA BLANCA SUBA
2023,ALCALDIA,PASADENA-LOS TRES ELEFANTES,3347,SUBA,-74.06293148299994,4.691086081000037,POINT (-74.06293148299994 4.691086081000037),LA ALHAMBRA
2023,ALCALDIA,COLSUBSIDIO MAZUREN,3344,SUBA,-74.05456045899996,4.735384150000073,POINT (-74.05456045899996 4.735384150000073),EL PRADO
2023,ALCALDIA,VILLA LUZ,3342,ENGATIVA,-74.10643212699995,4.68078184500007,POINT (-74.10643212699995 4.68078184500007),SANTA CECILIA
2023,ALCALDIA,VERACRUZ,3341,FONTIBON,-74.13770941799999,4.679446399000028,POINT (-74.13770941799999 4.679446399000028),FONTIBON
2023,ALCALDIA,SAN ANTONIO UNIÓN COLOMBIA,3296,USAQUEN,-74.02751643799996,4.759461830000021,POINT (-74.02751643799996 4.759461830000021),VERBENAL
2023,ALCALDIA,LA LAGUNA,3276,FONTIBON,-74.14939245199997,4.672245606000047,POINT (-74.14939245199997 4.672245606000047),FONTIBON
2023,ALCALDIA,LA GAITANA SEDE A - IED,3262,SUBA,-74.10852231699994,4.742176888000074,POINT (-74.10852231699994 4.742176888000074),TIBABUYES
2023,ALCALDIA,COLEGIO MAXIMINO POITIERS,3260,SUBA,-74.09098674199998,4.751536061000024,POINT (-74.09098674199998 4.751536061000024),SUBA
2023,ALCALDIA,SANTA HELENITA,3221,ENGATIVA,-74.10337860899995,4.688928773000043,POINT (-74.10337860899995 4.688928773000043),BOYACA REAL
2023,ALCALDIA,FE Y ALEGRIA SAN IGNACIO,3220,BOSA,-74.18978479999998,4.633343233000062,POINT (-74.18978479999998 4.633343233000062),EL PORVENIR
2023,ALCALDIA,QUINTA PAREDES B,3214,TEUSAQUILLO,-74.09153300899999,4.63617090300005,POINT (-74.09153300899999 4.63617090300005),PARQUE SIMON BOLIVAR - CAN
2023,ALCALDIA,BELEN,3213,FONTIBON,-74.14731025499998,4.678433946000041,POINT (-74.14731025499998 4.678433946000041),FONTIBON
2023,ALCALDIA,VENECIA A,3212,TUNJUELITO,-74.14358300899994,4.59223242500002,POINT (-74.14358300899994 4.59223242500002),VENECIA
2023,ALCALDIA,COLEGIO AGUSTIN FERNANDEZ SEDE A,3210,USAQUEN,-74.02379497699997,4.72954401800007,POINT (-74.02379497699997 4.72954401800007),LOS CEDROS
2023,ALCALDIA,UNICENTRO DE OCCIDENTE,3192,ENGATIVA,-74.11353947199996,4.722981324000045,POINT (-74.11353947199996 4.722981324000045),BOLIVIA
2023,ALCALDIA,MODELIA SUR,3188,FONTIBON,-74.11924086099998,4.670049755000036,POINT (-74.11924086099998 4.670049755000036),MODELIA
2023,ALCALDIA,CIUDADELA EL PORVENIR,3178,BOSA,-74.18721154599996,4.64082972600005,POINT (-74.18721154599996 4.64082972600005),EL PORVENIR
2023,ALCALDIA,CENTRO COMERCIAL FIESTA SUBA,3172,SUBA,-74.09269221399995,4.74445471000007,POINT (-74.09269221399995 4.74445471000007),SUBA
2023,ALCALDIA,PIAMONTE,3160,BOSA,-74.19074859799997,4.606868318000068,POINT (-74.19074859799997 4.606868318000068),BOSA CENTRAL
2023,ALCALDIA,SANTA LIBRADA,3150,USME,-74.11594454099998,4.519357661000072,POINT (-74.11594454099998 4.519357661000072),GRAN YOMASA
2023,ALCALDIA,COUNTRY SUR,3150,RAFAEL URIBE URIBE,-74.10245540999995,4.568172990000051,POINT (-74.10245540999995 4.568172990000051),SAN JOSE
2023,ALCALDIA,CIUDAD SALITRE,3149,TEUSAQUILLO,-74.10117280899993,4.648558778000051,POINT (-74.10117280899993 4.648558778000051),CIUDAD SALITRE ORIENTAL
2023,ALCALDIA,SAN NICOLAS-AGUSTINIANO NORTE,3143,SUBA,-74.07214129099998,4.700291338000056,POINT (-74.07214129099998 4.700291338000056),LA FLORESTA
2023,ALCALDIA,TEJARES NORTE,3139,SUBA,-74.05026994599996,4.762782869000034,POINT (-74.05026994599996 4.762782869000034),SAN JOSE DE BAVARIA
2023,ALCALDIA,LA ESTRADITA,3129,ENGATIVA,-74.09156636099993,4.677421343000049,POINT (-74.09156636099993 4.677421343000049),LAS FERIAS
2023,ALCALDIA,DINDALITO,3125,KENNEDY,-74.17467597399997,4.641742778000037,POINT (-74.17467597399997 4.641742778000037),PATIO BONITO
2023,ALCALDIA,CHICO RESERVADO,3119,CHAPINERO,-74.04422465799996,4.679733713000076,POINT (-74.04422465799996 4.679733713000076),EL REFUGIO
2023,ALCALDIA,IMPRENTA NACIONAL,3118,TEUSAQUILLO,-74.1054,4.649,POINT (-74.1054 4.649),CIUDAD SALITRE ORIENTAL
2023,ALCALDIA,PUESTO CENSO(FERIA EXPOSICION),13070,NACIONAL,-74.08994026099998,4.630369649000045,POINT (-74.08994026099998 4.630369649000045),QUINTA PAREDES
2023,ALCALDIA,LA SALINA,3101,ENGATIVA,-74.11402123399995,4.697956262000048,POINT (-74.11402123399995 4.697956262000048),BOYACA REAL
2023,ALCALDIA,ALESSANDRO VOLTA,3096,USAQUEN,-74.02790711599994,4.694216801000039,POINT (-74.02790711599994 4.694216801000039),USAQUEN
2023,ALCALDIA,MEXICO,3093,CIUDAD BOLIVAR,-74.13659954999997,4.555005582000035,POINT (-74.13659954999997 4.555005582000035),LUCERO
2023,ALCALDIA,NICOLAS DE FEDERMAN,3074,TEUSAQUILLO,-74.08198887899994,4.648238759000037,POINT (-74.08198887899994 4.648238759000037),LA ESMERALDA
2023,ALCALDIA,FRANCISCO MIRANDA,3047,KENNEDY,-74.15445626299999,4.612588858000038,POINT (-74.15445626299999 4.612588858000038),TIMIZA
2023,ALCALDIA,DELIA ZAPATA OLIVELLA - IED,3024,SUBA,-74.11330965299999,4.753137338000045,POINT (-74.11330965299999 4.753137338000045),TIBABUYES
2023,ALCALDIA,SIMON BOLIVAR,3018,BARRIOS UNIDOS,-74.08023466099996,4.675761623000028,POINT (-74.08023466099996 4.675761623000028),DOCE DE OCTUBRE
2023,ALCALDIA,EL RECREO,3018,BOSA,-74.20148261099996,4.627533565000022,POINT (-74.20148261099996 4.627533565000022),TINTAL SUR
2023,ALCALDIA,EL LUJAN,3011,ENGATIVA,-74.10148869699998,4.678894774000071,POINT (-74.10148869699998 4.678894774000071),SANTA CECILIA
2023,ALCALDIA,MADELENA,3005,CIUDAD BOLIVAR,-74.15838841199997,4.586369214000058,POINT (-74.15838841199997 4.586369214000058),ARBORIZADORA
2023,ALCALDIA,COL DE TIMIZA,3000,KENNEDY,-74.15855086099998,4.609839342000043,POINT (-74.15855086099998 4.609839342000043),TIMIZA
2023,ALCALDIA,LIJACA,2991,USAQUEN,-74.02799443399994,4.765537425000048,POINT (-74.02799443399994 4.765537425000048),VERBENAL
2023,ALCALDIA,ALMIRANTE PADILLA,2989,USME,-74.11190314099997,4.512266250000039,POINT (-74.11190314099997 4.512266250000039),GRAN YOMASA
2023,ALCALDIA,METROPOLIS,2981,BARRIOS UNIDOS,-74.08229831399996,4.68054472700004,POINT (-74.08229831399996 4.68054472700004),DOCE DE OCTUBRE
2023,ALCALDIA,LA ESTANCIA,2977,CIUDAD BOLIVAR,-74.17636492499997,4.593077627000071,POINT (-74.17636492499997 4.593077627000071),ISMAEL PERDOMO
2023,ALCALDIA,RESTREPO B,2972,ANTONIO NARINO,-74.09690012899995,4.585244524000075,POINT (-74.09690012899995 4.585244524000075),RESTREPO
2023,ALCALDIA,TINTALITO,2965,KENNEDY,-74.17220865799999,4.634596462000047,POINT (-74.17220865799999 4.634596462000047),PATIO BONITO
2023,ALCALDIA,JOSE JOAQUIN VARGAS,2961,BARRIOS UNIDOS,-74.08314810399997,4.672682597000062,POINT (-74.08314810399997 4.672682597000062),DOCE DE OCTUBRE
2023,ALCALDIA,ALMAZAN ENGATIVA,2956,ENGATIVA,-74.1345,4.7082,POINT (-74.1345 4.7082),ENGATIVA
2023,ALCALDIA,SAN CARLOS,2945,TUNJUELITO,-74.12815740499997,4.569460392000053,POINT (-74.12815740499997 4.569460392000053),TUNJUELITO
2023,ALCALDIA,ALCALA,2939,PUENTE ARANDA,-74.12717777899996,4.601979993000043,POINT (-74.12717777899996 4.601979993000043),MUZU
2023,ALCALDIA,CARULLA 140,2932,USAQUEN,-74.03542254199994,4.719260864000034,POINT (-74.03542254199994 4.719260864000034),LOS CEDROS
2023,ALCALDIA,TABORA,2921,ENGATIVA,-74.09808773399999,4.693789436000031,POINT (-74.09808773399999 4.693789436000031),BOYACA REAL
2023,ALCALDIA,LA CASTELLANA,2915,BARRIOS UNIDOS,-74.06048851999998,4.682589826000026,POINT (-74.06048851999998 4.682589826000026),LOS ANDES
2023,ALCALDIA,COLEGIO ALFONSO LOPEZ PUMAREJO,2889,KENNEDY,-74.14384350999995,4.608288408000021,POINT (-74.14384350999995 4.608288408000021),CARVAJAL
2023,ALCALDIA,BRITALIA,2889,KENNEDY,-74.17301132799997,4.625309595000033,POINT (-74.17301132799997 4.625309595000033),GRAN BRITALIA
2023,ALCALDIA,BOYACA,2883,ENGATIVA,-74.09952889199997,4.68813907200007,POINT (-74.09952889199997 4.68813907200007),BOYACA REAL
2023,ALCALDIA,NICOLAS BUENAVENTURA - IED,2870,SUBA,-74.09060192399994,4.755537482000022,POINT (-74.09060192399994 4.755537482000022),SUBA
2023,ALCALDIA,COLEGIO LA AMISTAD,2856,KENNEDY,-74.14812764599998,4.623422550000043,POINT (-74.14812764599998 4.623422550000043),KENNEDY CENTRAL
2023,ALCALDIA,SAN ISIDRO,2850,SAN CRISTOBAL,-74.10093586299996,4.565904587000034,POINT (-74.10093586299996 4.565904587000034),20 DE JULIO
2023,ALCALDIA,ARBORIZADORA ALTA,2839,CIUDAD BOLIVAR,-74.16372346699995,4.56785762700002,POINT (-74.16372346699995 4.56785762700002),JERUSALEM
2023,ALCALDIA,CALAZANS,2825,USAQUEN,-74.0835480035212,4.61773074039558,POINT (-74.0835480035212 4.61773074039558),LA SABANA
2023,ALCALDIA,PRADO VERANIEGO,2816,SUBA,-74.05417374199999,4.717159632000062,POINT (-74.05417374199999 4.717159632000062),EL PRADO
2023,ALCALDIA,LA ESTANZUELA,2805,LOS MARTIRES,-74.08590318299997,4.605598632000067,POINT (-74.08590318299997 4.605598632000067),LA SABANA
2023,ALCALDIA,BOSA BRASILIA,2799,BOSA,-74.18158176899993,4.627958127000056,POINT (-74.18158176899993 4.627958127000056),BOSA OCCIDENTAL
2023,ALCALDIA,COLEGIO GUSTAVO ROJAS PINILLA,2796,KENNEDY,-74.14064983399999,4.648509084000068,POINT (-74.14064983399999 4.648509084000068),CASTILLA
2023,ALCALDIA,LOS ALAMOS NORTE,2794,ENGATIVA,-74.11737052299998,4.710317149000048,POINT (-74.11737052299998 4.710317149000048),GARCES NAVAS
2023,ALCALDIA,"FATIMA ""A""",2781,TUNJUELITO,-74.13798926899995,4.585521978000031,POINT (-74.13798926899995 4.585521978000031),VENECIA
2023,ALCALDIA,FLORESTA NORTE-JULIO FLOREZ,2770,SUBA,-74.07750306999998,4.687168986000074,POINT (-74.07750306999998 4.687168986000074),LA FLORESTA
2023,ALCALDIA,SAN VICENTE FERRER,2767,TUNJUELITO,-74.13827658499997,4.577185763000045,POINT (-74.13827658499997 4.577185763000045),VENECIA
2023,ALCALDIA,MANDALAY - COLEGIO KENNEDY,2762,KENNEDY,-74.14082627699997,4.620267632000036,POINT (-74.14082627699997 4.620267632000036),AMERICAS
2023,ALCALDIA,SANTA RITA,2755,PUENTE ARANDA,-74.12372762999996,4.59804774600002,POINT (-74.12372762999996 4.59804774600002),MUZU
2023,ALCALDIA,LA TOSCANA LISBOA SEDE B - IED,2749,SUBA,-74.12165519199993,4.743313741000065,POINT (-74.12165519199993 4.743313741000065),TIBABUYES
2023,ALCALDIA,BOLIVIA,2749,ENGATIVA,-74.108315,4.71982,POINT (-74.108315 4.71982),BOLIVIA
2023,ALCALDIA,MARSELLA,2744,KENNEDY,-74.12731736499995,4.632151289000035,POINT (-74.12731736499995 4.632151289000035),BAVARIA
2023,ALCALDIA,QUIRIGUA (PLAZA DE MERCADO),2741,ENGATIVA,-74.09834882399997,4.712708186000043,POINT (-74.09834882399997 4.712708186000043),MINUTO DE DIOS
2023,ALCALDIA,COLEGIO SAN JOSE DE CALASANZ,2724,SUBA,-74.08824495899995,4.723030265000034,POINT (-74.08824495899995 4.723030265000034),EL RINCON
2023,ALCALDIA,PABLO VI,2721,TEUSAQUILLO,-74.08685655099998,4.649792883000032,POINT (-74.08685655099998 4.649792883000032),LA ESMERALDA
2023,ALCALDIA,VILLA MAYOR,2714,ANTONIO NARINO,-74.12509335199996,4.592644459000041,POINT (-74.12509335199996 4.592644459000041),RESTREPO
2023,ALCALDIA,NUEVA ZELANDIA,2712,SUBA,-74.04953912599996,4.759085622000043,POINT (-74.04953912599996 4.759085622000043),SAN JOSE DE BAVARIA
2023,ALCALDIA,RESTREPO A,2709,ANTONIO NARINO,-74.09690012899995,4.585244524000075,POINT (-74.09690012899995 4.585244524000075),RESTREPO
2023,ALCALDIA,EL JAPON,2708,KENNEDY,-74.15351731199996,4.621697552000057,POINT (-74.15351731199996 4.621697552000057),KENNEDY CENTRAL
2023,ALCALDIA,ISERRA 100,2702,BARRIOS UNIDOS,-74.06459721799996,4.687820716000033,POINT (-74.06459721799996 4.687820716000033),LOS ANDES
2023,ALCALDIA,ALCALDIA PUENTE ARANDA,2696,PUENTE ARANDA,-74.10315106899998,4.605798811000057,POINT (-74.10315106899998 4.605798811000057),CIUDAD MONTES
2023,ALCALDIA,SIERRA MORENA,2679,CIUDAD BOLIVAR,-74.16562389799998,4.577678521000053,POINT (-74.16562389799998 4.577678521000053),ISMAEL PERDOMO
2023,ALCALDIA,EL PORVENIR,2665,BOSA,-74.18362205699998,4.635898909000048,POINT (-74.18362205699998 4.635898909000048),EL PORVENIR
2023,ALCALDIA,JUAN DEL RIZZO,2660,SAN CRISTOBAL,-74.09322578499996,4.567028210000046,POINT (-74.09322578499996 4.567028210000046),20 DE JULIO
2023,ALCALDIA,COLEGIO PROVINMA,2652,USAQUEN,-74.03497694799995,4.723774542000058,POINT (-74.03497694799995 4.723774542000058),LOS CEDROS
2023,ALCALDIA,COLEGIO PUREZA DE MARIA,2644,USAQUEN,-74.02603038599995,4.722543736000034,POINT (-74.02603038599995 4.722543736000034),LOS CEDROS
2023,ALCALDIA,CIUDAD JARDIN,2644,ANTONIO NARINO,-74.09646507499997,4.582211686000051,POINT (-74.09646507499997 4.582211686000051),CIUDAD JARDIN
2023,ALCALDIA,SAN JOSE DE CASTILLA SEDE A,2640,KENNEDY,-74.14384,4.638309,POINT (-74.14384 4.638309),CASTILLA
2023,ALCALDIA,VISTAHERMOSA,2638,CIUDAD BOLIVAR,-74.14905681699997,4.54710188100006,POINT (-74.14905681699997 4.54710188100006),LUCERO
2023,ALCALDIA,CIUDAD BOCHICA SUR,2622,RAFAEL URIBE URIBE,-74.1121338199999,4.557649002000062,POINT (-74.1121338199999 4.557649002000062),MARRUECOS
2023,ALCALDIA,LA FLORESTA SUR,2621,KENNEDY,-74.12744374299996,4.620795857000076,POINT (-74.12744374299996 4.620795857000076),AMERICAS
2023,ALCALDIA,SAN BLAS,2610,SAN CRISTOBAL,-74.08486411199993,4.571123991000036,POINT (-74.08486411199993 4.571123991000036),SOSIEGO
2023,ALCALDIA,LA ESTRADA,2591,ENGATIVA,-74.09152579599998,4.678782291000061,POINT (-74.09152579599998 4.678782291000061),LAS FERIAS
2023,ALCALDIA,GALAN,2584,PUENTE ARANDA,-74.1224756299999,4.617260904000034,POINT (-74.1224756299999 4.617260904000034),SAN RAFAEL
2023,ALCALDIA,CAFAM AV. 68,2584,BARRIOS UNIDOS,-74.07401911699998,4.687277920000042,POINT (-74.07401911699998 4.687277920000042),LOS ANDES
2023,ALCALDIA,CIUDAD MONTES,2566,PUENTE ARANDA,-74.12029330099995,4.606158372000039,POINT (-74.12029330099995 4.606158372000039),CIUDAD MONTES
2023,ALCALDIA,CASONA DEL LIBERTADOR,2553,CIUDAD BOLIVAR,-74.15763600299994,4.579283381000039,POINT (-74.15763600299994 4.579283381000039),JERUSALEM
2023,ALCALDIA,VILLA ELISA SEDE C - IED,2530,SUBA,-74.09331632599998,4.722742548000042,POINT (-74.09331632599998 4.722742548000042),EL RINCON
2023,ALCALDIA,SAN AGUSTIN SUR,2523,RAFAEL URIBE URIBE,-74.11336675299998,4.547747282000046,POINT (-74.11336675299998 4.547747282000046),DIANA TURBAY
2023,ALCALDIA,SANTA CECILIA - MODELIA,2521,FONTIBON,-74.12063458499995,4.671957665000036,POINT (-74.12063458499995 4.671957665000036),MODELIA
2023,ALCALDIA,COLEGIO JAIME GARZON,2520,KENNEDY,-74.17558464799998,4.625827935000075,POINT (-74.17558464799998 4.625827935000075),GRAN BRITALIA
2023,ALCALDIA,MONTEBELLO,2519,SAN CRISTOBAL,-74.08799157699997,4.56674681800007,POINT (-74.08799157699997 4.56674681800007),20 DE JULIO
2023,ALCALDIA,VILLA GLADYS,2514,ENGATIVA,-74.13430698299999,4.705067449000069,POINT (-74.13430698299999 4.705067449000069),ENGATIVA
2023,ALCALDIA,UNIVERSIDAD KONRAD LORENZ,2512,CHAPINERO,-74.06145695999999,4.64841756200002,POINT (-74.06145695999999 4.64841756200002),CHAPINERO
2023,ALCALDIA,LA PRIMAVERA,2509,PUENTE ARANDA,-74.10939312699998,4.615518683000062,POINT (-74.10939312699998 4.615518683000062),CIUDAD MONTES
2023,ALCALDIA,PRADO PINZON,2507,SUBA,-74.05738754199996,4.722990696000068,POINT (-74.05738754199996 4.722990696000068),EL PRADO
2023,ALCALDIA,SAN CIPRIANO,2486,SUBA,-74.05503118599995,4.748629041000072,POINT (-74.05503118599995 4.748629041000072),BRITALIA
2023,ALCALDIA,MARICHUELA,2485,USME,-74.11698187599995,4.512414104000072,POINT (-74.11698187599995 4.512414104000072),GRAN YOMASA
2023,ALCALDIA,LA CHUCUA,2485,KENNEDY,-74.14854789299994,4.603639944000065,POINT (-74.14854789299994 4.603639944000065),TIMIZA
2023,ALCALDIA,PALERMO,2484,TEUSAQUILLO,-74.07408780599997,4.638043201000073,POINT (-74.07408780599997 4.638043201000073),GALERIAS
2023,ALCALDIA,RIONEGRO,2432,BARRIOS UNIDOS,-74.06649724899995,4.684978809000029,POINT (-74.06649724899995 4.684978809000029),LOS ANDES
2023,ALCALDIA,SOTAVENTO,2427,CIUDAD BOLIVAR,-74.13939966599997,4.544400308000036,POINT (-74.13939966599997 4.544400308000036),EL TESORO
2023,ALCALDIA,RECREO MICHELSEN,2423,BOSA,-74.2066,4.631399999000053,POINT (-74.2066 4.631399999000053),TINTAL SUR
2023,ALCALDIA,LA GIRALDA,2404,FONTIBON,-74.14173478999999,4.681725344000029,POINT (-74.14173478999999 4.681725344000029),FONTIBON
2023,ALCALDIA,ALTAMIRA,2392,SAN CRISTOBAL,-74.08484396199998,4.545385692000025,POINT (-74.08484396199998 4.545385692000025),LA GLORIA
2023,ALCALDIA,SAN MARTIN DE LOBA SUR,2384,SAN CRISTOBAL,-74.09566884599997,4.552086761000055,POINT (-74.09566884599997 4.552086761000055),LA GLORIA
2023,ALCALDIA,VILLA DEL RIO,2382,BOSA,-74.15738736799995,4.602225416000067,POINT (-74.15738736799995 4.602225416000067),APOGEO
2023,ALCALDIA,COLEGIO DISTRITAL USAQUEN SEDE A,2380,USAQUEN,-74.03447423899996,4.707009078000056,POINT (-74.03447423899996 4.707009078000056),COUNTRY CLUB
2023,ALCALDIA,FLORESTA OUTLET,2378,SUBA,-74.07476325199997,4.691381544000023,POINT (-74.07476325199997 4.691381544000023),LA FLORESTA
2023,ALCALDIA,"EL TUNAL ""A""",2373,TUNJUELITO,-74.13192148,4.575923139000054,POINT (-74.13192148 4.575923139000054),VENECIA
2023,ALCALDIA,COLEGIO CELESTIN FREINET,2372,SUBA,-74.11433532599995,4.74543378900006,POINT (-74.11433532599995 4.74543378900006),TIBABUYES
2023,ALCALDIA,NUEVO CHILE,2362,BOSA,-74.16626320399996,4.603305502000069,POINT (-74.16626320399996 4.603305502000069),APOGEO
2023,ALCALDIA,EL JAZMIN,2362,PUENTE ARANDA,-74.11487267199993,4.609959443000037,POINT (-74.11487267199993 4.609959443000037),CIUDAD MONTES
2023,ALCALDIA,BOSQUE POPULAR,2361,ENGATIVA,-74.09538260399995,4.668805920000068,POINT (-74.09538260399995 4.668805920000068),LAS FERIAS
2023,ALCALDIA,LA FELICIDAD,2343,FONTIBON,-74.13059069599996,4.656356406000043,POINT (-74.13059069599996 4.656356406000043),GRANJAS DE TECHO
2023,ALCALDIA,CARLOS ARTURO TORRES,2343,KENNEDY,-74.14635852099997,4.599650129000054,POINT (-74.14635852099997 4.599650129000054),CARVAJAL
2023,ALCALDIA,ALCALDIA QUIROGA,2337,RAFAEL URIBE URIBE,-74.11464625499997,4.580469759000039,POINT (-74.11464625499997 4.580469759000039),QUIROGA
2023,ALCALDIA,MULTIPLAZA,2320,FONTIBON,-74.12499241699999,4.653330242000038,POINT (-74.12499241699999 4.653330242000038),GRANJAS DE TECHO
2023,ALCALDIA,PLAZUELAS DEL VIRREY,2308,ENGATIVA,-74.12330064799994,4.704557273000034,POINT (-74.12330064799994 4.704557273000034),GARCES NAVAS
2023,ALCALDIA,BACHUE II - BOCHICA I,2302,ENGATIVA,-74.10589612699994,4.712395776000051,POINT (-74.10589612699994 4.712395776000051),MINUTO DE DIOS
2023,ALCALDIA,COLEGIO ALQUERIA,2298,KENNEDY,-74.13617278999999,4.604935279000074,POINT (-74.13617278999999 4.604935279000074),CARVAJAL
2023,ALCALDIA,PROSPERO PINZON,2293,KENNEDY,-74.15109253999998,4.624321243000054,POINT (-74.15109253999998 4.624321243000054),KENNEDY CENTRAL
2023,ALCALDIA,NIZA IX,2283,SUBA,-74.06067303499998,4.713495869000042,POINT (-74.06067303499998 4.713495869000042),EL PRADO
2023,ALCALDIA,SAN JOSE,2280,FONTIBON,-74.10269822499998,4.577056372000072,POINT (-74.10269822499998 4.577056372000072),SAN JOSE
2023,ALCALDIA,LA GRANJA,2280,ENGATIVA,-74.10180744699994,4.698713442000042,POINT (-74.10180744699994 4.698713442000042),BOYACA REAL
2023,ALCALDIA,LA ESTACION,2279,BOSA,-74.18081058199994,4.60111936100003,POINT (-74.18081058199994 4.60111936100003),BOSA CENTRAL
2023,ALCALDIA,FE Y ALEGRIA JOSE MARIA VELAZ - IED,2252,SUBA,-74.146056,4.635105999000075,POINT (-74.146056 4.635105999000075),CASTILLA
2023,ALCALDIA,COLEGIO RODRIGO TRIANA,2246,KENNEDY,-74.16738578999997,4.64001021200005,POINT (-74.16738578999997 4.64001021200005),PATIO BONITO
2023,ALCALDIA,PRADO SUR,2239,SUBA,-74.06435553799997,4.716510669000058,POINT (-74.06435553799997 4.716510669000058),NIZA
2023,ALCALDIA,VERBENAL SANTA MARIA,2235,USAQUEN,-74.03284929899996,4.762672443000042,POINT (-74.03284929899996 4.762672443000042),VERBENAL
2023,ALCALDIA,BONAVISTA,2225,CIUDAD BOLIVAR,-74.163333,4.586891,POINT (-74.163333 4.586891),ISMAEL PERDOMO
2023,ALCALDIA,SANTA MATILDE,2218,PUENTE ARANDA,-74.10943884399995,4.603050434000068,POINT (-74.10943884399995 4.603050434000068),CIUDAD MONTES
2023,ALCALDIA,UNIVERSIDAD PEDAGOGICA NACIONAL,2212,CHAPINERO,-74.05929989299995,4.657867382000063,POINT (-74.05929989299995 4.657867382000063),CHICO LAGO
2023,ALCALDIA,USME,2206,USME,-74.12153515999995,4.472581938000076,POINT (-74.12153515999995 4.472581938000076),CIUDAD USME
2023,ALCALDIA,CATALINA,2194,KENNEDY,-74.16898937599996,4.610011166000049,POINT (-74.16898937599996 4.610011166000049),TIMIZA
2023,ALCALDIA,VILLA DE LOS ALPES,2191,SAN CRISTOBAL,-74.09844988499998,4.561453494000034,POINT (-74.09844988499998 4.561453494000034),20 DE JULIO
2023,ALCALDIA,"EL TUNAL ""B""",2189,TUNJUELITO,-74.13189651099998,4.577674664000028,POINT (-74.13189651099998 4.577674664000028),VENECIA
2023,ALCALDIA,SAN FERNANDO,2188,BARRIOS UNIDOS,-74.07670481199995,4.672777722000035,POINT (-74.07670481199995 4.672777722000035),DOCE DE OCTUBRE
2023,ALCALDIA,COLEGIO CARDENAL SANCHA,2179,USAQUEN,-74.05093978699995,4.709755998000048,POINT (-74.05093978699995 4.709755998000048),COUNTRY CLUB
2023,ALCALDIA,LA AMISTAD,2177,BOSA,-74.14812764599998,4.623422550000043,POINT (-74.14812764599998 4.623422550000043),KENNEDY CENTRAL
2023,ALCALDIA,COLEGIO AMERICANO,2176,TEUSAQUILLO,-74.07409025699997,4.63431055500007,POINT (-74.07409025699997 4.63431055500007),TEUSAQUILLO
2023,ALCALDIA,GRAN COLOMBIANO,2175,KENNEDY,-74.16282961299999,4.621250330000066,POINT (-74.16282961299999 4.621250330000066),KENNEDY CENTRAL
2023,ALCALDIA,LAURELES,2173,BOSA,-74.20015505899994,4.609059013000035,POINT (-74.20015505899994 4.609059013000035),BOSA CENTRAL
2023,ALCALDIA,COLEGIO EUCARISTICO MERCEDARIO,2171,SUBA,-74.086553,4.735333,POINT (-74.086553 4.735333),EL RINCON
2023,ALCALDIA,SAN FRANCISCO EN EL TINTAL,2156,KENNEDY,-74.15821,4.649992999000062,POINT (-74.15821 4.649992999000062),CALANDAIMA
2023,ALCALDIA,SANTA MARIA DE KENNEDY,2150,KENNEDY,-74.17647344399995,4.622501831000022,POINT (-74.17647344399995 4.622501831000022),GRAN BRITALIA
2023,ALCALDIA,ESCUELA COLOMBIANA DE REHABILITACION,2149,USAQUEN,-74.03997240499996,4.732884052000031,POINT (-74.03997240499996 4.732884052000031),LOS CEDROS
2023,ALCALDIA,PRADO CIUDAD JARDIN,2146,SUBA,-74.06980868399995,4.719289007000043,POINT (-74.06980868399995 4.719289007000043),NIZA
2023,ALCALDIA,SIMON BOLIVAR - IED,2138,SUBA,-74.08023466099996,4.675761623000028,POINT (-74.08023466099996 4.675761623000028),DOCE DE OCTUBRE
2023,ALCALDIA,COLEGIO SANTA ISABEL DE HUNGRIA,2137,SUBA,-74.063569,4.748706,POINT (-74.063569 4.748706),BRITALIA
2023,ALCALDIA,COLEGIO PEDAGOGICO DULCE MARIA,2109,SUBA,-74.108241,4.74661,POINT (-74.108241 4.74661),TIBABUYES
2023,ALCALDIA,LA ESMERALDA,2106,TEUSAQUILLO,-74.09103470999997,4.647253998000053,POINT (-74.09103470999997 4.647253998000053),LA ESMERALDA
2023,ALCALDIA,UNIVERSIDAD SERGIO ARBOLEDA,2103,CHAPINERO,-74.05979578899996,4.660894645000042,POINT (-74.05979578899996 4.660894645000042),CHICO LAGO
2023,ALCALDIA,COLEGIO CAMPESTRE SAN JOSE,2103,USAQUEN,-74.04955778399994,4.713207823000062,POINT (-74.04955778399994 4.713207823000062),COUNTRY CLUB
2023,ALCALDIA,CHUNIZA,2100,USME,-74.11140449099997,4.505972765000024,POINT (-74.11140449099997 4.505972765000024),COMUNEROS
2023,ALCALDIA,SAN CRISTOBAL SUR,2098,SAN CRISTOBAL,-74.07945500099999,4.572707248000029,POINT (-74.07945500099999 4.572707248000029),SOSIEGO
2023,ALCALDIA,ARTURO CALLE TORRE EMPRESARIAL,2089,SUBA,-74.06489184899993,4.741048230000047,POINT (-74.06489184899993 4.741048230000047),CASA BLANCA SUBA
2023,ALCALDIA,LAS AMERICAS SEDE A,2082,KENNEDY,-74.15062750199996,4.616765260000022,POINT (-74.15062750199996 4.616765260000022),CARVAJAL
2023,ALCALDIA,LA ASUNCION,2082,PUENTE ARANDA,-74.10681926199999,4.602694444000065,POINT (-74.10681926199999 4.602694444000065),CIUDAD MONTES
2023,ALCALDIA,ZARZAMORA,2079,ENGATIVA,-74.10797802399998,4.696281935000059,POINT (-74.10797802399998 4.696281935000059),BOYACA REAL
2023,ALCALDIA,SAN RAFAEL,2079,PUENTE ARANDA,-74.11365582799993,4.619919495000033,POINT (-74.11365582799993 4.619919495000033),SAN RAFAEL
2023,ALCALDIA,LOS ALAMOS,2077,ENGATIVA,-74.11978794899994,4.69570563000002,POINT (-74.11978794899994 4.69570563000002),ALAMOS
2023,ALCALDIA,"EL CARMEN SUR ""A""",2077,TUNJUELITO,-74.13231081699996,4.582996852000065,POINT (-74.13231081699996 4.582996852000065),VENECIA
2023,ALCALDIA,LUCERO DEL SUR,2075,CIUDAD BOLIVAR,-74.13841960299999,4.550661156000047,POINT (-74.13841960299999 4.550661156000047),LUCERO
2023,ALCALDIA,EL VIRREY,2070,USME,-74.11179901,4.50250233600002,POINT (-74.11179901 4.50250233600002),COMUNEROS
2023,ALCALDIA,MALLPLAZA,2065,LOS MARTIRES,-74.08655260899997,4.619226968000021,POINT (-74.08655260899997 4.619226968000021),LA SABANA
2023,ALCALDIA,ESTADOS UNIDOS SUPER 13,2056,KENNEDY,-74.16032958799997,4.625627870000073,POINT (-74.16032958799997 4.625627870000073),CORABASTOS
2023,ALCALDIA,LOS COMUNEROS,2054,USME,-74.10874844399996,4.498587950000058,POINT (-74.10874844399996 4.498587950000058),COMUNEROS
2023,ALCALDIA,PORTAL USME,2051,USME,-74.11700227499995,4.532631466000055,POINT (-74.11700227499995 4.532631466000055),DANUBIO
2023,ALCALDIA,FRANCISCO JOSE DE CALDAS - INEM SEDE B,2045,KENNEDY,-74.15317527799994,4.626545717000056,POINT (-74.15317527799994 4.626545717000056),KENNEDY CENTRAL
2023,ALCALDIA,BELLO HORIZONTE,2045,SAN CRISTOBAL,-74.09247453299997,4.559956495000051,POINT (-74.09247453299997 4.559956495000051),20 DE JULIO
2023,ALCALDIA,LA ESPERANZA,2037,BOSA,-74.20536969899996,4.609695983000051,POINT (-74.20536969899996 4.609695983000051),BOSA CENTRAL
2023,ALCALDIA,LAS FERIAS,2031,ENGATIVA,-74.08716271499998,4.68068259000006,POINT (-74.08716271499998 4.68068259000006),LAS FERIAS
2023,ALCALDIA,CAMPO BELLO,2029,KENNEDY,-74.17254201799994,4.645385855000029,POINT (-74.17254201799994 4.645385855000029),PATIO BONITO
2023,ALCALDIA,LA FLORIDA,2025,ENGATIVA,-74.11058796699996,4.692899556000043,POINT (-74.11058796699996 4.692899556000043),BOYACA REAL
2023,ALCALDIA,LA PONDEROSA,2014,PUENTE ARANDA,-74.11908075799994,4.611495329000036,POINT (-74.11908075799994 4.611495329000036),CIUDAD MONTES
2023,ALCALDIA,ALCALDIA MAYOR,2012,LA CANDELARIA,-74.07650555699996,4.598427600000036,POINT (-74.07650555699996 4.598427600000036),LA CANDELARIA
2023,ALCALDIA,TUNJUELITO A,2002,TUNJUELITO,-74.12478150499999,4.559472671000037,POINT (-74.12478150499999 4.559472671000037),TUNJUELITO
2023,ALCALDIA,PATIOS,2001,KENNEDY,-74.16378937099995,4.642366606000053,POINT (-74.16378937099995 4.642366606000053),PATIO BONITO
2023,ALCALDIA,CLASS,1994,KENNEDY,-74.17890293099998,4.614181763000033,POINT (-74.17890293099998 4.614181763000033),GRAN BRITALIA
2023,ALCALDIA,GAITAN,1988,BARRIOS UNIDOS,-74.07245197899994,4.674229417000049,POINT (-74.07245197899994 4.674229417000049),DOCE DE OCTUBRE
2023,ALCALDIA,DELICIAS MUZU,1984,PUENTE ARANDA,-74.13043865899994,4.599249684000029,POINT (-74.13043865899994 4.599249684000029),MUZU
2023,ALCALDIA,JOSE ANTONIO GALAN,1974,BOSA,-74.17896635799997,4.606142614000021,POINT (-74.17896635799997 4.606142614000021),BOSA CENTRAL
2023,ALCALDIA,LOS SAUCES,1956,PUENTE ARANDA,-74.11885339399998,4.596838563000063,POINT (-74.11885339399998 4.596838563000063),MUZU
2023,ALCALDIA,PERPETUO SOCORRO,1954,KENNEDY,-74.16713612199999,4.605662528000039,POINT (-74.16713612199999 4.605662528000039),TIMIZA
2023,ALCALDIA,SIETE DE AGOSTO,1952,BARRIOS UNIDOS,-74.07208126499995,4.654623555000057,POINT (-74.07208126499995 4.654623555000057),LOS ALCAZARES
2023,ALCALDIA,TRES ELEFANTES- LA ESPERANZA,1948,FONTIBON,-74.11834597299998,4.660055099000033,POINT (-74.11834597299998 4.660055099000033),MODELIA
2023,ALCALDIA,BUENAVISTA,1948,USAQUEN,-74.02579167099998,4.766856689000065,POINT (-74.02579167099998 4.766856689000065),VERBENAL
2023,ALCALDIA,EL TEJAR,1947,PUENTE ARANDA,-74.12752014499995,4.60858481300005,POINT (-74.12752014499995 4.60858481300005),CIUDAD MONTES
2023,ALCALDIA,COLEGIO FE Y ALEGRIA,1941,KENNEDY,-74.146056,4.635105999000075,POINT (-74.146056 4.635105999000075),CASTILLA
2023,ALCALDIA,LAS MERCEDES,1933,SAN CRISTOBAL,-74.08081979099995,4.569269680000048,POINT (-74.08081979099995 4.569269680000048),SAN BLAS
2023,ALCALDIA,SANTA LUCIA,1924,RAFAEL URIBE URIBE,-74.12599363799995,4.577615822000041,POINT (-74.12599363799995 4.577615822000041),QUIROGA
2023,ALCALDIA,ATALAYAS,1923,BOSA,-74.19283751099994,4.629344928000023,POINT (-74.19283751099994 4.629344928000023),BOSA OCCIDENTAL
2023,ALCALDIA,SENA,1908,ANTONIO NARINO,-74.11194131099995,4.595189787000038,POINT (-74.11194131099995 4.595189787000038),RESTREPO
2023,ALCALDIA,LA ESPAÑOLA,1907,ENGATIVA,-74.09653854899994,4.703375863000076,POINT (-74.09653854899994 4.703375863000076),MINUTO DE DIOS
2023,ALCALDIA,RECODO,1898,FONTIBON,-74.16613786999994,4.680477448000033,POINT (-74.16613786999994 4.680477448000033),ZONA FRANCA
2023,ALCALDIA,EL BATAN,1898,SUBA,-74.05702320099994,4.704806291000068,POINT (-74.05702320099994 4.704806291000068),LA ALHAMBRA
2023,ALCALDIA,MARCO FIDEL SUAREZ,1894,RAFAEL URIBE URIBE,-74.12201370999998,4.568143763000023,POINT (-74.12201370999998 4.568143763000023),MARCO FIDEL SUAREZ
2023,ALCALDIA,RAMON DE ZUBIRIA SEDE A - IED,2187,SUBA,-74.092143,4.725401,POINT (-74.092143 4.725401),EL RINCON
2023,ALCALDIA,JERUSALEN (EL TANQUE),1879,CIUDAD BOLIVAR,-74.16542993299998,4.571907094000039,POINT (-74.16542993299998 4.571907094000039),JERUSALEM
2023,ALCALDIA,GONZALO ARANGO - IED,1879,SUBA,-74.09492314999994,4.729812315000061,POINT (-74.09492314999994 4.729812315000061),EL RINCON
2023,ALCALDIA,CENTRO CRECER,1872,LOS MARTIRES,-74.09769647399997,4.594708292000064,POINT (-74.09769647399997 4.594708292000064),SANTA ISABEL
2023,ALCALDIA,RICAURTE,1870,LOS MARTIRES,-74.09447962199994,4.610112401000038,POINT (-74.09447962199994 4.610112401000038),LA SABANA
2023,ALCALDIA,POLICARPA,1865,ANTONIO NARINO,-74.08822097599995,4.586603001000071,POINT (-74.08822097599995 4.586603001000071),CIUDAD JARDIN
2023,ALCALDIA,LAS PALMERAS,1865,KENNEDY,-74.16940801399994,4.640645230000075,POINT (-74.16940801399994 4.640645230000075),PATIO BONITO
2023,ALCALDIA,TORQUIGUA,1858,ENGATIVA,-74.14340953399994,4.721749836000072,POINT (-74.14340953399994 4.721749836000072),ENGATIVA
2023,ALCALDIA,COLEGIO DISTRITAL DIVINO MAESTRO SEDE A,1857,USAQUEN,-74.02774595599993,4.739852818000031,POINT (-74.02774595599993 4.739852818000031),SAN CRISTOBAL NORTE
2023,ALCALDIA,COLEGIO DARIO ECHANDIA,1845,KENNEDY,-74.161696,4.642173,POINT (-74.161696 4.642173),PATIO BONITO
2023,ALCALDIA,20 DE JULIO SEDE B,1844,SAN CRISTOBAL,-74.09452945499999,4.571464270000035,POINT (-74.09452945499999 4.571464270000035),20 DE JULIO
2023,ALCALDIA,SAN ANTONIO,1842,ANTONIO NARINO,-74.09360645899994,4.587600355000063,POINT (-74.09360645899994 4.587600355000063),RESTREPO
2023,ALCALDIA,CC GRAN PLAZA BOSA,1842,BOSA,-74.18379218199993,4.605002732000059,POINT (-74.18379218199993 4.605002732000059),BOSA CENTRAL
2023,ALCALDIA,CENTRO A,1840,FONTIBON,-74.14464347799998,4.670627619000072,POINT (-74.14464347799998 4.670627619000072),FONTIBON
2023,ALCALDIA,SAN BENITO ABAD,115,TUNJUELITO,-74.13704436299997,4.56659538100007,POINT (-74.13704436299997 4.56659538100007),TUNJUELITO
2023,ALCALDIA,COLEGIO CARO Y CUERVO,1833,SUBA,-74.05360010199996,4.733372491000068,POINT (-74.05360010199996 4.733372491000068),EL PRADO
2023,ALCALDIA,"COLEGIO TOBERIN ""B""",1825,USAQUEN,-74.035909,4.743052,POINT (-74.035909 4.743052),TOBERIN
2023,ALCALDIA,EL BOSQUE,1824,USME,-74.10311553799994,4.506018318000031,POINT (-74.10311553799994 4.506018318000031),GRAN YOMASA
2023,ALCALDIA,MONTEBLANCO,1821,USME,-74.11504819099997,4.49678054900005,POINT (-74.11504819099997 4.49678054900005),COMUNEROS
2023,ALCALDIA,FLORALIA,1816,KENNEDY,-74.13231108999997,4.608704879000072,POINT (-74.13231108999997 4.608704879000072),CARVAJAL
2023,ALCALDIA,CARLOS PIZARRO LEON GOMEZ,1816,BOSA,-74.20486502199998,4.635605660000067,POINT (-74.20486502199998 4.635605660000067),TINTAL SUR
2023,ALCALDIA,PIO XII - SEDE COLEGIO ISABEL II,1813,KENNEDY,-74.15182268399997,4.635361166000052,POINT (-74.15182268399997 4.635361166000052),CASTILLA
2023,ALCALDIA,LA GLORIA,1795,SAN CRISTOBAL,-74.08928989799995,4.541038678000064,POINT (-74.08928989799995 4.541038678000064),LOS LIBERTADORES
2023,ALCALDIA,COLEGIO TOM ADAMS,1787,KENNEDY,-74.15564540499997,4.618288050000046,POINT (-74.15564540499997 4.618288050000046),KENNEDY CENTRAL
2023,ALCALDIA,LA SERENA,1773,ENGATIVA,-74.09499903299997,4.708631876000027,POINT (-74.09499903299997 4.708631876000027),MINUTO DE DIOS
2023,ALCALDIA,FILARMONICO JORGE MARIO BERGOGLIO - IED,1770,SUBA,-74.103399,4.748823,POINT (-74.103399 4.748823),EL RINCON
2023,ALCALDIA,CLARETIANO,1766,BOSA,-74.18399515999994,4.611860410000077,POINT (-74.18399515999994 4.611860410000077),BOSA CENTRAL
2023,ALCALDIA,INGLES,1755,RAFAEL URIBE URIBE,-74.12341538999993,4.583322852000038,POINT (-74.12341538999993 4.583322852000038),QUIROGA
2023,ALCALDIA,STA. MARIA DEL LAGO,1754,ENGATIVA,-74.09470131699999,4.691661443000044,POINT (-74.09470131699999 4.691661443000044),BOYACA REAL
2023,ALCALDIA,RAFAEL NUÑEZ,1752,TEUSAQUILLO,-74.09262937299997,4.644623938000052,POINT (-74.09262937299997 4.644623938000052),PARQUE SIMON BOLIVAR - CAN
2023,ALCALDIA,VILLA ELISA SEDE A - IED,1749,SUBA,-74.09331632599998,4.722742548000042,POINT (-74.09331632599998 4.722742548000042),EL RINCON
2023,ALCALDIA,VILLA HERMOSA,1745,USME,-74.10232047799997,4.493986247000066,POINT (-74.10232047799997 4.493986247000066),ALFONSO LOPEZ
2023,ALCALDIA,NUEVA COLOMBIA - IED,1740,SUBA,-74.09984255499995,4.72853918200002,POINT (-74.09984255499995 4.72853918200002),EL RINCON
2023,ALCALDIA,COLEGIO CLASS I D E SEDE B ROMA,1735,KENNEDY,-74.17120200699998,4.608893256000044,POINT (-74.17120200699998 4.608893256000044),TIMIZA
2023,ALCALDIA,LOS MOLINOS II SECTOR,1726,RAFAEL URIBE URIBE,-74.10769519599995,4.55358904600007,POINT (-74.10769519599995 4.55358904600007),MARRUECOS
2023,ALCALDIA,COLEGIO NELSON MANDELA,1714,KENNEDY,-74.17790968199995,4.635853713000074,POINT (-74.17790968199995 4.635853713000074),LAS MARGARITAS
2023,ALCALDIA,NAVARRA MODELIA,1709,FONTIBON,-74.117062,4.66582,POINT (-74.117062 4.66582),MODELIA
2023,ALCALDIA,BOITA,1708,KENNEDY,-74.15258212699996,4.602362910000068,POINT (-74.15258212699996 4.602362910000068),TIMIZA
2023,ALCALDIA,EL DANUBIO AZUL,1687,USME,-74.11502143899997,4.537765720000039,POINT (-74.11502143899997 4.537765720000039),DANUBIO
2023,ALCALDIA,COLEGIO OEA,1673,KENNEDY,-74.14145868399999,4.618158635000043,POINT (-74.14145868399999 4.618158635000043),CARVAJAL
2023,ALCALDIA,SENA CALLE 52,1670,CHAPINERO,-74.06288077299996,4.65175626000007,POINT (-74.06288077299996 4.65175626000007),CHAPINERO
2023,ALCALDIA,MUSEO DEL CHICO,1661,CHAPINERO,-74.04334130099994,4.672882848000029,POINT (-74.04334130099994 4.672882848000029),EL REFUGIO
2023,ALCALDIA,COLEGIO DISTRITAL CRISTOBAL COLON,1647,USAQUEN,-74.025933,4.741343,POINT (-74.025933 4.741343),SAN CRISTOBAL NORTE
2023,ALCALDIA,LA FISCALA,1642,USME,-74.11172754099994,4.533770827000069,POINT (-74.11172754099994 4.533770827000069),DANUBIO
2023,ALCALDIA,ALEXANDER FLEMING SAN JORGE,1641,RAFAEL URIBE URIBE,-74.12031361199996,4.571593551000035,POINT (-74.12031361199996 4.571593551000035),MARCO FIDEL SUAREZ
2023,ALCALDIA,MIRANDELA - NUEVA ZELANDIA,1638,SUBA,-74.04692983199999,4.765522131000068,POINT (-74.04692983199999 4.765522131000068),SAN JOSE DE BAVARIA
2023,ALCALDIA,BOSA PAULO VI,1633,BOSA,-74.19443338699995,4.599350291000064,POINT (-74.19443338699995 4.599350291000064),BOSA CENTRAL
2023,ALCALDIA,LOS LIBERTADORES,1628,SAN CRISTOBAL,-74.09086297499994,4.534402597000053,POINT (-74.09086297499994 4.534402597000053),LOS LIBERTADORES
2023,ALCALDIA,ISLA DEL SOL,1628,TUNJUELITO,-74.15250680099996,4.589211385000056,POINT (-74.15250680099996 4.589211385000056),VENECIA
2023,ALCALDIA,CLARET,1625,RAFAEL URIBE URIBE,-74.12841806999995,4.583001399000068,POINT (-74.12841806999995 4.583001399000068),QUIROGA
2023,ALCALDIA,JOHN F. KENNEDY,1624,KENNEDY,-74.15025404499994,4.619573277000029,POINT (-74.15025404499994 4.619573277000029),KENNEDY CENTRAL
2023,ALCALDIA,MILENTA,1619,PUENTE ARANDA,-74.12565622599993,4.609531985000046,POINT (-74.12565622599993 4.609531985000046),CIUDAD MONTES
2023,ALCALDIA,PALESTINA,1616,BOSA,-74.19364580199993,4.611871835000045,POINT (-74.19364580199993 4.611871835000045),BOSA CENTRAL
2023,ALCALDIA,SAN PABLO LA PERLA,1615,FONTIBON,-74.15887107399993,4.688993233000076,POINT (-74.15887107399993 4.688993233000076),FONTIBON SAN PABLO
2023,ALCALDIA,LOS PERIODISTAS,1615,KENNEDY,-74.15832380899997,4.617388222000045,POINT (-74.15832380899997 4.617388222000045),KENNEDY CENTRAL
2023,ALCALDIA,COLEGIO C.E.L.C.O. SAN LUCAS,1610,KENNEDY,-74.15123482399997,4.625141868000071,POINT (-74.15123482399997 4.625141868000071),KENNEDY CENTRAL
2023,ALCALDIA,ENTRE RIOS,1609,BARRIOS UNIDOS,-74.07541461999995,4.680300152000029,POINT (-74.07541461999995 4.680300152000029),LOS ANDES
2023,ALCALDIA,ALEJANDRO OBREGON GUSTAVO REST,1597,RAFAEL URIBE URIBE,-74.10885290599998,4.576491076000025,POINT (-74.10885290599998 4.576491076000025),SAN JOSE
2023,ALCALDIA,POLO CLUB,1595,BARRIOS UNIDOS,-74.06070016599995,4.669161304000056,POINT (-74.06070016599995 4.669161304000056),LOS ALCAZARES
2023,ALCALDIA,MARIA PAZ,1593,KENNEDY,-74.15796743599998,4.636868682000056,POINT (-74.15796743599998 4.636868682000056),CORABASTOS
2023,ALCALDIA,SANTA FE DE BOSA,1589,BOSA,-74.19523999299997,4.64115361100005,POINT (-74.19523999299997 4.64115361100005),EL PORVENIR
2023,ALCALDIA,COLEGIO MARYMOUNT,1585,SUBA,-74.06644191799995,4.755702266000071,POINT (-74.06644191799995 4.755702266000071),CASA BLANCA SUBA
2023,ALCALDIA,FERIAS II,1584,ENGATIVA,-74.08190081299995,4.686961488000065,POINT (-74.08190081299995 4.686961488000065),LAS FERIAS
2023,ALCALDIA,PRIMERA DE MAYO,1583,SAN CRISTOBAL,-74.09008012099997,4.574318484000059,POINT (-74.09008012099997 4.574318484000059),SOSIEGO
2023,ALCALDIA,COLEGIO GENERAL SANTANDER USAQUEN,1576,USAQUEN,-74.028279,4.735065,POINT (-74.028279 4.735065),SAN CRISTOBAL NORTE
2023,ALCALDIA,MODELIA REAL,1570,FONTIBON,-74.12140295499995,4.67060209300007,POINT (-74.12140295499995 4.67060209300007),MODELIA
2023,ALCALDIA,LAS CRUCES,1564,SANTA FE,-74.08225487599998,4.592220084000076,POINT (-74.08225487599998 4.592220084000076),LAS CRUCES
2023,ALCALDIA,LOS CEREZOS,1560,ENGATIVA,-74.10015043799996,4.706390361000047,POINT (-74.10015043799996 4.706390361000047),MINUTO DE DIOS
2023,ALCALDIA,LOS LACHES,1555,SANTA FE,-74.06663596699997,4.587465473000066,POINT (-74.06663596699997 4.587465473000066),LOURDES
2023,ALCALDIA,LAS LOMAS,1552,RAFAEL URIBE URIBE,-74.10835908299998,4.564671512000075,POINT (-74.10835908299998 4.564671512000075),MARCO FIDEL SUAREZ
2023,ALCALDIA,EL MORISCO,1549,ENGATIVA,-74.09038497199998,4.70515559100005,POINT (-74.09038497199998 4.70515559100005),MINUTO DE DIOS
2023,ALCALDIA,EL TESORO,1547,CIUDAD BOLIVAR,-74.14944513799998,4.534972583000069,POINT (-74.14944513799998 4.534972583000069),EL TESORO
2023,ALCALDIA,CAMPO VERDE - POTRERITOS,1546,BOSA,-74.207959,4.622137,POINT (-74.207959 4.622137),TINTAL SUR
2023,ALCALDIA,CIUDAD BERNA,1533,ANTONIO NARINO,-74.09353678399998,4.586132712000051,POINT (-74.09353678399998 4.586132712000051),CIUDAD JARDIN
2023,ALCALDIA,LA CONCORDIA,1529,LA CANDELARIA,-74.06917663199994,4.598773004000066,POINT (-74.06917663199994 4.598773004000066),LA CANDELARIA
2023,ALCALDIA,LA PRADERA,1528,PUENTE ARANDA,-74.12182556299996,4.623994109000023,POINT (-74.12182556299996 4.623994109000023),SAN RAFAEL
2023,ALCALDIA,LA FRAGUA,1528,ANTONIO NARINO,-74.10444052099996,4.594286364000027,POINT (-74.10444052099996 4.594286364000027),RESTREPO
2023,ALCALDIA,COLEGIO DISTRITAL SALUDCOOP NORTE,1496,USAQUEN,-74.040412,4.757606,POINT (-74.040412 4.757606),VERBENAL
2023,ALCALDIA,ARCHIVO DISTRITAL,1495,LA CANDELARIA,-74.07713534599998,4.591681989000051,POINT (-74.07713534599998 4.591681989000051),LA CANDELARIA
2023,ALCALDIA,MILENIO PLAZA,1484,KENNEDY,-74.16878478099994,4.630349086000024,POINT (-74.16878478099994 4.630349086000024),PATIO BONITO
2023,ALCALDIA,ALMENAR,1484,KENNEDY,-74.17039948099995,4.619730318000052,POINT (-74.17039948099995 4.619730318000052),GRAN BRITALIA
2023,ALCALDIA,SANTA MARTA,1471,USME,-74.11562807999996,4.525273169000059,POINT (-74.11562807999996 4.525273169000059),GRAN YOMASA
2023,ALCALDIA,CAFAM CALLE 51,1470,TEUSAQUILLO,-74.06838478599997,4.639022793000038,POINT (-74.06838478599997 4.639022793000038),GALERIAS
2023,ALCALDIA,LIBERTADOR II,1464,RAFAEL URIBE URIBE,-74.11613920499997,4.584036610000055,POINT (-74.11613920499997 4.584036610000055),QUIROGA
2023,ALCALDIA,JUAN PABLO II,1462,CIUDAD BOLIVAR,-74.14786307699995,4.555261993000045,POINT (-74.14786307699995 4.555261993000045),LUCERO
2023,ALCALDIA,SAN BERNARDINO,1459,BOSA,-74.20614751399995,4.623649620000037,POINT (-74.20614751399995 4.623649620000037),BOSA OCCIDENTAL
2023,ALCALDIA,COLEGIO SIMON RODRIGUEZ SEDE A,1458,CHAPINERO,-74.06109617699997,4.654052440000044,POINT (-74.06109617699997 4.654052440000044),CHICO LAGO
2023,ALCALDIA,LA VALVANERA,1454,ANTONIO NARINO,-74.100284,4.589989,POINT (-74.100284 4.589989),RESTREPO
2023,ALCALDIA,MANUELA BELTRAN,1446,CIUDAD BOLIVAR,-74.15747735099995,4.57256518600002,POINT (-74.15747735099995 4.57256518600002),JERUSALEM
2023,ALCALDIA,CENTRO DE DESARROLLO COMUNITARIO KENNEDY,1444,KENNEDY,-74.16661075199994,4.620902714000067,POINT (-74.16661075199994 4.620902714000067),GRAN BRITALIA
2023,ALCALDIA,QUIROGA,1442,RAFAEL URIBE URIBE,-74.11055171399994,4.579222339000069,POINT (-74.11055171399994 4.579222339000069),QUIROGA
2023,ALCALDIA,GUSTAVO RESTREPO,1442,RAFAEL URIBE URIBE,-74.10616393599997,4.575755499000024,POINT (-74.10616393599997 4.575755499000024),SAN JOSE
2023,ALCALDIA,SANTO DOMINGO,1438,CIUDAD BOLIVAR,-74.17893964099994,4.578844444000026,POINT (-74.17893964099994 4.578844444000026),ISMAEL PERDOMO
2023,ALCALDIA,CEDID SAN PABLO,1435,BOSA,-74.1876,4.5998,POINT (-74.1876 4.5998),BOSA CENTRAL
2023,ALCALDIA,EL PARAISO,1434,CIUDAD BOLIVAR,-74.15899211599998,4.552388765000046,POINT (-74.15899211599998 4.552388765000046),LUCERO
2023,ALCALDIA,BETHLEMITAS-CALLE 65,1429,CHAPINERO,-74.05779338299999,4.64885683600005,POINT (-74.05779338299999 4.64885683600005),PARDO RUBIO
2023,ALCALDIA,ANGLO AMERICANO,1429,USAQUEN,-74.02898538599999,4.747961736000036,POINT (-74.02898538599999 4.747961736000036),LA URIBE
2023,ALCALDIA,UNIVERSIDAD DISTRITAL,1426,CHAPINERO,-74.06579504799998,4.62818951600002,POINT (-74.06579504799998 4.62818951600002),CHAPINERO
2023,ALCALDIA,SENA CALLE 65,1426,CHAPINERO,-74.06288077299996,4.65175626000007,POINT (-74.06288077299996 4.65175626000007),CHAPINERO
2023,ALCALDIA,LA EUROPA,1423,ENGATIVA,-74.09357475199994,4.683808993000071,POINT (-74.09357475199994 4.683808993000071),LAS FERIAS
2023,ALCALDIA,OLAYA,1421,RAFAEL URIBE URIBE,-74.10905678999995,4.583496479000075,POINT (-74.10905678999995 4.583496479000075),QUIROGA
2023,ALCALDIA,LOS HEROES,1420,KENNEDY,-74.14522563599996,4.62054082700007,POINT (-74.14522563599996 4.62054082700007),KENNEDY CENTRAL
2023,ALCALDIA,FLORENCIA,1418,ENGATIVA,-74.10526331599993,4.69956810900004,POINT (-74.10526331599993 4.69956810900004),BOYACA REAL
2023,ALCALDIA,EL SAUCEDAL,1415,KENNEDY,-74.16282556699997,4.633038830000032,POINT (-74.16282556699997 4.633038830000032),CORABASTOS
2023,ALCALDIA,CODEMA,1413,KENNEDY,-74.16555885199995,4.64829351700007,POINT (-74.16555885199995 4.64829351700007),CALANDAIMA
2023,ALCALDIA,USMINIA,1402,USME,-74.11448729499995,4.495438658000069,POINT (-74.11448729499995 4.495438658000069),COMUNEROS
2023,ALCALDIA,MURILLO TORO,1400,LA CANDELARIA,-74.075,4.6001,POINT (-74.075 4.6001),LA CANDELARIA
2023,ALCALDIA,COLEGIO COLSUBSIDIO CHICALA,1398,BOSA,-74.18101530099995,4.625223078000033,POINT (-74.18101530099995 4.625223078000033),BOSA OCCIDENTAL
2023,ALCALDIA,VALLES DE CAFAM,1395,USME,-74.11805941599994,4.507653595000022,POINT (-74.11805941599994 4.507653595000022),COMUNEROS
2023,ALCALDIA,LOS ALCAZARES,1395,BARRIOS UNIDOS,-74.07035057899998,4.663748039000041,POINT (-74.07035057899998 4.663748039000041),LOS ALCAZARES
2023,ALCALDIA,COLEGIO LICEO DE CERVANTES EL RETIRO,1392,CHAPINERO,-74.04943288199996,4.664575900000045,POINT (-74.04943288199996 4.664575900000045),EL REFUGIO
2023,ALCALDIA,INEM FRANCISCO DE PAULA SANTANDER SEDE A,1383,KENNEDY,-74.15550350899997,4.624982828000043,POINT (-74.15550350899997 4.624982828000043),KENNEDY CENTRAL
2023,ALCALDIA,SAN FRANCISCO SEDE A,1376,CIUDAD BOLIVAR,-74.14975263099996,4.562514262000036,POINT (-74.14975263099996 4.562514262000036),SAN FRANCISCO
2023,ALCALDIA,SALON COMUNAL MARSELLA,1372,KENNEDY,-74.12702548099998,4.632976377000034,POINT (-74.12702548099998 4.632976377000034),BAVARIA
2023,ALCALDIA,EL VERGEL,1370,LOS MARTIRES,-74.09426546999998,4.596321872000033,POINT (-74.09426546999998 4.596321872000033),SANTA ISABEL
2023,ALCALDIA,VILLA ADRIANA,1363,KENNEDY,-74.12908471199995,4.612923953000063,POINT (-74.12908471199995 4.612923953000063),AMERICAS
2023,ALCALDIA,CENTRO COMERCIAL DE LA 93,1363,CHAPINERO,-74.05147766699997,4.67684229200006,POINT (-74.05147766699997 4.67684229200006),CHICO LAGO
2023,ALCALDIA,SAN JOSE BAVARIA-ABRAHAM LINCOLN,1361,SUBA,-74.06104163399993,4.756619186000023,POINT (-74.06104163399993 4.756619186000023),BRITALIA
2023,ALCALDIA,SANTA SOFIA,1357,BARRIOS UNIDOS,-74.06707617899997,4.670677322000074,POINT (-74.06707617899997 4.670677322000074),LOS ALCAZARES
2023,ALCALDIA,SANTA FE,1357,LOS MARTIRES,-74.07940438199995,4.61516279500006,POINT (-74.07940438199995 4.61516279500006),LA SABANA
2023,ALCALDIA,SAN LUIS,1356,TEUSAQUILLO,-74.06726194899994,4.64830091400006,POINT (-74.06726194899994 4.64830091400006),GALERIAS
2023,ALCALDIA,PALACIO SAN FRANCISCO,1354,SANTA FE,-74.07359544099995,4.601961525000036,POINT (-74.07359544099995 4.601961525000036),LAS NIEVES
2023,ALCALDIA,UNIVERSIDAD MILITAR,1347,USAQUEN,-74.04260518899997,4.683697676000065,POINT (-74.04260518899997 4.683697676000065),USAQUEN
2023,ALCALDIA,PALERMO SUR,1341,RAFAEL URIBE URIBE,-74.10971793799996,4.543099721000033,POINT (-74.10971793799996 4.543099721000033),DIANA TURBAY
2023,ALCALDIA,CENTRAL QUIROGA,1339,RAFAEL URIBE URIBE,-74.11908819699994,4.579885019000073,POINT (-74.11908819699994 4.579885019000073),QUIROGA
2023,ALCALDIA,BATAVIA,1337,FONTIBON,-74.15300324099996,4.682683578000024,POINT (-74.15300324099996 4.682683578000024),FONTIBON
2023,ALCALDIA,"NUEVO MUZU ""A""",1336,TUNJUELITO,-74.14759957699994,4.586123155000053,POINT (-74.14759957699994 4.586123155000053),VENECIA
2023,ALCALDIA,JIMENEZ DE QUESADA,1323,BOSA,-74.18843550999998,4.606190850000075,POINT (-74.18843550999998 4.606190850000075),BOSA CENTRAL
2023,ALCALDIA,LAURELES II,1316,BOSA,-74.20015505899994,4.609059013000035,POINT (-74.20015505899994 4.609059013000035),BOSA CENTRAL
2023,ALCALDIA,VILLA DEL RIO II,1310,BOSA,-74.15738736799995,4.602225416000067,POINT (-74.15738736799995 4.602225416000067),APOGEO
2023,ALCALDIA,UNIVERSIDAD PILOTO,1310,CHAPINERO,-74.06547382099996,4.632772357000022,POINT (-74.06547382099996 4.632772357000022),CHAPINERO
2023,ALCALDIA,CENTRO COMERCIAL GALERIAS,1310,TEUSAQUILLO,-74.07494141799998,4.643162799000038,POINT (-74.07494141799998 4.643162799000038),GALERIAS
2023,ALCALDIA,ATAHUALPA,1310,FONTIBON,-74.1483,4.6883,POINT (-74.1483 4.6883),FONTIBON
2023,ALCALDIA,JOSE CELESTINO MUTIS,1305,CIUDAD BOLIVAR,-74.14997740599995,4.568745078000063,POINT (-74.14997740599995 4.568745078000063),SAN FRANCISCO
2023,ALCALDIA,EL CONSUELO,1292,SANTA FE,-74.07114749899995,4.580839076000075,POINT (-74.07114749899995 4.580839076000075),LOURDES
2023,ALCALDIA,ISLANDIA,1290,BOSA,-74.20035773099994,4.616162771000063,POINT (-74.20035773099994 4.616162771000063),BOSA CENTRAL
2023,ALCALDIA,TEUSAQUILLO,1280,TEUSAQUILLO,-74.07273435499997,4.621280332000026,POINT (-74.07273435499997 4.621280332000026),TEUSAQUILLO
2023,ALCALDIA,PARQUEADERO GUACAMAYAS,1272,SAN CRISTOBAL,-74.10010721799995,4.557598894000023,POINT (-74.10010721799995 4.557598894000023),LA GLORIA
2023,ALCALDIA,LA FORTALEZA,1272,USME,-74.11916043499997,4.517830869000022,POINT (-74.11916043499997 4.517830869000022),GRAN YOMASA
2023,ALCALDIA,EDUARDO SANTOS,1272,LOS MARTIRES,-74.09333049699995,4.594339241000057,POINT (-74.09333049699995 4.594339241000057),SANTA ISABEL
2023,ALCALDIA,BOSA SAN JOSE,1272,BOSA,-74.20988606299994,4.613764418000073,POINT (-74.20988606299994 4.613764418000073),BOSA CENTRAL
2023,ALCALDIA,JUAN REY,1271,SAN CRISTOBAL,-74.08995580399994,4.522433833000036,POINT (-74.08995580399994 4.522433833000036),LOS LIBERTADORES
2023,ALCALDIA,DIVINO SALVADOR,1265,TEUSAQUILLO,-74.06639656599998,4.644427046000033,POINT (-74.06639656599998 4.644427046000033),GALERIAS
2023,ALCALDIA,LA CABAÑA,1264,ENGATIVA,-74.10219663,4.674296156000025,POINT (-74.10219663 4.674296156000025),LAS FERIAS
2023,ALCALDIA,SAN PEDRO SUR ORIENTAL,1262,SAN CRISTOBAL,-74.08717515099994,4.564504542000066,POINT (-74.08717515099994 4.564504542000066),20 DE JULIO
2023,ALCALDIA,GRAN YOMASA,1259,USME,-74.109734,4.508524,POINT (-74.109734 4.508524),GRAN YOMASA
2023,ALCALDIA,REPUBLICA DEL CANADA,1246,SAN CRISTOBAL,-74.08732730199995,4.53577178300003,POINT (-74.08732730199995 4.53577178300003),LOS LIBERTADORES
2023,ALCALDIA,CC PLAZA DE LAS AMERICAS,1242,KENNEDY,-74.13720239099996,4.61844261300007,POINT (-74.13720239099996 4.61844261300007),AMERICAS
2023,ALCALDIA,VILLANUEVA,1241,KENNEDY,-74.14097588099997,4.603200021000021,POINT (-74.14097588099997 4.603200021000021),CARVAJAL
2023,ALCALDIA,ESTRELLA DEL SUR,1235,CIUDAD BOLIVAR,-74.14255463799998,4.54309905100007,POINT (-74.14255463799998 4.54309905100007),EL TESORO
2023,ALCALDIA,SANTA ANA SUR,1233,SAN CRISTOBAL,-74.08415687399997,4.577041486000041,POINT (-74.08415687399997 4.577041486000041),SOSIEGO
2023,ALCALDIA,CENTRO NARIÑO,1225,TEUSAQUILLO,-74.09149145199996,4.628473686000063,POINT (-74.09149145199996 4.628473686000063),QUINTA PAREDES
2023,ALCALDIA,EL GUALI,1223,ENGATIVA,-74.09435405699998,4.671215577000055,POINT (-74.09435405699998 4.671215577000055),LAS FERIAS
2023,ALCALDIA,PARQUES DE BOGOTA,1216,BOSA,-74.21173341399998,4.626093818000072,POINT (-74.21173341399998 4.626093818000072),TINTAL SUR
2023,ALCALDIA,VERAGUAS,1213,LOS MARTIRES,-74.09628110899996,4.602877286000023,POINT (-74.09628110899996 4.602877286000023),SANTA ISABEL
2023,ALCALDIA,ARBOLEDA SUR,1213,SAN CRISTOBAL,-74.09111476899994,4.579195660000039,POINT (-74.09111476899994 4.579195660000039),SOSIEGO
2023,ALCALDIA,LA FLORA,1204,USME,-74.09120984199996,4.513289875000055,POINT (-74.09120984199996 4.513289875000055),LA FLORA
2023,ALCALDIA,LA FRANCIA,1195,PUENTE ARANDA,-74.10746026399994,4.620199921000051,POINT (-74.10746026399994 4.620199921000051),SAN RAFAEL
2023,ALCALDIA,LICEO EL CASTILLO,1192,KENNEDY,-74.14992682599996,4.643894623000051,POINT (-74.14992682599996 4.643894623000051),CASTILLA
2023,ALCALDIA,MARGARITA BOSCO,1181,ENGATIVA,-74.10595588499996,4.676707799000042,POINT (-74.10595588499996 4.676707799000042),SANTA CECILIA
2023,ALCALDIA,COLEGIO CAMPESTRE MONTEVERDE SAN LUIS,1181,CHAPINERO,-74.02153895199996,4.670209741000065,POINT (-74.02153895199996 4.670209741000065),SAN ISIDRO - PATIOS
2023,ALCALDIA,CENTRO COMERCIAL CIUDAD TINTAL,1179,KENNEDY,-74.15974955799999,4.652774051000051,POINT (-74.15974955799999 4.652774051000051),TINTAL NORTE
2023,ALCALDIA,VILLA MAYOR LA NUEVA,1161,RAFAEL URIBE URIBE,-74.12704196399994,4.589394040000059,POINT (-74.12704196399994 4.589394040000059),QUIROGA
2023,ALCALDIA,CENTENARIO,1161,RAFAEL URIBE URIBE,-74.11268452199994,4.584835381000062,POINT (-74.11268452199994 4.584835381000062),QUIROGA
2023,ALCALDIA,VILLA RICA,1154,KENNEDY,-74.16641358299995,4.611437642000055,POINT (-74.16641358299995 4.611437642000055),TIMIZA
2023,ALCALDIA,SANTA TERESA CENTRO,1152,FONTIBON,-74.142523,4.673794,POINT (-74.142523 4.673794),FONTIBON
2023,ALCALDIA,SANTA CECILIA,1149,ENGATIVA,-74.11305605299998,4.677248620000057,POINT (-74.11305605299998 4.677248620000057),SANTA CECILIA
2023,ALCALDIA,VIRGINIA GUTIERREZ DE PINEDA - IED,1144,SUBA,-74.09174548699997,4.731055911000055,POINT (-74.09174548699997 4.731055911000055),EL RINCON
2023,ALCALDIA,REINO DE HOLANDA,1136,RAFAEL URIBE URIBE,-74.11530818399996,4.567280720000042,POINT (-74.11530818399996 4.567280720000042),MARCO FIDEL SUAREZ
2023,ALCALDIA,BENJAMIN HERRERA,1124,BARRIOS UNIDOS,-74.07567930199997,4.652273764000029,POINT (-74.07567930199997 4.652273764000029),LOS ALCAZARES
2023,ALCALDIA,ESTACION DE LA SABANA,1108,LOS MARTIRES,-74.08335137199998,4.607028938000042,POINT (-74.08335137199998 4.607028938000042),LA SABANA
2023,ALCALDIA,BRASILIA,1105,USME,-74.11643953199996,4.51760874100006,POINT (-74.11643953199996 4.51760874100006),GRAN YOMASA
2023,ALCALDIA,ALFONSO LOPEZ,1104,USME,-74.100862,4.497976,POINT (-74.100862 4.497976),ALFONSO LOPEZ
2023,ALCALDIA,COLEGIO COOPERATIVO VENECIA,1101,TUNJUELITO,-74.14062678999994,4.592878914000039,POINT (-74.14062678999994 4.592878914000039),VENECIA
2023,ALCALDIA,COLEGIO ESCLAVAS DEL SAGRADO CORAZON,1099,USAQUEN,-74.04309304199995,4.755656316000056,POINT (-74.04309304199995 4.755656316000056),LA URIBE
2023,ALCALDIA,EL RECUERDO SANTAFE,1088,BOSA,-74.19774784299995,4.641699962000075,POINT (-74.19774784299995 4.641699962000075),EL PORVENIR
2023,ALCALDIA,SALON COMUNAL PROTECHO VILLA AMALIA,1083,ENGATIVA,-74.12517638799994,4.710606313000028,POINT (-74.12517638799994 4.710606313000028),GARCES NAVAS
2023,ALCALDIA,MANUEL CEPEDA,1079,KENNEDY,-74.17766230299998,4.616530014000034,POINT (-74.17766230299998 4.616530014000034),GRAN BRITALIA
2023,ALCALDIA,CENTRO COMERCIAL SAN MARTIN,1079,SANTA FE,-74.06767179599996,4.619655990000069,POINT (-74.06767179599996 4.619655990000069),SAGRADO CORAZON
2023,ALCALDIA,PABLO DE TARSO,1074,BOSA,-74.18698567899997,4.603976958000032,POINT (-74.18698567899997 4.603976958000032),BOSA CENTRAL
2023,ALCALDIA,12 DE OCTUBRE,1063,BARRIOS UNIDOS,-74.07335095099995,4.666941938000036,POINT (-74.07335095099995 4.666941938000036),LOS ALCAZARES
2023,ALCALDIA,PARROQUIAL SAN CARLOS,1057,TUNJUELITO,-74.13012683399995,4.566447764000031,POINT (-74.13012683399995 4.566447764000031),TUNJUELITO
2023,ALCALDIA,COLEGIO VISTA BELLA,1057,SUBA,-74.05878126099998,4.750099164000062,POINT (-74.05878126099998 4.750099164000062),BRITALIA
2023,ALCALDIA,SOSIEGO,1050,SAN CRISTOBAL,-74.09301011799994,4.576361586000075,POINT (-74.09301011799994 4.576361586000075),SOSIEGO
2023,ALCALDIA,RAMAJAL,1047,SAN CRISTOBAL,-74.08363441199998,4.562173595000047,POINT (-74.08363441199998 4.562173595000047),SAN BLAS
2023,ALCALDIA,AUTOPISTA SUR,1044,PUENTE ARANDA,-74.12678913099995,4.598533669000062,POINT (-74.12678913099995 4.598533669000062),MUZU
2023,ALCALDIA,SAMPER MENDOZA,1043,LOS MARTIRES,-74.08305313799997,4.61837266200007,POINT (-74.08305313799997 4.61837266200007),LA SABANA
2023,ALCALDIA,LAS NIEVES,1043,SANTA FE,-74.06913089899996,4.605013588000077,POINT (-74.06913089899996 4.605013588000077),LAS NIEVES
2023,ALCALDIA,COLEGIO MONTEHELENA,1040,TEUSAQUILLO,-74.0658942836386,4.64322623352669,POINT (-74.0658942836386 4.64322623352669),GALERIAS
2023,ALCALDIA,BRAVO PAEZ,1037,RAFAEL URIBE URIBE,-74.12037854099998,4.584800500000028,POINT (-74.12037854099998 4.584800500000028),QUIROGA
2023,ALCALDIA,LA MAGDALENA,1035,TEUSAQUILLO,-74.07105250499995,4.629350958000032,POINT (-74.07105250499995 4.629350958000032),TEUSAQUILLO
2023,ALCALDIA,POLIDEPORTIVO LA ESTANCIA,1033,CIUDAD BOLIVAR,-74.17372990099994,4.592812709000043,POINT (-74.17372990099994 4.592812709000043),ISMAEL PERDOMO
2023,ALCALDIA,PARQUE SAN ANDRES,1031,ENGATIVA,-74.11002009999999,4.71339411200006,POINT (-74.11002009999999 4.71339411200006),BOLIVIA
2023,ALCALDIA,COLEGIO CIUDADANOS DEL FUTURO,1029,BOSA,-74.19070919,4.628029753000021,POINT (-74.19070919 4.628029753000021),BOSA OCCIDENTAL
2023,ALCALDIA,C.C. OUTLET FACTORY,1027,PUENTE ARANDA,-74.11836960299996,4.629242372000022,POINT (-74.11836960299996 4.629242372000022),PUENTE ARANDA
2023,ALCALDIA,COLOMBIA,1025,BARRIOS UNIDOS,-74.06551906299995,4.657375872000046,POINT (-74.06551906299995 4.657375872000046),LOS ALCAZARES
2023,ALCALDIA,HUNZA SEDE B - IED,1024,SUBA,-74.08725561599994,4.720686158000035,POINT (-74.08725561599994 4.720686158000035),EL RINCON
2023,ALCALDIA,PARQUEADERO CHICO CALLE 90,1013,CHAPINERO,-74.05370365199997,4.674925198000039,POINT (-74.05370365199997 4.674925198000039),CHICO LAGO
2023,ALCALDIA,LUCERO MEDIO,1013,CIUDAD BOLIVAR,-74.14561460299996,4.549026850000075,POINT (-74.14561460299996 4.549026850000075),LUCERO
2023,ALCALDIA,TAGASTE,1010,KENNEDY,-74.14514653899994,4.653395062000072,POINT (-74.14514653899994 4.653395062000072),TINTAL NORTE
2023,ALCALDIA,LA FRAGUITA,1008,ANTONIO NARINO,-74.09889760699997,4.591921058000025,POINT (-74.09889760699997 4.591921058000025),RESTREPO
2023,ALCALDIA,MEISSEN,1007,CIUDAD BOLIVAR,-74.13563345799997,4.556714753000051,POINT (-74.13563345799997 4.556714753000051),LUCERO
2023,ALCALDIA,MARRUECOS APARTAMENTOS,1005,RAFAEL URIBE URIBE,-74.11256656599994,4.554367677000073,POINT (-74.11256656599994 4.554367677000073),MARRUECOS
2023,ALCALDIA,LA PAZ,1003,BARRIOS UNIDOS,-74.07520913799993,4.660220166000045,POINT (-74.07520913799993 4.660220166000045),LOS ALCAZARES
2023,ALCALDIA,NUEVO CARLOS ALBAN,1001,BOSA,-74.19669725799997,4.608147740000049,POINT (-74.19669725799997 4.608147740000049),BOSA CENTRAL
2023,ALCALDIA,GRANJAS DE SAN PABLO,997,RAFAEL URIBE URIBE,-74.11613731499995,4.571512927000072,POINT (-74.11613731499995 4.571512927000072),MARCO FIDEL SUAREZ
2023,ALCALDIA,LA TRINIDAD,996,PUENTE ARANDA,-74.11704188499994,4.626988280000035,POINT (-74.11704188499994 4.626988280000035),SAN RAFAEL
2023,ALCALDIA,PUENTE GRANDE,992,FONTIBON,-74.16811639799994,4.697663889000069,POINT (-74.16811639799994 4.697663889000069),FONTIBON SAN PABLO
2023,ALCALDIA,PABLO VI II ETAPA,989,TEUSAQUILLO,-74.08881135499996,4.650771604000056,POINT (-74.08881135499996 4.650771604000056),LA ESMERALDA
2023,ALCALDIA,COLSEGUROS,984,LOS MARTIRES,-74.08428456999997,4.621698653000067,POINT (-74.08428456999997 4.621698653000067),LA SABANA
2023,ALCALDIA,LUIS CARLOS GALAN SARMIENTO,983,PUENTE ARANDA,-74.11809662999997,4.611871056000041,POINT (-74.11809662999997 4.611871056000041),CIUDAD MONTES
2023,ALCALDIA,BIBLIOTECA VIRGILIO BARCO,983,TEUSAQUILLO,-74.08867879899998,4.657094267000048,POINT (-74.08867879899998 4.657094267000048),PARQUE SIMON BOLIVAR - CAN
2023,ALCALDIA,POTOSI (LA LAGUNA),979,CIUDAD BOLIVAR,-74.16954199599996,4.570871196000041,POINT (-74.16954199599996 4.570871196000041),JERUSALEM
2023,ALCALDIA,"FATIMA ""B""",978,TUNJUELITO,-74.13874222099997,4.584682175000069,POINT (-74.13874222099997 4.584682175000069),VENECIA
2023,ALCALDIA,SALON COMUNAL AURES II,975,SUBA,-74.10196150899998,4.733217357000058,POINT (-74.10196150899998 4.733217357000058),EL RINCON
2023,ALCALDIA,SANTANDER SUR,974,ANTONIO NARINO,-74.11432248699998,4.590989214000047,POINT (-74.11432248699998 4.590989214000047),RESTREPO
2023,ALCALDIA,ALIANZA QUIROGA,968,RAFAEL URIBE URIBE,-74.11728742799994,4.579603237000072,POINT (-74.11728742799994 4.579603237000072),QUIROGA
2023,ALCALDIA,COLEGIO SANS FACON,966,USAQUEN,-74.04112023899995,4.749810788000048,POINT (-74.04112023899995 4.749810788000048),TOBERIN
2023,ALCALDIA,SANTANDER,962,ANTONIO NARINO,-74.11035550799994,4.589816232000032,POINT (-74.11035550799994 4.589816232000032),RESTREPO
2023,ALCALDIA,EL SALITRE,961,TEUSAQUILLO,-74.10011001899994,4.655930620000049,POINT (-74.10011001899994 4.655930620000049),PARQUE SIMON BOLIVAR - CAN
2023,ALCALDIA,SAN ANDRESITO,957,PUENTE ARANDA,-74.10142829999995,4.616956959000049,POINT (-74.10142829999995 4.616956959000049),ZONA INDUSTRIAL
2023,ALCALDIA,NARANJOS,953,BOSA,-74.194879,4.609038,POINT (-74.194879 4.609038),BOSA CENTRAL
2023,ALCALDIA,LA PERSEVERANCIA,952,SANTA FE,-74.06450466499996,4.617777998000065,POINT (-74.06450466499996 4.617777998000065),LA MACARENA
2023,ALCALDIA,LA ALDEA,949,FONTIBON,-74.150029,4.688916,POINT (-74.150029 4.688916),FONTIBON SAN PABLO
2023,ALCALDIA,EL MIRADOR,942,RAFAEL URIBE URIBE,-74.16189115399999,4.55155805000004,POINT (-74.16189115399999 4.55155805000004),LUCERO
2023,ALCALDIA,EL CAMPIN,941,TEUSAQUILLO,-74.07582905499999,4.649279934000049,POINT (-74.07582905499999 4.649279934000049),GALERIAS
2023,ALCALDIA,UNIVERSIDAD DE LA SALLE,940,CHAPINERO,-74.06006505099998,4.644731879000062,POINT (-74.06006505099998 4.644731879000062),PARDO RUBIO
2023,ALCALDIA,VENECIA B,937,TUNJUELITO,-74.14358300899994,4.59223242500002,POINT (-74.14358300899994 4.59223242500002),VENECIA
2023,ALCALDIA,CAMILO TORRES,936,SANTA FE,-74.06658511799998,4.620288446000075,POINT (-74.06658511799998 4.620288446000075),SAGRADO CORAZON
2023,ALCALDIA,SALÓN COMUNAL COLÓN,934,PUENTE ARANDA,-74.11500638299998,4.622256958000037,POINT (-74.11500638299998 4.622256958000037),SAN RAFAEL
2023,ALCALDIA,COLEGIO SAN FRANCISCO CL 186,933,USAQUEN,-74.14905784799998,4.563622939000027,POINT (-74.14905784799998 4.563622939000027),SAN FRANCISCO
2023,ALCALDIA,SALAZAR GOMEZ,926,PUENTE ARANDA,-74.11809821699995,4.63356439000006,POINT (-74.11809821699995 4.63356439000006),PUENTE ARANDA
2023,ALCALDIA,SAN BERNARDO,922,SANTA FE,-74.08471557899998,4.593608135000068,POINT (-74.08471557899998 4.593608135000068),LAS CRUCES
2023,ALCALDIA,RESIDENCIAS B.C.H.,913,TEUSAQUILLO,-74.08162454299998,4.629672908000032,POINT (-74.08162454299998 4.629672908000032),QUINTA PAREDES
2023,ALCALDIA,COLISEO DEPORTIVO PRIMERA DE MAYO,905,SAN CRISTOBAL,-74.08919655199998,4.57373209900004,POINT (-74.08919655199998 4.57373209900004),SOSIEGO
2023,ALCALDIA,LLANO ORIENTAL,902,BOSA,-74.19999755999999,4.603365075000056,POINT (-74.19999755999999 4.603365075000056),BOSA CENTRAL
2023,ALCALDIA,QUINTA PAREDES A,901,TEUSAQUILLO,-74.09153300899999,4.63617090300005,POINT (-74.09153300899999 4.63617090300005),PARQUE SIMON BOLIVAR - CAN
2023,ALCALDIA,SOLEDAD ACOSTA DE SAMPER,886,BOSA,-74.18609409199996,4.643221317000041,POINT (-74.18609409199996 4.643221317000041),EL PORVENIR
2023,ALCALDIA,NUEVA ESTACION,886,BOSA,-74.182122,4.605258999000057,POINT (-74.182122 4.605258999000057),BOSA CENTRAL
2023,ALCALDIA,ESCUELA LA VICTORIA B,886,SAN CRISTOBAL,-74.09391079499994,4.554348808000043,POINT (-74.09391079499994 4.554348808000043),LA GLORIA
2023,ALCALDIA,COLONIA ORIENTAL,885,PUENTE ARANDA,-74.1149,4.6183,POINT (-74.1149 4.6183),SAN RAFAEL
2023,ALCALDIA,CANAIMA,884,USAQUEN,-74.04098847999995,4.772747019000064,POINT (-74.04098847999995 4.772747019000064),PASEO DE LOS LIBERTADORES
2023,ALCALDIA,UNIVERSIDAD CENTRAL,881,SANTA FE,-74.06934482399998,4.606374054000071,POINT (-74.06934482399998 4.606374054000071),LAS NIEVES
2023,ALCALDIA,SALON COMUNAL SANTA ISABEL,879,LOS MARTIRES,-74.10290328699995,4.599747278000052,POINT (-74.10290328699995 4.599747278000052),SANTA ISABEL
2023,ALCALDIA,SAN IGNACIO,874,ENGATIVA,-74.11170781499999,4.673938038000074,POINT (-74.11170781499999 4.673938038000074),SANTA CECILIA
2023,ALCALDIA,JUAN LOZANO Y LOZANO SEDE B - IED,870,SUBA,-74.08667297999995,4.753495722000025,POINT (-74.08667297999995 4.753495722000025),SUBA
2023,ALCALDIA,SAN FRANCISCO SEDE B,869,CIUDAD BOLIVAR,-74.14975263099996,4.562514262000036,POINT (-74.14975263099996 4.562514262000036),SAN FRANCISCO
2023,ALCALDIA,GIMNASIO REAL AMERICANO,863,BOSA,-74.19528367199996,4.629848511000034,POINT (-74.19528367199996 4.629848511000034),EL PORVENIR
2023,ALCALDIA,COLEGIO LA KHUMBRE,862,SUBA,-74.07350945199994,4.823891889000038,POINT (-74.07350945199994 4.823891889000038),
2023,ALCALDIA,LAS COLINAS,861,RAFAEL URIBE URIBE,-74.11286773499995,4.574369309000076,POINT (-74.11286773499995 4.574369309000076),MARCO FIDEL SUAREZ
2023,ALCALDIA,SAN FELIPE,859,BARRIOS UNIDOS,-74.06340934299999,4.666845969000065,POINT (-74.06340934299999 4.666845969000065),LOS ALCAZARES
2023,ALCALDIA,CASA GRANDE,858,CIUDAD BOLIVAR,-74.16021815799996,4.58154711100002,POINT (-74.16021815799996 4.58154711100002),ISMAEL PERDOMO
2023,ALCALDIA,ABRAHAM LINCOLN,856,TUNJUELITO,-74.12380751399996,4.555324423000059,POINT (-74.12380751399996 4.555324423000059),TUNJUELITO
2023,ALCALDIA,PRIMAVERA Y GORGONZOLA,854,PUENTE ARANDA,-74.1077,4.616299999000034,POINT (-74.1077 4.616299999000034),CIUDAD MONTES
2023,ALCALDIA,COLEGIO SAN PEDRO CLAVER SEDE A,854,KENNEDY,-74.1611,4.622,POINT (-74.1611 4.622),KENNEDY CENTRAL
2023,ALCALDIA,EL SOCORRO SUR,853,RAFAEL URIBE URIBE,-74.12448237099994,4.564808620000065,POINT (-74.12448237099994 4.564808620000065),MARRUECOS
2023,ALCALDIA,COLEGIO JEAN PIAGET,846,KENNEDY,-74.13168347699997,4.624596076000046,POINT (-74.13168347699997 4.624596076000046),AMERICAS
2023,ALCALDIA,LA GLORIA- ESCUELA ALTAMIRA,842,SAN CRISTOBAL,-74.0893,4.5441,POINT (-74.0893 4.5441),LA GLORIA
2023,ALCALDIA,VILLA DEL CERRO,839,SAN CRISTOBAL,-74.09562216299997,4.544188748000067,POINT (-74.09562216299997 4.544188748000067),LOS LIBERTADORES
2023,ALCALDIA,SALÓN COMUNAL CLARET,839,RAFAEL URIBE URIBE,-74.12849366899997,4.583412801000065,POINT (-74.12849366899997 4.583412801000065),QUIROGA
2023,ALCALDIA,TRES ESTANCIAS,837,FONTIBON,-74.16417606199997,4.682814584000027,POINT (-74.16417606199997 4.682814584000027),ZONA FRANCA
2023,ALCALDIA,PUENTE ARANDA,836,PUENTE ARANDA,-74.10888560299998,4.632026551000024,POINT (-74.10888560299998 4.632026551000024),PUENTE ARANDA
2023,ALCALDIA,ROGELIO SALMONA,834,CIUDAD BOLIVAR,-74.15492847699994,4.58734273500005,POINT (-74.15492847699994 4.58734273500005),ARBORIZADORA
2023,ALCALDIA,LICEO CIUDAD CAPITAL,824,BOSA,-74.20114482099996,4.63751824700006,POINT (-74.20114482099996 4.63751824700006),TINTAL SUR
2023,ALCALDIA,ESC.TECNOLOGICA INST. TECNICO CENTRAL,822,KENNEDY,-74.16140759999996,4.653949642000043,POINT (-74.16140759999996 4.653949642000043),TINTAL NORTE
2023,ALCALDIA,DIANA TURBAY,820,RAFAEL URIBE URIBE,-74.10765247299997,4.545341695000047,POINT (-74.10765247299997 4.545341695000047),DIANA TURBAY
2023,ALCALDIA,RESURRECCION,818,RAFAEL URIBE URIBE,-74.10933182899998,4.56841423700007,POINT (-74.10933182899998 4.56841423700007),MARCO FIDEL SUAREZ
2023,ALCALDIA,SALON COMUNAL SANTA CECILIA,814,SUBA,-74.1282,4.7397,POINT (-74.1282 4.7397),TIBABUYES
2023,ALCALDIA,LA INDEPENDENCIA,812,BOSA,-74.194785,4.620748,POINT (-74.194785 4.620748),BOSA OCCIDENTAL
2023,ALCALDIA,COLEGIO LA GIRALDA,798,SANTA FE,-74.14173478999999,4.681725344000029,POINT (-74.14173478999999 4.681725344000029),FONTIBON
2023,ALCALDIA,EL ENCANTO,792,ENGATIVA,-74.10735812799999,4.681729464000057,POINT (-74.10735812799999 4.681729464000057),SANTA CECILIA
2023,ALCALDIA,MARIA CANO,786,RAFAEL URIBE URIBE,-74.11541593199996,4.55925342200004,POINT (-74.11541593199996 4.55925342200004),MARRUECOS
2023,ALCALDIA,COLEGIO DISTRITAL DIVINO MAESTRO SEDE B,786,USAQUEN,-74.02774595599993,4.739852818000031,POINT (-74.02774595599993 4.739852818000031),SAN CRISTOBAL NORTE
2023,ALCALDIA,REPUBLICA DOMINICANA SEDE B - IED,784,SUBA,-74.10899939199999,4.738964392000071,POINT (-74.10899939199999 4.738964392000071),TIBABUYES
2023,ALCALDIA,PUERTA DE TEJA,783,FONTIBON,-74.12699896,4.682179560000066,POINT (-74.12699896 4.682179560000066),CAPELLANIA
2023,ALCALDIA,UNIVERSIDAD CATOLICA,782,CHAPINERO,-74.06605078299998,4.634834046000037,POINT (-74.06605078299998 4.634834046000037),CHAPINERO
2023,ALCALDIA,JUAN JOSE RONDON,781,USME,-74.09119911599998,4.503719568000065,POINT (-74.09119911599998 4.503719568000065),LA FLORA
2023,ALCALDIA,GRANADA COLEGIO SIMON RODRIGUEZ SEDE B,781,CHAPINERO,-74.05664862899994,4.648396259000037,POINT (-74.05664862899994 4.648396259000037),PARDO RUBIO
2023,ALCALDIA,LICEO PARROQUIAL SARA ZAPATA,779,TEUSAQUILLO,-74.07275262899998,4.640129329000047,POINT (-74.07275262899998 4.640129329000047),GALERIAS
2023,ALCALDIA,USME - CENTRO,777,USME,-74.12533529199999,4.469545080000046,POINT (-74.12533529199999 4.469545080000046),CIUDAD USME
2023,ALCALDIA,SALON COMUNAL VILLA ALSACIA,775,KENNEDY,-74.13615890899996,4.643465975000026,POINT (-74.13615890899996 4.643465975000026),CASTILLA
2023,ALCALDIA,U. SANTO TOMAS CLAUSTRO,772,CHAPINERO,-74.06425369999994,4.637994372000037,POINT (-74.06425369999994 4.637994372000037),CHAPINERO
2023,ALCALDIA,COLEGIO MAYOR SAN BARTOLOME,769,LA CANDELARIA,-74.07607923299997,4.596770698000057,POINT (-74.07607923299997 4.596770698000057),LA CANDELARIA
2023,ALCALDIA,CC PORTOALEGRE,768,SUBA,-74.06481701799999,4.727719513000068,POINT (-74.06481701799999 4.727719513000068),NIZA
2023,ALCALDIA,EL QUINDIO,765,SAN CRISTOBAL,-74.08281201799997,4.537394023000047,POINT (-74.08281201799997 4.537394023000047),LA GLORIA
2023,ALCALDIA,ALOHA,765,KENNEDY,-74.13324789799998,4.632901238000045,POINT (-74.13324789799998 4.632901238000045),BAVARIA
2023,ALCALDIA,SALON COMUNAL VERAGUAS,764,PUENTE ARANDA,-74.10320906899994,4.606667879000042,POINT (-74.10320906899994 4.606667879000042),CIUDAD MONTES
2023,ALCALDIA,CENTRO COMERCIAL NUESTRO BOGOTA,764,ENGATIVA,-74.11529593499995,4.683601325000041,POINT (-74.11529593499995 4.683601325000041),ALAMOS
2023,ALCALDIA,LAS BRISAS,750,SAN CRISTOBAL,-74.08007909299994,4.57683851500002,POINT (-74.08007909299994 4.57683851500002),SOSIEGO
2023,ALCALDIA,GIRARDOT,742,SANTA FE,-74.07299620499998,4.587580039000045,POINT (-74.07299620499998 4.587580039000045),LOURDES
2023,ALCALDIA,MORTIÑO,740,ENGATIVA,-74.12370081099994,4.713081742000043,POINT (-74.12370081099994 4.713081742000043),GARCES NAVAS
2023,ALCALDIA,CACIQUE HYNTIBA,735,FONTIBON,-74.14514482499999,4.672996707000038,POINT (-74.14514482499999 4.672996707000038),FONTIBON
2023,ALCALDIA,UNIVERSIDAD JORGE TADEO LOZANO,729,SANTA FE,-74.06791989499999,4.607395405000034,POINT (-74.06791989499999 4.607395405000034),LAS NIEVES
2023,ALCALDIA,EL GRAN SAN,729,SANTA FE,-74.07912582599994,4.598662968000042,POINT (-74.07912582599994 4.598662968000042),LAS NIEVES
2023,ALCALDIA,RAMON DE ZUBIRIA SEDE B - IED,728,SUBA,-74.092143,4.725401,POINT (-74.092143 4.725401),EL RINCON
2023,ALCALDIA,COLEGIO SANTA CLARA,721,TEUSAQUILLO,-74.07672482099997,4.624980997000023,POINT (-74.07672482099997 4.624980997000023),TEUSAQUILLO
2023,ALCALDIA,INSTITUTO TECNICO PILOTO SEDE C,720,TUNJUELITO,-74.14222783199995,4.586822289000054,POINT (-74.14222783199995 4.586822289000054),VENECIA
2023,ALCALDIA,CDC JULIO CESAR SANCHEZ,718,USME,-74.10917208899997,4.501102801000059,POINT (-74.10917208899997 4.501102801000059),COMUNEROS
2023,ALCALDIA,CENTRO ORIENTE,715,SANTA FE,-74.07394485299994,4.589504470000065,POINT (-74.07394485299994 4.589504470000065),LOURDES
2023,ALCALDIA,POLICARPA SALAVARRIETA,714,SANTA FE,-74.06780815299999,4.614912219000075,POINT (-74.06780815299999 4.614912219000075),SAGRADO CORAZON
2023,ALCALDIA,JORGE ELIECER GAITAN SEDE B PRIMARIA,712,BARRIOS UNIDOS,-74.07983929699998,4.672517881000033,POINT (-74.07983929699998 4.672517881000033),DOCE DE OCTUBRE
2023,ALCALDIA,VILLA CONSTANZA,705,ENGATIVA,-74.12846496099996,4.708291404000022,POINT (-74.12846496099996 4.708291404000022),ENGATIVA
2023,ALCALDIA,POLIDEPORTIVO  POLO,705,BARRIOS UNIDOS,-74.06335674899998,4.67546585100007,POINT (-74.06335674899998 4.67546585100007),LOS ALCAZARES
2023,ALCALDIA,UVAL - PUERTA AL LLANO,704,USME,-74.102477,4.487109,POINT (-74.102477 4.487109),ALFONSO LOPEZ
2023,ALCALDIA,"EL CARMEN SUR ""B""",704,TUNJUELITO,-74.131871,4.583144,POINT (-74.131871 4.583144),VENECIA
2023,ALCALDIA,COLEGIO DISTRITAL SORRENTO,702,PUENTE ARANDA,-74.11328684699998,4.622991052000032,POINT (-74.11328684699998 4.622991052000032),SAN RAFAEL
2023,ALCALDIA,RAFAEL URIBE LA PAZ,700,RAFAEL URIBE URIBE,-74.11728252499995,4.54371044800007,POINT (-74.11728252499995 4.54371044800007),DIANA TURBAY
2023,ALCALDIA,HOLANDA,692,BOSA,-74.1856,4.6268,POINT (-74.1856 4.6268),BOSA OCCIDENTAL
2023,ALCALDIA,LUNA PARK,689,ANTONIO NARINO,-74.09726188799993,4.587194525000029,POINT (-74.09726188799993 4.587194525000029),RESTREPO
2023,ALCALDIA,CENTRO COMERCIAL BELAIRE PLAZA,687,USAQUEN,-74.02445669799994,4.726914064000027,POINT (-74.02445669799994 4.726914064000027),LOS CEDROS
2023,ALCALDIA,COMPARTIR SEDE B IED,686,SUBA,-74.10601315299994,4.755286716000057,POINT (-74.10601315299994 4.755286716000057),TIBABUYES
2023,ALCALDIA,GUACAMAYAS II,683,SAN CRISTOBAL,-74.09673592899998,4.555739480000057,POINT (-74.09673592899998 4.555739480000057),LA GLORIA
2023,ALCALDIA,PATRIA,682,BARRIOS UNIDOS,-74.06517255399996,4.679075652000051,POINT (-74.06517255399996 4.679075652000051),LOS ANDES
2023,ALCALDIA,LA CLARITA,674,ENGATIVA,-74.10575419499997,4.692167207000068,POINT (-74.10575419499997 4.692167207000068),BOYACA REAL
2023,ALCALDIA,EL REMANZO,673,PUENTE ARANDA,-74.11369523499997,4.60477307900004,POINT (-74.11369523499997 4.60477307900004),CIUDAD MONTES
2023,ALCALDIA,NUEVA ARGENTINA,668,CIUDAD BOLIVAR,-74.16226333099996,4.573266183000044,POINT (-74.16226333099996 4.573266183000044),JERUSALEM
2023,ALCALDIA,SALÓN COMUNAL LA TRINIDAD,666,PUENTE ARANDA,-74.11877985999996,4.623040511000056,POINT (-74.11877985999996 4.623040511000056),SAN RAFAEL
2023,ALCALDIA,PRIMAVERA,664,ENGATIVA,-74.10939312699998,4.615518683000062,POINT (-74.10939312699998 4.615518683000062),CIUDAD MONTES
2023,ALCALDIA,UNIVERSIDAD UDCA,661,ENGATIVA,-74.04886565299995,4.80022380500003,POINT (-74.04886565299995 4.80022380500003),
2023,ALCALDIA,SURBANA,661,BOSA,-74.16766293699999,4.597031586000071,POINT (-74.16766293699999 4.597031586000071),APOGEO
2023,ALCALDIA,LA GAITANA SEDE B - IED,660,SUBA,-74.10852231699994,4.742176888000074,POINT (-74.10852231699994 4.742176888000074),TIBABUYES
2023,ALCALDIA,GIMNASIO LOS SAUCES,659,BOSA,-74.18228625099994,4.631003804000045,POINT (-74.18228625099994 4.631003804000045),BOSA OCCIDENTAL
2023,ALCALDIA,MANUEL ELKIN PATARROYO,655,BOSA,-74.20602105099994,4.61319506600006,POINT (-74.20602105099994 4.61319506600006),BOSA CENTRAL
2023,ALCALDIA,COLEGIO INTEGRACION MODERNA,655,KENNEDY,-74.13479141899995,4.626742130000025,POINT (-74.13479141899995 4.626742130000025),AMERICAS
2023,ALCALDIA,COLEGIO JOHN DEWEY,653,SUBA,-74.06397835399997,4.698780415000044,POINT (-74.06397835399997 4.698780415000044),LA ALHAMBRA
2023,ALCALDIA,TREBOLIS,652,FONTIBON,-74.13645248999995,4.665852919000031,POINT (-74.13645248999995 4.665852919000031),GRANJAS DE TECHO
2023,ALCALDIA,SALON COMUNAL VILLA MAYOR,649,ANTONIO NARINO,-74.11921227799996,4.592108652000036,POINT (-74.11921227799996 4.592108652000036),RESTREPO
2023,ALCALDIA,ACUNAR,649,FONTIBON,-74.15744062799996,4.668003799000076,POINT (-74.15744062799996 4.668003799000076),ZONA FRANCA
2023,ALCALDIA,CASA LINDA TUNAL UNIDAD 2,648,CIUDAD BOLIVAR,-74.14470500199997,4.569139026000073,POINT (-74.14470500199997 4.569139026000073),ARBORIZADORA
2023,ALCALDIA,LA MUEQUETA,647,BARRIOS UNIDOS,-74.06936124999999,4.654475367000032,POINT (-74.06936124999999 4.654475367000032),LOS ALCAZARES
2023,ALCALDIA,LA TOSCANA LISBOA SEDE A - IED,643,SUBA,-74.12165519199993,4.743313741000065,POINT (-74.12165519199993 4.743313741000065),TIBABUYES
2023,ALCALDIA,EL PORTAL,643,SAN CRISTOBAL,-74.0949,4.5658,POINT (-74.0949 4.5658),20 DE JULIO
2023,ALCALDIA,CENTRO COMERCIAL ALTAVISTA,641,USME,-74.11842795599995,4.532900723000068,POINT (-74.11842795599995 4.532900723000068),DANUBIO
2023,ALCALDIA,FRANCISCO DE PAULA SANTANDER,632,BOSA,-74.18477973799997,4.610871700000075,POINT (-74.18477973799997 4.610871700000075),BOSA CENTRAL
2023,ALCALDIA,COLEGIO RAFAEL MAYA,632,SUBA,-74.11884996899994,4.74522141500006,POINT (-74.11884996899994 4.74522141500006),TIBABUYES
2023,ALCALDIA,COLEGIO DEBORA ARANGO,630,KENNEDY,-74.18313506299995,4.617969588000051,POINT (-74.18313506299995 4.617969588000051),GRAN BRITALIA
2023,ALCALDIA,PALO BLANCO,628,ENGATIVA,-74.095567,4.691378,POINT (-74.095567 4.691378),BOYACA REAL
2023,ALCALDIA,FACULTAD DE ARTES - ASAB,627,SANTA FE,-74.07837073299999,4.604598853000027,POINT (-74.07837073299999 4.604598853000027),LAS NIEVES
2023,ALCALDIA,CASA DE LA CULTURA CIUDAD BOLIVAR,615,CIUDAD BOLIVAR,-74.15093495399998,4.572982840000066,POINT (-74.15093495399998 4.572982840000066),ARBORIZADORA
2023,ALCALDIA,SAN FASON,612,LOS MARTIRES,-74.08133885899997,4.612162252000076,POINT (-74.08133885899997 4.612162252000076),LA SABANA
2023,ALCALDIA,CARRERA CENTRO COMERCIAL,609,PUENTE ARANDA,-74.10792934599993,4.626474202000054,POINT (-74.10792934599993 4.626474202000054),SAN RAFAEL
2023,ALCALDIA,TISQUESUSA,606,ENGATIVA,-74.09468949399997,4.702307462000022,POINT (-74.09468949399997 4.702307462000022),MINUTO DE DIOS
2023,ALCALDIA,LAS MERCEDES II,605,SAN CRISTOBAL,-74.08081979099995,4.569269680000048,POINT (-74.08081979099995 4.569269680000048),SAN BLAS
2023,ALCALDIA,EL AQUINATE U. SANTO TOMAS,603,CHAPINERO,-74.06141389899994,4.649180869000077,POINT (-74.06141389899994 4.649180869000077),CHAPINERO
2023,ALCALDIA,LA CORUÑA - LICEO CONTADORA,602,CIUDAD BOLIVAR,-74.15352522799998,4.575745022000035,POINT (-74.15352522799998 4.575745022000035),ARBORIZADORA
2023,ALCALDIA,CIUDAD DE HONDA,602,ENGATIVA,-74.09349927999995,4.67293255900006,POINT (-74.09349927999995 4.67293255900006),LAS FERIAS
2023,ALCALDIA,PLAZA DE LOS ARTESANOS,601,BARRIOS UNIDOS,-74.08583786699995,4.664194991000045,POINT (-74.08583786699995 4.664194991000045),PARQUE SALITRE
2023,ALCALDIA,PARQUE AUTOPISTA SUR PAVCO,599,BOSA,-74.16398014499998,4.59656913200007,POINT (-74.16398014499998 4.59656913200007),APOGEO
2023,ALCALDIA,LAS AGUAS,594,SANTA FE,-74.06592860099994,4.604145636000055,POINT (-74.06592860099994 4.604145636000055),LA MACARENA
2023,ALCALDIA,CUNDINAMARCA,591,PUENTE ARANDA,-74.08933231699996,4.622689935000039,POINT (-74.08933231699996 4.622689935000039),ZONA INDUSTRIAL
2023,ALCALDIA,COLEGIO PAULO VI SEDE A,587,KENNEDY,-74.15802882799994,4.620888029000071,POINT (-74.15802882799994 4.620888029000071),KENNEDY CENTRAL
2023,ALCALDIA,COLEGIO LA MAGDALENA,586,KENNEDY,-74.07105250499995,4.629350958000032,POINT (-74.07105250499995 4.629350958000032),TEUSAQUILLO
2023,ALCALDIA,CENTRO COMERCIAL PUNTO 72,586,ENGATIVA,-74.10605957899998,4.696919331000061,POINT (-74.10605957899998 4.696919331000061),BOYACA REAL
2023,ALCALDIA,EL CEDRO,572,ENGATIVA,-74.120159,4.713627,POINT (-74.120159 4.713627),GARCES NAVAS
2023,ALCALDIA,SALON COMUNAL JOSE ANTONIO GALAN,567,PUENTE ARANDA,-74.12330055399997,4.617809659000045,POINT (-74.12330055399997 4.617809659000045),SAN RAFAEL
2023,ALCALDIA,ACEVEDO TEJADA,567,TEUSAQUILLO,-74.081239,4.629909,POINT (-74.081239 4.629909),QUINTA PAREDES
2023,ALCALDIA,SAN VICENTE COLSUBSIDIO,564,SAN CRISTOBAL,-74.087694,4.555281,POINT (-74.087694 4.555281),SAN BLAS
2023,ALCALDIA,INSTITUTO SAN BASILIO,556,SUBA,-74.12456902199995,4.743896447000054,POINT (-74.12456902199995 4.743896447000054),TIBABUYES
2023,ALCALDIA,SALON COMUNAL LA MARQUEZA,554,RAFAEL URIBE URIBE,-74.10688149599997,4.542306564000057,POINT (-74.10688149599997 4.542306564000057),DIANA TURBAY
2023,ALCALDIA,CANADA GUIRA,541,SAN CRISTOBAL,-74.09879301299998,4.544384960000059,POINT (-74.09879301299998 4.544384960000059),LOS LIBERTADORES
2023,ALCALDIA,JUANA ESCOBAR SEDE A,537,SAN CRISTOBAL,-74.08541718899994,4.530567484000073,POINT (-74.08541718899994 4.530567484000073),LOS LIBERTADORES
2023,ALCALDIA,COLEGIO COPES,535,ENGATIVA,-74.11810399399997,4.704984208000042,POINT (-74.11810399399997 4.704984208000042),GARCES NAVAS
2023,ALCALDIA,COLEGIO HELVETIA,534,SUBA,-74.07644962299997,4.715101357000037,POINT (-74.07644962299997 4.715101357000037),NIZA
2023,ALCALDIA,SALON COMUNAL EL SOLAR,533,SUBA,-74.09980173199995,4.745833680000032,POINT (-74.09980173199995 4.745833680000032),EL RINCON
2023,ALCALDIA,VILLA GLORIA SUR,530,CIUDAD BOLIVAR,-74.15275059699997,4.553459471000053,POINT (-74.15275059699997 4.553459471000053),LUCERO
2023,ALCALDIA,LA CONEJERA,530,SUBA,-74.07711754799993,4.759968361000062,POINT (-74.07711754799993 4.759968361000062),
2023,ALCALDIA,COLEGIO LA ESTRELLITA,522,USAQUEN,-74.02449415599995,4.764576003000059,POINT (-74.02449415599995 4.764576003000059),VERBENAL
2023,ALCALDIA,BOSANOVA,516,BOSA,-74.188373,4.622721,POINT (-74.188373 4.622721),BOSA OCCIDENTAL
2023,ALCALDIA,POLIDEPORTIVO CASTILLA,515,KENNEDY,-74.13941411199994,4.639782515000036,POINT (-74.13941411199994 4.639782515000036),CASTILLA
2023,ALCALDIA,LA ALBORADA,508,USME,-74.103957,4.497972,POINT (-74.103957 4.497972),ALFONSO LOPEZ
2023,ALCALDIA,COLEGIO MARIA AUXILIADORA NORTE,505,USAQUEN,-74.02956341499998,4.744558522000034,POINT (-74.02956341499998 4.744558522000034),LA URIBE
2023,ALCALDIA,COLEGIO NUEVO GIMNASIO,504,CHAPINERO,-74.05461493699994,4.664884249000067,POINT (-74.05461493699994 4.664884249000067),CHICO LAGO
2023,ALCALDIA,CASA COMUNAL CIUDAD JARDIN,504,ANTONIO NARINO,-74.09961816299995,4.580744905000074,POINT (-74.09961816299995 4.580744905000074),CIUDAD JARDIN
2023,ALCALDIA,SALON COMUNAL ROMA IV,503,KENNEDY,-74.17060252299996,4.611307113000066,POINT (-74.17060252299996 4.611307113000066),TIMIZA
2023,ALCALDIA,LOS ANGELES,501,PUENTE ARANDA,-74.13075839599998,4.599680025000055,POINT (-74.13075839599998 4.599680025000055),MUZU
2023,ALCALDIA,ISABEL II,491,KENNEDY,-74.15294974999995,4.633569682000029,POINT (-74.15294974999995 4.633569682000029),CASTILLA
2023,ALCALDIA,MOCHUELO BAJO,490,CIUDAD BOLIVAR,-74.15202863899998,4.510414233000063,POINT (-74.15202863899998 4.510414233000063),
2023,ALCALDIA,CIUDAD BOGOTA SEDE B,490,TUNJUELITO,-74.14025,4.57746,POINT (-74.14025 4.57746),VENECIA
2023,ALCALDIA,JARDIN INFANTIL OLARTE,489,BOSA,-74.16323479399995,4.603148889000067,POINT (-74.16323479399995 4.603148889000067),APOGEO
2023,ALCALDIA,"NUEVO MUZO ""B""",488,TUNJUELITO,-74.14743701399993,4.585840278000035,POINT (-74.14743701399993 4.585840278000035),VENECIA
2023,ALCALDIA,VILLA ALEMANIA,484,USME,-74.11255110899998,4.489735673000041,POINT (-74.11255110899998 4.489735673000041),CIUDAD USME
2023,ALCALDIA,IDIPRON UPI MOLINOS,484,RAFAEL URIBE URIBE,-74.10886904699998,4.553168190000065,POINT (-74.10886904699998 4.553168190000065),MARRUECOS
2023,ALCALDIA,COLEGIO FRIEDRICH NAUMANN SEDE A,483,USAQUEN,-74.02262571499995,4.748363572000073,POINT (-74.02262571499995 4.748363572000073),LA URIBE
2023,ALCALDIA,SANTA TERESITA,480,TEUSAQUILLO,-74.06879445899995,4.634295929000075,POINT (-74.06879445899995 4.634295929000075),TEUSAQUILLO
2023,ALCALDIA,NAZARETH,479,SUMAPAZ,-74.14727385499998,4.17263028900004,POINT (-74.14727385499998 4.17263028900004),
2023,ALCALDIA,PORTAL DE BRASIL,478,BOSA,-74.1851,4.6305,POINT (-74.1851 4.6305),BOSA OCCIDENTAL
2023,ALCALDIA,COLEGIO SANTIAGO ALBERIONI,478,SUBA,-74.05983302899995,4.753284577000045,POINT (-74.05983302899995 4.753284577000045),BRITALIA
2023,ALCALDIA,CHICO 97,476,CHAPINERO,-74.04965463599996,4.685075567000069,POINT (-74.04965463599996 4.685075567000069),CHICO LAGO
2023,ALCALDIA,CARACOLI,474,CIUDAD BOLIVAR,-74.17131687999995,4.573011738000048,POINT (-74.17131687999995 4.573011738000048),ISMAEL PERDOMO
2023,ALCALDIA,LICEO SANTA BERNARDITA,473,TUNJUELITO,-74.14308346399997,4.589990416000035,POINT (-74.14308346399997 4.589990416000035),VENECIA
2023,ALCALDIA,JARDIN INFANTIL LA FORTALEZA DEL OSO,467,USME,-74.11828480199995,4.520474617000048,POINT (-74.11828480199995 4.520474617000048),GRAN YOMASA
2023,ALCALDIA,ATENAS,466,SAN CRISTOBAL,-74.09543434099999,4.556981773000075,POINT (-74.09543434099999 4.556981773000075),20 DE JULIO
2023,ALCALDIA,JUAN MAXIMILIANO AMBROSIO,462,BOSA,-74.18473898299999,4.62281826800006,POINT (-74.18473898299999 4.62281826800006),BOSA OCCIDENTAL
2023,ALCALDIA,CARBONELL,461,BOSA,-74.197716,4.599669,POINT (-74.197716 4.599669),BOSA CENTRAL
2023,ALCALDIA,COLEGIO LUIS ANGEL ARANGO,460,FONTIBON,-74.13755124899996,4.681852694000042,POINT (-74.13755124899996 4.681852694000042),FONTIBON
2023,ALCALDIA,COLEGIO CIUDAD BOLIVAR ARGENTINA IED,459,CIUDAD BOLIVAR,-74.16500350099994,4.578241588000026,POINT (-74.16500350099994 4.578241588000026),ISMAEL PERDOMO
2023,ALCALDIA,TIBABUYES UNIVERSAL SEDE B - IED,453,SUBA,-74.11057586699997,4.746231617000035,POINT (-74.11057586699997 4.746231617000035),TIBABUYES
2023,ALCALDIA,SAN EUSEBIO,453,PUENTE ARANDA,-74.12382051099996,4.603400123000029,POINT (-74.12382051099996 4.603400123000029),MUZU
2023,ALCALDIA,SALON COMUNAL SAN FRANCISCO,451,SUBA,-74.080342,4.736659,POINT (-74.080342 4.736659),SUBA
2023,ALCALDIA,SALON COMUNAL CARVAJAL OSORIO,451,KENNEDY,-74.138358,4.606928999000047,POINT (-74.138358 4.606928999000047),CARVAJAL
2023,ALCALDIA,BRISAS DEL VOLADOR,448,CIUDAD BOLIVAR,-74.15459903699997,4.54108558300004,POINT (-74.15459903699997 4.54108558300004),LUCERO
2023,ALCALDIA,SALON COMUNAL BOITA II SECTOR,446,KENNEDY,-74.15639227399998,4.604087417000073,POINT (-74.15639227399998 4.604087417000073),TIMIZA
2023,ALCALDIA,PABLO NERUDA,443,FONTIBON,-74.14642965499996,4.672448641000074,POINT (-74.14642965499996 4.672448641000074),FONTIBON
2023,ALCALDIA,FUNDACION SAN FELIPE NERI,443,SUBA,-74.082955,4.746206,POINT (-74.082955 4.746206),SUBA
2023,ALCALDIA,TENERIFE,439,USME,-74.11880590699997,4.503935167000066,POINT (-74.11880590699997 4.503935167000066),COMUNEROS
2023,ALCALDIA,COLEGIO DISTRITAL TECNICO MENORAH,439,LOS MARTIRES,-74.09278724299998,4.59398292100002,POINT (-74.09278724299998 4.59398292100002),SANTA ISABEL
2023,ALCALDIA,MEDICINA LEGAL,438,SANTA FE,-74.08290337699998,4.597536173000037,POINT (-74.08290337699998 4.597536173000037),LAS NIEVES
2023,ALCALDIA,COLISEO LA PALESTINA,437,BOSA,-74.19132801799998,4.612073760000044,POINT (-74.19132801799998 4.612073760000044),BOSA CENTRAL
2023,ALCALDIA,UNIVERSIDAD ECCI - SEDE G,435,TEUSAQUILLO,-74.07135072599993,4.63679985400006,POINT (-74.07135072599993 4.63679985400006),TEUSAQUILLO
2023,ALCALDIA,PANAMERICANO,429,LOS MARTIRES,-74.07883500499997,4.623057107000022,POINT (-74.07883500499997 4.623057107000022),LA SABANA
2023,ALCALDIA,JARDIN INFANTIL PABLO DE TARSO,429,TUNJUELITO,-74.13540603899997,4.591166226000041,POINT (-74.13540603899997 4.591166226000041),VENECIA
2023,ALCALDIA,MONTREAL,427,CIUDAD BOLIVAR,-74.138289,4.553398,POINT (-74.138289 4.553398),LUCERO
2023,ALCALDIA,UNION EUROPEA,425,CIUDAD BOLIVAR,-74.14190997599997,4.555916854000031,POINT (-74.14190997599997 4.555916854000031),LUCERO
2023,ALCALDIA,COLEGIO FERNANDO GONZALEZ OCHOA,425,USME,-74.10763076799998,4.502669293000054,POINT (-74.10763076799998 4.502669293000054),COMUNEROS
2023,ALCALDIA,JARDIN INFANTIL ISLA DEL SOL,420,TUNJUELITO,-74.15247372399995,4.589430048000054,POINT (-74.15247372399995 4.589430048000054),VENECIA
2023,ALCALDIA,SAN MIGUEL,419,BARRIOS UNIDOS,-74.08108761399996,4.665057627000067,POINT (-74.08108761399996 4.665057627000067),DOCE DE OCTUBRE
2023,ALCALDIA,COLEGIO MONTERROSALES,417,USAQUEN,-74.01973278599996,4.674142965000044,POINT (-74.01973278599996 4.674142965000044),
2023,ALCALDIA,LOS TEJARES,411,USME,-74.12752014499995,4.60858481300005,POINT (-74.12752014499995 4.60858481300005),CIUDAD MONTES
2023,ALCALDIA,COLEGIO ROMULO GALLEGO,410,PUENTE ARANDA,-74.10706288899996,4.599357652000037,POINT (-74.10706288899996 4.599357652000037),CIUDAD MONTES
2023,ALCALDIA,FLORESTA SUR SEDE B,408,KENNEDY,-74.12772212899995,4.620478548000051,POINT (-74.12772212899995 4.620478548000051),AMERICAS
2023,ALCALDIA,LA ACUARELA,407,BOSA,-74.1818,4.5983,POINT (-74.1818 4.5983),BOSA CENTRAL
2023,ALCALDIA,ALVARO GOMEZ HURTADO SEDE B - IED,406,SUBA,-74.0968505,4.730444498000054,POINT (-74.0968505 4.730444498000054),EL RINCON
2023,ALCALDIA,COLEGIO FANNY MIKEY,401,CIUDAD BOLIVAR,-74.15253320899996,4.549826463000045,POINT (-74.15253320899996 4.549826463000045),LUCERO
2023,ALCALDIA,INSTITUTO DE INTEGRACION CULTURAL,400,PUENTE ARANDA,-74.10099576799996,4.607929010000021,POINT (-74.10099576799996 4.607929010000021),CIUDAD MONTES
2023,ALCALDIA,SALON COMUNAL VILLA CINDY,398,SUBA,-74.12773663999997,4.743752968000024,POINT (-74.12773663999997 4.743752968000024),TIBABUYES
2023,ALCALDIA,SALÓN COMUNAL INGLES,396,RAFAEL URIBE URIBE,-74.12364275399995,4.583363954000049,POINT (-74.12364275399995 4.583363954000049),QUIROGA
2023,ALCALDIA,COLEGIO BILINGUE CEDAM,393,LOS MARTIRES,-74.09919003699997,4.601268120000043,POINT (-74.09919003699997 4.601268120000043),SANTA ISABEL
2023,ALCALDIA,SALON COMUNAL ALAMOS,392,ENGATIVA,-74.11943141799998,4.696324618000062,POINT (-74.11943141799998 4.696324618000062),GARCES NAVAS
2023,ALCALDIA,BRAZUELOS,392,USME,-74.11987399899994,4.49494885200005,POINT (-74.11987399899994 4.49494885200005),COMUNEROS
2023,ALCALDIA,SALON COMUNAL SAN CRISTOBAL NORTE,391,USAQUEN,-74.02651206399997,4.73790430300005,POINT (-74.02651206399997 4.73790430300005),SAN CRISTOBAL NORTE
2023,ALCALDIA,SALON COMUNAL VILLA MARIA,390,SUBA,-74.10368113999994,4.740587099000038,POINT (-74.10368113999994 4.740587099000038),EL RINCON
2023,ALCALDIA,LICEO PSICOPEDAGOGICO MARCO FIDEL SUAREZ,390,RAFAEL URIBE URIBE,-74.11835891999993,4.567893390000052,POINT (-74.11835891999993 4.567893390000052),MARCO FIDEL SUAREZ
2023,ALCALDIA,CASA DE JUSTICIA DE TUNJUELITO,387,TUNJUELITO,-74.1216262,4.556095395000057,POINT (-74.1216262 4.556095395000057),TUNJUELITO
2023,ALCALDIA,LA BELLEZA,385,SAN CRISTOBAL,-74.09219883099996,4.530444761000069,POINT (-74.09219883099996 4.530444761000069),LOS LIBERTADORES
2023,ALCALDIA,SANTA CECILIA DE TUNJUELITO,381,TUNJUELITO,-74.12419151299997,4.558616506000021,POINT (-74.12419151299997 4.558616506000021),TUNJUELITO
2023,ALCALDIA,FERNANDO SOTO APARICIO SEDE B,380,KENNEDY,-74.172626,4.617238,POINT (-74.172626 4.617238),GRAN BRITALIA
2023,ALCALDIA,JARDIN INFANTIL CARMEN SUR,378,TUNJUELITO,-74.13170169699998,4.582839461000049,POINT (-74.13170169699998 4.582839461000049),VENECIA
2023,ALCALDIA,CENTRO PARA CIEGOS  CRAC,374,PUENTE ARANDA,-74.10799993299997,4.599010601000032,POINT (-74.10799993299997 4.599010601000032),CIUDAD MONTES
2023,ALCALDIA,PROVIDENCIA,373,RAFAEL URIBE URIBE,-74.12083405699997,4.56171992000003,POINT (-74.12083405699997 4.56171992000003),MARRUECOS
2023,ALCALDIA,CABAÑAS,372,USME,-74.10794,4.509259,POINT (-74.10794 4.509259),GRAN YOMASA
2023,ALCALDIA,NUEVA GRANADA,371,BOSA,-74.192261,4.600995,POINT (-74.192261 4.600995),BOSA CENTRAL
2023,ALCALDIA,LA REBECA,371,LOS MARTIRES,-74.09586258,4.596904979000044,POINT (-74.09586258 4.596904979000044),SANTA ISABEL
2023,ALCALDIA,TOMAS RUEDA VARGAS SEDE B,370,SAN CRISTOBAL,-74.08832800099998,4.561553805000074,POINT (-74.08832800099998 4.561553805000074),SAN BLAS
2023,ALCALDIA,TUNJUELITO B,367,TUNJUELITO,-74.12478150499999,4.559472671000037,POINT (-74.12478150499999 4.559472671000037),TUNJUELITO
2023,ALCALDIA,SALON COMUNAL MONTERREY,366,KENNEDY,-74.14783572499994,4.643097501000057,POINT (-74.14783572499994 4.643097501000057),CASTILLA
2023,ALCALDIA,SAN JORGE,365,RAFAEL URIBE URIBE,-74.12034817099999,4.571727375000023,POINT (-74.12034817099999 4.571727375000023),MARCO FIDEL SUAREZ
2023,ALCALDIA,UNIMINUTO ESCUELA DE CONVENCIONES,364,ENGATIVA,-74.0886789471107,4.69900836554578,POINT (-74.0886789471107 4.69900836554578),MINUTO DE DIOS
2023,ALCALDIA,UNIVERSIDAD NACIONAL AUD ALFONSO LOPEZ,361,TEUSAQUILLO,-74.08986527599995,4.639493193000021,POINT (-74.08986527599995 4.639493193000021),PARQUE SIMON BOLIVAR - CAN
2023,ALCALDIA,DIVINO NIÑO,361,CIUDAD BOLIVAR,-74.13810351699993,4.537809185000071,POINT (-74.13810351699993 4.537809185000071),EL TESORO
2023,ALCALDIA,TANQUE-SIERRA MORENA,360,CIUDAD BOLIVAR,-74.16957684499994,4.574785834000068,POINT (-74.16957684499994 4.574785834000068),ISMAEL PERDOMO
2023,ALCALDIA,SALON COMUNAL COMPARTIR 1,359,SUBA,-74.10591839499995,4.760252175000062,POINT (-74.10591839499995 4.760252175000062),TIBABUYES
2023,ALCALDIA,SALON COMUNAL CIUDAD JARDIN NORTE,359,SUBA,-74.06971537899994,4.724471496000035,POINT (-74.06971537899994 4.724471496000035),NIZA
2023,ALCALDIA,JARDIN INFANTIL LARA BONILLA,359,CIUDAD BOLIVAR,-74.15760080399997,4.578585155000042,POINT (-74.15760080399997 4.578585155000042),JERUSALEM
2023,ALCALDIA,PARROQUIAL SAN JOSE,358,RAFAEL URIBE URIBE,-74.122114,4.569197,POINT (-74.122114 4.569197),MARCO FIDEL SUAREZ
2023,ALCALDIA,SAN JUANITO,357,RAFAEL URIBE URIBE,-74.11959751699999,4.575572201000057,POINT (-74.11959751699999 4.575572201000057),MARCO FIDEL SUAREZ
2023,ALCALDIA,CAFAM SANTA LUCIA,357,RAFAEL URIBE URIBE,-74.118477,4.574716,POINT (-74.118477 4.574716),MARCO FIDEL SUAREZ
2023,ALCALDIA,BETANIA,357,SUMAPAZ,-74.14625838299997,4.21789529800003,POINT (-74.14625838299997 4.21789529800003),
2023,ALCALDIA,VILLA JAVIER LA MARIA,356,SAN CRISTOBAL,-74.08339734299994,4.579778144000045,POINT (-74.08339734299994 4.579778144000045),SOSIEGO
2023,ALCALDIA,SAN JOAQUIN,356,ENGATIVA,-74.089027,4.680191,POINT (-74.089027 4.680191),LAS FERIAS
2023,ALCALDIA,NUSADAL,356,USME,-74.12011325299994,4.52479674500006,POINT (-74.12011325299994 4.52479674500006),GRAN YOMASA
2023,ALCALDIA,CARLOS ARANGO VELEZ SEDE A,355,KENNEDY,-74.13534321099996,4.607800367000038,POINT (-74.13534321099996 4.607800367000038),CARVAJAL
2023,ALCALDIA,AUTONOMA DE COLOMBIA,353,LA CANDELARIA,-74.07209575499996,4.598427877000063,POINT (-74.07209575499996 4.598427877000063),LA CANDELARIA
2023,ALCALDIA,INSTITUTO GUIMARC,349,BOSA,-74.19576440599997,4.602298087000065,POINT (-74.19576440599997 4.602298087000065),BOSA CENTRAL
2023,ALCALDIA,COLEGIO CIUDAD DE TECHO I,348,KENNEDY,-74.15085021999994,4.636721894000061,POINT (-74.15085021999994 4.636721894000061),CASTILLA
2023,ALCALDIA,CULTURA POPULAR,347,PUENTE ARANDA,-74.12538362199996,4.601407545000029,POINT (-74.12538362199996 4.601407545000029),MUZU
2023,ALCALDIA,COLEGIO COOPERATIVO TIMIZA,347,KENNEDY,-74.15073440999998,4.608652926000048,POINT (-74.15073440999998 4.608652926000048),TIMIZA
2023,ALCALDIA,CINCO DE NOVIEMBRE,347,ANTONIO NARINO,-74.12591339999994,4.59338139700003,POINT (-74.12591339999994 4.59338139700003),MUZU
2023,ALCALDIA,ALTOS DE JALISCO,347,CIUDAD BOLIVAR,-74.13929741599998,4.55577596400002,POINT (-74.13929741599998 4.55577596400002),LUCERO
2023,ALCALDIA,COLEGIO  RESTREPO MILLAN SEDE  A,346,RAFAEL URIBE URIBE,-74.12087786999996,4.579301705000034,POINT (-74.12087786999996 4.579301705000034),QUIROGA
2023,ALCALDIA,CENTRO EDUCATIVO SCALAS,346,ENGATIVA,-74.10620783599995,4.690014812000072,POINT (-74.10620783599995 4.690014812000072),BOYACA REAL
2023,ALCALDIA,MONTEBELLO SEDE B,345,SAN CRISTOBAL,-74.08962597099998,4.563757251000027,POINT (-74.08962597099998 4.563757251000027),20 DE JULIO
2023,ALCALDIA,LA PALESTINA,337,ENGATIVA,-74.19364580199993,4.611871835000045,POINT (-74.19364580199993 4.611871835000045),BOSA CENTRAL
2023,ALCALDIA,COLEGIO JOSE EUSTASIO RIVERA,337,USME,-74.12277975999996,4.475316409000072,POINT (-74.12277975999996 4.475316409000072),CIUDAD USME
2023,ALCALDIA,COLEGIO FRIEDRICH NAUMANN SEDE B,336,USAQUEN,-74.02262571499995,4.748363572000073,POINT (-74.02262571499995 4.748363572000073),LA URIBE
2023,ALCALDIA,SALON COMUNAL SAN  FRANCISCO I SECTOR,335,CIUDAD BOLIVAR,-74.14515809899996,4.564640862000033,POINT (-74.14515809899996 4.564640862000033),SAN FRANCISCO
2023,ALCALDIA,UNIVERSIDAD ANTONIO NARIÑO,331,SANTA FE,-74.07257022899995,4.603251022000052,POINT (-74.07257022899995 4.603251022000052),LAS NIEVES
2023,ALCALDIA,VEREDA QUIBA,329,CIUDAD BOLIVAR,-74.16620634799995,4.52830381800004,POINT (-74.16620634799995 4.52830381800004),
2023,ALCALDIA,LA Y SANTA ROSA,328,SUMAPAZ,-74.16104312099998,4.39716816300006,POINT (-74.16104312099998 4.39716816300006),
2023,ALCALDIA,CENTRO COMERCIAL BIMA,326,SUBA,-74.03807322399996,4.806448269000043,POINT (-74.03807322399996 4.806448269000043),GUAYMARAL
2023,ALCALDIA,LA MARQUEZA,320,RAFAEL URIBE URIBE,-74.106957,4.543018,POINT (-74.106957 4.543018),DIANA TURBAY
2023,ALCALDIA,SALON COMUNAL NUEVA PRIMAVERA,319,PUENTE ARANDA,-74.11017335199995,4.617838494000068,POINT (-74.11017335199995 4.617838494000068),SAN RAFAEL
2023,ALCALDIA,BALMORAL,318,CIUDAD BOLIVAR,-74.16167387499996,4.591654939000023,POINT (-74.16167387499996 4.591654939000023),ISMAEL PERDOMO
2023,ALCALDIA,COLEGIO LUZ Y VIDA,310,KENNEDY,-74.15926272099995,4.638695688000041,POINT (-74.15926272099995 4.638695688000041),PATIO BONITO
2023,ALCALDIA,SALON COMUNAL VILLA CLAUDIA,307,KENNEDY,-74.12914229099994,4.617273996000051,POINT (-74.12914229099994 4.617273996000051),AMERICAS
2023,ALCALDIA,MIRADOR DE MARROCOS,305,RAFAEL URIBE URIBE,-74.11357177299993,4.557800496000027,POINT (-74.11357177299993 4.557800496000027),MARRUECOS
2023,ALCALDIA,BOSQUES DE MARIANA,305,ENGATIVA,-74.12430789199993,4.707854484000052,POINT (-74.12430789199993 4.707854484000052),GARCES NAVAS
2023,ALCALDIA,LORETO DE CASTILLA,304,KENNEDY,-74.14319126699996,4.639170746000048,POINT (-74.14319126699996 4.639170746000048),CASTILLA
2023,ALCALDIA,SALÓN COMUNAL SAN ANTONIO SUR,300,ANTONIO NARINO,-74.09567293699996,4.590876381000044,POINT (-74.09567293699996 4.590876381000044),RESTREPO
2023,ALCALDIA,VEINTIUN ANGELES SEDE A - IED,299,SUBA,-74.08034907899997,4.74945266800006,POINT (-74.08034907899997 4.74945266800006),SUBA
2023,ALCALDIA,ALFREDO NOBEL,299,BOSA,-74.18766827899998,4.606167820000053,POINT (-74.18766827899998 4.606167820000053),BOSA CENTRAL
2023,ALCALDIA,LAS QUINTAS,298,CIUDAD BOLIVAR,-74.14440778299996,4.542262439000069,POINT (-74.14440778299996 4.542262439000069),LUCERO
2023,ALCALDIA,LA CONCEPCION,298,BOSA,-74.19331434299994,4.621691033000047,POINT (-74.19331434299994 4.621691033000047),BOSA OCCIDENTAL
2023,ALCALDIA,CENTRO MEMORIA,298,LOS MARTIRES,-74.07725251699998,4.618683373000067,POINT (-74.07725251699998 4.618683373000067),LA SABANA
2023,ALCALDIA,CORDILLERA,296,CIUDAD BOLIVAR,-74.14964727999995,4.539866762000031,POINT (-74.14964727999995 4.539866762000031),LUCERO
2023,ALCALDIA,MIGUEL ANGEL ASTURIAS,293,BOSA,-74.18020678799996,4.603579112000034,POINT (-74.18020678799996 4.603579112000034),BOSA CENTRAL
2023,ALCALDIA,LICEO LOPEZ OSORIO,290,BOSA,-74.19814927399995,4.622339261000036,POINT (-74.19814927399995 4.622339261000036),BOSA OCCIDENTAL
2023,ALCALDIA,COLEGIO LESTONAC,290,ENGATIVA,-74.09906523499996,4.708032957000057,POINT (-74.09906523499996 4.708032957000057),MINUTO DE DIOS
2023,ALCALDIA,BOLONIA,286,USME,-74.09865008799994,4.51101155200007,POINT (-74.09865008799994 4.51101155200007),GRAN YOMASA
2023,ALCALDIA,PASQUILLA,285,CIUDAD BOLIVAR,-74.15583652,4.448451586000033,POINT (-74.15583652 4.448451586000033),
2023,ALCALDIA,NACIONES UNIDAS SEDE B,285,ENGATIVA,-74.08858584999996,4.684366278000027,POINT (-74.08858584999996 4.684366278000027),LAS FERIAS
2023,ALCALDIA,SAN JOAQUIN DEL VATICANO,1655,CIUDAD BOLIVAR,-74.14493207799995,4.537077279000073,POINT (-74.14493207799995 4.537077279000073),EL TESORO
2023,ALCALDIA,COLEGIO LA VICTORIA SEDE A,282,SAN CRISTOBAL,-74.09342703099998,4.55225703800005,POINT (-74.09342703099998 4.55225703800005),LA GLORIA
2023,ALCALDIA,PORFIRIO BARBA JACOB,281,TUNJUELITO,-74.12999242699993,4.565889019000053,POINT (-74.12999242699993 4.565889019000053),TUNJUELITO
2023,ALCALDIA,COLEGIO JORGE ISAACS,281,BOSA,-74.20192807299998,4.626632614000073,POINT (-74.20192807299998 4.626632614000073),TINTAL SUR
2023,ALCALDIA,ESTADOS UNIDOS DE AMERICA,279,RAFAEL URIBE URIBE,-74.10600814799994,4.584815527000046,POINT (-74.10600814799994 4.584815527000046),QUIROGA
2023,ALCALDIA,EL RODEO SEDE B LA GLORIA,277,SAN CRISTOBAL,-74.0929,4.5462,POINT (-74.0929 4.5462),LA GLORIA
2023,ALCALDIA,VAN UDEN CALLE 13,270,FONTIBON,-74.160905,4.688375,POINT (-74.160905 4.688375),FONTIBON SAN PABLO
2023,ALCALDIA,COOPERATIVO NUEVO MUZU,269,TUNJUELITO,-74.1479417799999,4.587398303000043,POINT (-74.1479417799999 4.587398303000043),VENECIA
2023,ALCALDIA,COLEGIO SAN PEDRO CLAVER SEDE B,266,KENNEDY,-74.1611,4.622,POINT (-74.1611 4.622),KENNEDY CENTRAL
2023,ALCALDIA,PARIS GAITAN,263,ENGATIVA,-74.09788414099995,4.704805792000059,POINT (-74.09788414099995 4.704805792000059),MINUTO DE DIOS
2023,ALCALDIA,CLARETIANO EL LIBERTADOR,263,BOSA,-74.18431697899996,4.610117728000034,POINT (-74.18431697899996 4.610117728000034),BOSA CENTRAL
2023,ALCALDIA,ALTOS DE LA ESTANCIA,263,CIUDAD BOLIVAR,-74.18192706699995,4.591730873000074,POINT (-74.18192706699995 4.591730873000074),ISMAEL PERDOMO
2023,ALCALDIA,AGUAS CLARAS,263,SAN CRISTOBAL,-74.06739883899996,4.562157227000057,POINT (-74.06739883899996 4.562157227000057),
2023,ALCALDIA,LICEO SAN PABLO,262,RAFAEL URIBE URIBE,-74.11162578799997,4.554455884000049,POINT (-74.11162578799997 4.554455884000049),MARRUECOS
2023,ALCALDIA,COLEGIO DEL ROSARIO DE SANTO DOMINGO,261,CHAPINERO,-74.05235526999996,4.647583970000028,POINT (-74.05235526999996 4.647583970000028),PARDO RUBIO
2023,ALCALDIA,EL DESTINO,260,USME,-74.13895919099997,4.408202995000067,POINT (-74.13895919099997 4.408202995000067),
2023,ALCALDIA,SALON COMUNAL BOCHICA CENTRAL,257,PUENTE ARANDA,-74.10840605299995,4.60302802800004,POINT (-74.10840605299995 4.60302802800004),CIUDAD MONTES
2023,ALCALDIA,BELLA FLOR,255,CIUDAD BOLIVAR,-74.16173741799997,4.543303427000069,POINT (-74.16173741799997 4.543303427000069),LUCERO
2023,ALCALDIA,SURAMERICA,254,SAN CRISTOBAL,-74.09360624499999,4.565286383000057,POINT (-74.09360624499999 4.565286383000057),20 DE JULIO
2023,ALCALDIA,SALON COMUNAL VILLA INES,251,PUENTE ARANDA,-74.11175212099994,4.606371065000076,POINT (-74.11175212099994 4.606371065000076),CIUDAD MONTES
2023,ALCALDIA,ANTONIO RICAURTE,250,LOS MARTIRES,-74.09318330599996,4.605491684000071,POINT (-74.09318330599996 4.605491684000071),LA SABANA
2023,ALCALDIA,COLEGIO DISTRITAL JACKELINE,249,KENNEDY,-74.16273182399993,4.608990300000073,POINT (-74.16273182399993 4.608990300000073),TIMIZA
2023,ALCALDIA,SALON COMUNAL EL VERDUM,248,ENGATIVA,-74.13120750099995,4.702437302000021,POINT (-74.13120750099995 4.702437302000021),ENGATIVA
2023,ALCALDIA,EL REAL,248,ENGATIVA,-74.10434447299997,4.68314016100004,POINT (-74.10434447299997 4.68314016100004),SANTA CECILIA
2023,ALCALDIA,UNIVERSIDAD JAVERIANA,244,CHAPINERO,-74.06433563699994,4.626828342000067,POINT (-74.06433563699994 4.626828342000067),CHAPINERO
2023,ALCALDIA,REPUBLICA DE PANAMA SEDE C,244,BARRIOS UNIDOS,-74.07657953099994,4.676408762000051,POINT (-74.07657953099994 4.676408762000051),DOCE DE OCTUBRE
2023,ALCALDIA,COMUNIDAD COLEGIO FE Y ALEGRIA,243,ENGATIVA,-74.11897248999998,4.708199285000035,POINT (-74.11897248999998 4.708199285000035),GARCES NAVAS
2023,ALCALDIA,NUEVA DELHI,242,SAN CRISTOBAL,-74.08716431099998,4.528164052000022,POINT (-74.08716431099998 4.528164052000022),LOS LIBERTADORES
2023,ALCALDIA,SALON COMUNAL SANTA CATALINA,240,KENNEDY,-74.15486891099994,4.606108603000052,POINT (-74.15486891099994 4.606108603000052),TIMIZA
2023,ALCALDIA,SALON COMUNAL SAN PEDRO DE TIBABUYES,240,SUBA,-74.11793439799999,4.746355409000046,POINT (-74.11793439799999 4.746355409000046),TIBABUYES
2023,ALCALDIA,DOMINGO FAUSTINO SARMIENTO SEDE B,240,BARRIOS UNIDOS,-74.06668700999995,4.680526826000062,POINT (-74.06668700999995 4.680526826000062),LOS ANDES
2023,ALCALDIA,VILLAS DEL PROGRESO,237,BOSA,-74.20077282899996,4.625149429000032,POINT (-74.20077282899996 4.625149429000032),BOSA OCCIDENTAL
2023,ALCALDIA,RAMAJAL AMAPOLAS,234,SAN CRISTOBAL,-74.0829,4.5596,POINT (-74.0829 4.5596),SAN BLAS
2023,ALCALDIA,COLEGIO NORTE ADVENTISTA,230,ENGATIVA,-74.09436381399996,4.683743503000073,POINT (-74.09436381399996 4.683743503000073),LAS FERIAS
2023,ALCALDIA,RAFAEL DELGADO SEDE C,229,RAFAEL URIBE URIBE,-74.1252,4.5871,POINT (-74.1252 4.5871),QUIROGA
2023,ALCALDIA,COLEGIO DISTRITAL LA EQUIDAD SALUDCOOP,223,USAQUEN,-74.01616506799996,4.735055422000073,POINT (-74.01616506799996 4.735055422000073),SAN CRISTOBAL NORTE
2023,ALCALDIA,SAN GERONIMO,219,SAN CRISTOBAL,-74.07476983,4.569051082000044,POINT (-74.07476983 4.569051082000044),SAN BLAS
2023,ALCALDIA,SOLEDAD NORTE,218,ENGATIVA,-74.10230600199998,4.696039770000027,POINT (-74.10230600199998 4.696039770000027),BOYACA REAL
2023,ALCALDIA,COLEGIO DEL PILAR,218,TEUSAQUILLO,-74.07527643799995,4.65073522800003,POINT (-74.07527643799995 4.65073522800003),GALERIAS
2023,ALCALDIA,SALÓN COMUNAL LA PAZ NARANJOS,215,RAFAEL URIBE URIBE,-74.11372139099996,4.541364460000068,POINT (-74.11372139099996 4.541364460000068),DIANA TURBAY
2023,ALCALDIA,SALON COMUNAL PARAISO EL TROPIHUECO,215,CHAPINERO,-74.06058271599994,4.626993923000043,POINT (-74.06058271599994 4.626993923000043),PARDO RUBIO
2023,ALCALDIA,INTEGRADO SEDE B,215,FONTIBON,-74.14624404899996,4.68311940600006,POINT (-74.14624404899996 4.68311940600006),FONTIBON
2023,ALCALDIA,COLEGIO ADVENTISTA EMMANUEL,215,ANTONIO NARINO,-74.09755352499997,4.58883159100003,POINT (-74.09755352499997 4.58883159100003),RESTREPO
2023,ALCALDIA,COLEGIO MILITAR MANUEL MURILLO TORO,214,KENNEDY,-74.13596251599995,4.616207164000059,POINT (-74.13596251599995 4.616207164000059),AMERICAS
2023,ALCALDIA,EL RODEO SEDE A,213,SAN CRISTOBAL,-74.09524105699995,4.551325329000065,POINT (-74.09524105699995 4.551325329000065),LA GLORIA
2023,ALCALDIA,VILLA ANDREA,211,FONTIBON,-74.16663541699995,4.695402256000023,POINT (-74.16663541699995 4.695402256000023),FONTIBON SAN PABLO
2023,ALCALDIA,CIRCULO COLOMBIANO DE ARTISTAS,210,TEUSAQUILLO,-74.07842896999995,4.636136779000026,POINT (-74.07842896999995 4.636136779000026),GALERIAS
2023,ALCALDIA,UNIVERSIDAD INCCA DE COLOMBIA,209,SANTA FE,-74.07312632399999,4.611820395000052,POINT (-74.07312632399999 4.611820395000052),LAS NIEVES
2023,ALCALDIA,FERNANDO SOTO APARICIO,208,KENNEDY,-74.14748936899997,4.61881403600006,POINT (-74.14748936899997 4.61881403600006),KENNEDY CENTRAL
2023,ALCALDIA,COLEGIO DEL BOSQUE,206,SUBA,-74.06019420299998,4.757163282000022,POINT (-74.06019420299998 4.757163282000022),SAN JOSE DE BAVARIA
2023,ALCALDIA,LA SALLE LA CANDELARIA,205,LA CANDELARIA,-74.07107875399998,4.594902388000037,POINT (-74.07107875399998 4.594902388000037),LA CANDELARIA
2023,ALCALDIA,ALCALA SEDE B,205,ENGATIVA,-74.09316965899995,4.681993065000029,POINT (-74.09316965899995 4.681993065000029),LAS FERIAS
2023,ALCALDIA,LA FAENA,204,ENGATIVA,-74.13791883399995,4.717575448000048,POINT (-74.13791883399995 4.717575448000048),ENGATIVA
2023,ALCALDIA,SUPERCADE CAD,202,TEUSAQUILLO,-74.08150577299995,4.625532341000053,POINT (-74.08150577299995 4.625532341000053),TEUSAQUILLO
2023,ALCALDIA,LA CASTAÑA,202,SAN CRISTOBAL,-74.07984101499994,4.566594819000045,POINT (-74.07984101499994 4.566594819000045),SAN BLAS
2023,ALCALDIA,GEMA,202,KENNEDY,-74.17686551899999,4.607525829000053,POINT (-74.17686551899999 4.607525829000053),TIMIZA
2023,ALCALDIA,BICENTENARIO DE LA INDEPENDENCIA,202,BOSA,-74.20381151,4.614984478000054,POINT (-74.20381151 4.614984478000054),BOSA CENTRAL
2023,ALCALDIA,LICEO REYNEL,200,KENNEDY,-74.1385675399999,4.602633997000055,POINT (-74.1385675399999 4.602633997000055),CARVAJAL
2023,ALCALDIA,COLEGIO ANDRES ESCOBAR,199,USME,-74.11464667099995,4.538386220000064,POINT (-74.11464667099995 4.538386220000064),DANUBIO
2023,ALCALDIA,INTEG. RAFAEL DELGADO SALGUERO,198,RAFAEL URIBE URIBE,-74.11932320699998,4.583981134000055,POINT (-74.11932320699998 4.583981134000055),QUIROGA
2023,ALCALDIA,SALON COMUNAL TORREMOLINOS I,179,PUENTE ARANDA,-74.12350126099994,4.608688636000068,POINT (-74.12350126099994 4.608688636000068),CIUDAD MONTES
2023,ALCALDIA,MOCHUELO ALTO,179,CIUDAD BOLIVAR,-74.14828891199994,4.488795608000032,POINT (-74.14828891199994 4.488795608000032),
2023,ALCALDIA,COLEGIO RR OBLATAS AL DIVINO AMOR,178,ENGATIVA,-74.10683513399994,4.66938293100003,POINT (-74.10683513399994 4.66938293100003),SANTA CECILIA
2023,ALCALDIA,CASA PENSAMIENTO INTERCULTURAL,178,FONTIBON,-74.15174360399999,4.666352905000053,POINT (-74.15174360399999 4.666352905000053),ZONA FRANCA
2023,ALCALDIA,FERROCAJA,174,FONTIBON,-74.13840758799995,4.67602019900005,POINT (-74.13840758799995 4.67602019900005),FONTIBON
2023,ALCALDIA,SALON COMUNAL SIERRA MORENA I,171,CIUDAD BOLIVAR,-74.16745589099997,4.581285367000021,POINT (-74.16745589099997 4.581285367000021),ISMAEL PERDOMO
2023,ALCALDIA,SALON COMUNAL SAN ISIDRO II SECTOR,167,SAN CRISTOBAL,-74.10067470999996,4.567081336000058,POINT (-74.10067470999996 4.567081336000058),20 DE JULIO
2023,ALCALDIA,FUNDACION ANA RESTREPO DEL CORRAL,166,USAQUEN,-74.02224768299999,4.705022529000075,POINT (-74.02224768299999 4.705022529000075),USAQUEN
2023,ALCALDIA,COLEGIO OEA ANTONIA SANTOS,166,KENNEDY,-74.14082055399996,4.609080687000073,POINT (-74.14082055399996 4.609080687000073),CARVAJAL
2023,ALCALDIA,I E AQUILEO PARRA SEDE PRIMARIA,164,USAQUEN,-74.03934941899996,4.765408610000065,POINT (-74.03934941899996 4.765408610000065),VERBENAL
2023,ALCALDIA,SALON COMUNAL ANDALUCIA II SECTOR,161,KENNEDY,-74.13694453599999,4.653618251000069,POINT (-74.13694453599999 4.653618251000069),CASTILLA
2023,ALCALDIA,EL CHARCO,157,FONTIBON,-74.16143794499999,4.692487530000051,POINT (-74.16143794499999 4.692487530000051),FONTIBON SAN PABLO
2023,ALCALDIA,CALASANZ BUENAVISTA,156,CIUDAD BOLIVAR,-74.13948629599997,4.540313724000043,POINT (-74.13948629599997 4.540313724000043),EL TESORO
2023,ALCALDIA,SALON COMUNAL ISLA DEL SOL,151,TUNJUELITO,-74.15250680099996,4.589211385000056,POINT (-74.15250680099996 4.589211385000056),VENECIA
2023,ALCALDIA,SAGRADO CORAZON,151,KENNEDY,-74.17712050399996,4.620347683000034,POINT (-74.17712050399996 4.620347683000034),GRAN BRITALIA
2023,ALCALDIA,CENTRO EDUCATIVO DISTRITAL ESPAÑA,150,PUENTE ARANDA,-74.09303402199998,4.62180607800002,POINT (-74.09303402199998 4.62180607800002),ZONA INDUSTRIAL
2023,ALCALDIA,COLEGIO SAN RAFAEL SEDE A,149,KENNEDY,-74.16240131,4.617571588000033,POINT (-74.16240131 4.617571588000033),KENNEDY CENTRAL
2023,ALCALDIA,JORGE GAITAN CORTES,148,PUENTE ARANDA,-74.11216463399995,4.597531104000041,POINT (-74.11216463399995 4.597531104000041),CIUDAD MONTES
2023,ALCALDIA,UNIVERSIDAD AREA ANDINA,145,CHAPINERO,-74.06230300399994,4.655955816000073,POINT (-74.06230300399994 4.655955816000073),CHICO LAGO
2023,ALCALDIA,VILLA ELISA SEDE B IED,144,SUBA,-74.09331632599998,4.722742548000042,POINT (-74.09331632599998 4.722742548000042),EL RINCON
2023,ALCALDIA,SALON COMUNAL TIBABITA,138,USAQUEN,-74.02949776099996,4.768201207000061,POINT (-74.02949776099996 4.768201207000061),VERBENAL
2023,ALCALDIA,MARISCAL SUCRE SEDE B,131,CHAPINERO,-74.06121181399999,4.630713135000065,POINT (-74.06121181399999 4.630713135000065),PARDO RUBIO
2023,ALCALDIA,CLARELANDIA,131,BOSA,-74.18236763199997,4.61373631400005,POINT (-74.18236763199997 4.61373631400005),BOSA CENTRAL
2023,ALCALDIA,SALON COMUNAL LA ROCA,130,SAN CRISTOBAL,-74.07772638199998,4.577924430000053,POINT (-74.07772638199998 4.577924430000053),SAN BLAS
2023,ALCALDIA,LICEO FEMENINO MERCEDES NARIÑO,130,RAFAEL URIBE URIBE,-74.10338391199997,4.58055906200002,POINT (-74.10338391199997 4.58055906200002),SAN JOSE
2023,ALCALDIA,COLEGIO MAYOR JOSE CELESTINO MUTIS,129,USAQUEN,-74.03262163799997,4.763095999000029,POINT (-74.03262163799997 4.763095999000029),VERBENAL
2023,ALCALDIA,EL HATO,128,USME,-74.17951987699996,4.36958887000003,POINT (-74.17951987699996 4.36958887000003),
2023,ALCALDIA,MORALBA,124,SAN CRISTOBAL,-74.08128968099999,4.543021546000034,POINT (-74.08128968099999 4.543021546000034),LA GLORIA
2023,ALCALDIA,SALON COMUNAL CIUDAD BERNA,123,ANTONIO NARINO,-74.09064141199997,4.585048149000045,POINT (-74.09064141199997 4.585048149000045),CIUDAD JARDIN
2023,ALCALDIA,EL JARDIN,119,FONTIBON,-74.13252331799998,4.683248644000059,POINT (-74.13252331799998 4.683248644000059),CAPELLANIA
2023,ALCALDIA,LICEO ARKADIA,115,SUBA,-74.11198905799995,4.739303391000021,POINT (-74.11198905799995 4.739303391000021),TIBABUYES
2023,ALCALDIA,GIMNASIO SANTA MARIA DEL ALCAZAR,115,ENGATIVA,-74.10817359599997,4.683512212000039,POINT (-74.10817359599997 4.683512212000039),SANTA CECILIA
2023,ALCALDIA,ROMA COLSUBSIDIO,112,SAN CRISTOBAL,-74.09591549099997,4.541079743000068,POINT (-74.09591549099997 4.541079743000068),LOS LIBERTADORES
2023,ALCALDIA,EL VERJON,112,SANTA FE,-74.02245577399998,4.605824588000075,POINT (-74.02245577399998 4.605824588000075),
2023,ALCALDIA,COLEGIO NUEVO HORIZONTE SEDE D TORCA,108,USAQUEN,-74.03027211099999,4.800523084000076,POINT (-74.03027211099999 4.800523084000076),
2023,ALCALDIA,LEON VALENCIA,107,ENGATIVA,-74.10861136299997,4.70431129800005,POINT (-74.10861136299997 4.70431129800005),BOYACA REAL
2023,ALCALDIA,METRO ALQUERIA,105,KENNEDY,-74.13464627899998,4.602679980000062,POINT (-74.13464627899998 4.602679980000062),CARVAJAL
2023,ALCALDIA,JOSE JOAQUIN CASAS SEDE A,97,PUENTE ARANDA,-74.10840159599996,4.632606211000052,POINT (-74.10840159599996 4.632606211000052),PUENTE ARANDA
2023,ALCALDIA,VIA AL LLANO,95,USME,-74.10721802999996,4.507312379000041,POINT (-74.10721802999996 4.507312379000041),GRAN YOMASA
2023,ALCALDIA,NUESTRA SEÑORA LAS VICTORIAS,92,TUNJUELITO,-74.12895936099994,4.559268020000047,POINT (-74.12895936099994 4.559268020000047),TUNJUELITO
2023,ALCALDIA,HELADIA MEJIA SEDE A,92,BARRIOS UNIDOS,-74.06566702999999,4.653123516000051,POINT (-74.06566702999999 4.653123516000051),LOS ALCAZARES
2023,ALCALDIA,COLEGIO ERNESTO GUHL,92,KENNEDY,-74.17243267099997,4.63320807100007,POINT (-74.17243267099997 4.63320807100007),PATIO BONITO
2023,ALCALDIA,MARANDU,90,CIUDAD BOLIVAR,-74.14910818199996,4.557420117000049,POINT (-74.14910818199996 4.557420117000049),LUCERO
2023,ALCALDIA,SALON COMUNAL VILLA NIDIA,89,USAQUEN,-74.02081488299996,4.734658377000073,POINT (-74.02081488299996 4.734658377000073),SAN CRISTOBAL NORTE
2023,ALCALDIA,ENTRE NUBES SEDE A,81,SAN CRISTOBAL,-74.09763958199994,4.547742928000048,POINT (-74.09763958199994 4.547742928000048),LA GLORIA
2023,ALCALDIA,SALÓN COMUNAL CEBADAL,80,RAFAEL URIBE URIBE,-74.115074,4.543416,POINT (-74.115074 4.543416),DIANA TURBAY
2023,ALCALDIA,COLEGIO  TORIBIO DE MOGROVEJO,79,RAFAEL URIBE URIBE,-74.11225628999995,4.547353368000074,POINT (-74.11225628999995 4.547353368000074),DIANA TURBAY
2023,ALCALDIA,LORENCITA VILLEGAS DE SANTOS,78,BARRIOS UNIDOS,-74.07196111599995,4.672640182000066,POINT (-74.07196111599995 4.672640182000066),DOCE DE OCTUBRE
2023,ALCALDIA,LICEO CAMPESTRE CAFAM,78,TUNJUELITO,-74.14339962299994,4.577950295000051,POINT (-74.14339962299994 4.577950295000051),VENECIA
2023,ALCALDIA,ICES LAS BRISAS,78,CIUDAD BOLIVAR,-74.17109082199994,4.568241478000061,POINT (-74.17109082199994 4.568241478000061),JERUSALEM
2023,ALCALDIA,COLEGIO CIUDAD DE FOMEQUE,76,KENNEDY,-74.17544944299993,4.640719494000052,POINT (-74.17544944299993 4.640719494000052),PATIO BONITO
2023,ALCALDIA,SALON COMUNAL EDUARDO FREI,75,ANTONIO NARINO,-74.11702177499996,4.59077097200003,POINT (-74.11702177499996 4.59077097200003),RESTREPO
2023,ALCALDIA,TORRE MAYOR,69,RAFAEL URIBE URIBE,-74.11768289499997,4.588368023000044,POINT (-74.11768289499997 4.588368023000044),QUIROGA
2023,ALCALDIA,MILLAN,69,CIUDAD BOLIVAR,-74.14900003799994,4.562076434000062,POINT (-74.14900003799994 4.562076434000062),SAN FRANCISCO
2023,ALCALDIA,LAS MANAS,68,CIUDAD BOLIVAR,-74.15942014099994,4.568373946000065,POINT (-74.15942014099994 4.568373946000065),JERUSALEM
2023,ALCALDIA,RAFAEL BERNAL JIMENEZ SEDE A,67,BARRIOS UNIDOS,-74.07350123799995,4.671847539000055,POINT (-74.07350123799995 4.671847539000055),DOCE DE OCTUBRE
2023,ALCALDIA,CHORRILLOS,67,SUBA,-74.091257,4.784889,POINT (-74.091257 4.784889),
2023,ALCALDIA,11 DE NOVIEMBRE,65,BARRIOS UNIDOS,-74.06914313799996,4.668502697000065,POINT (-74.06914313799996 4.668502697000065),LOS ALCAZARES
2023,ALCALDIA,PENITENCIARIA LA PICOTA,64,NACIONAL,-74.11642879899995,4.549164521000023,POINT (-74.11642879899995 4.549164521000023),MARRUECOS
2023,ALCALDIA,CENTRO EDUCATIVO LIBERTAD,64,TEUSAQUILLO,-74.07251158799994,4.622245393000071,POINT (-74.07251158799994 4.622245393000071),TEUSAQUILLO
2023,ALCALDIA,NICOLAS ESGUERRA,61,KENNEDY,-74.12260323399994,4.632326105000061,POINT (-74.12260323399994 4.632326105000061),BAVARIA
2023,ALCALDIA,COLEGIO JOSE MARTI LUIS LOPEZ DE MESA,52,RAFAEL URIBE URIBE,-74.11197877499995,4.573164483000028,POINT (-74.11197877499995 4.573164483000028),MARCO FIDEL SUAREZ
2023,ALCALDIA,SALON COMUNAL DIANAT SECTOR AYACUCHO,50,RAFAEL URIBE URIBE,-74.10465478799995,4.54369487200006,POINT (-74.10465478799995 4.54369487200006),DIANA TURBAY
2023,ALCALDIA,SIDAUTO,46,ENGATIVA,-74.09904223699994,4.709017951000021,POINT (-74.09904223699994 4.709017951000021),MINUTO DE DIOS
2023,ALCALDIA,COLEGIO NUESTRA SEÑORA DE LA PAZ,43,ANTONIO NARINO,-74.11326542499995,4.588895247000039,POINT (-74.11326542499995 4.588895247000039),RESTREPO
2023,ALCALDIA,SALON COMUNAL SEVILLA SUR,40,ANTONIO NARINO,-74.09024811999996,4.59027577300003,POINT (-74.09024811999996 4.59027577300003),CIUDAD JARDIN
2023,ALCALDIA,GIMNASIO GARABATOS DE COLORES,40,BOSA,-74.18643816399998,4.605811539000058,POINT (-74.18643816399998 4.605811539000058),BOSA CENTRAL
2023,ALCALDIA,SALON COMUNAL RAFAEL EUCALIPTOS,38,PUENTE ARANDA,-74.11451810499995,4.61952481000003,POINT (-74.11451810499995 4.61952481000003),SAN RAFAEL
2023,ALCALDIA,SAN JUAN DE SUMAPAZ,36,SUMAPAZ,-74.31516925599993,4.028746789000024,POINT (-74.31516925599993 4.028746789000024),
2023,ALCALDIA,SANTA ROSA,32,CIUDAD BOLIVAR,-74.16104312099998,4.39716816300006,POINT (-74.16104312099998 4.39716816300006),
2023,ALCALDIA,COLEGIO RAMON JIMENO,27,SANTA FE,-74.06499824099996,4.60948735300002,POINT (-74.06499824099996 4.60948735300002),LA MACARENA
2023,ALCALDIA,COLEGIO RURAL EL UVAL,25,USME,-74.10525,4.47759,POINT (-74.10525 4.47759),CIUDAD USME
2023,ALCALDIA,LA UNION,22,SUMAPAZ,-74.36349309199994,3.98574147100004,POINT (-74.36349309199994 3.98574147100004),
2023,ALCALDIA,RECLUSION DE MUJERES EL BUEN PASTOR,15,NACIONAL,-74.07286631999995,4.682627639000032,POINT (-74.07286631999995 4.682627639000032),LOS ANDES
2023,ALCALDIA,ANTIGUO COUNTRY PLAZOLETA CARULLA,3982,CHAPINERO,-74.07001943899996,4.59294339500002,POINT (-74.07001943899996 4.59294339500002),LA CANDELARIA
2023,ALCALDIA,ARBORIZADORA BAJA,2785,CIUDAD BOLIVAR,-74.1499205179189,4.5743303249144,POINT (-74.1499205179189 4.5743303249144),ARBORIZADORA
2023,ALCALDIA,BELLAVISTA SAN CRISTOBAL,1881,SAN CRISTOBAL,-74.0884874,4.5509337,POINT (-74.0884874 4.5509337),SAN BLAS
2023,ALCALDIA,CARCEL DISTRITAL,42,LA CANDELARIA,-74.07001943899996,4.59294339500002,POINT (-74.07001943899996 4.59294339500002),LA CANDELARIA
2023,ALCALDIA,CARCEL DISTRITAL JUDICIAL MODELO,29,CIUDAD BOLIVAR,-74.3145334759999,4.54050315800004,POINT (-74.3145334759999 4.54050315800004),
2023,ALCALDIA,CEDRO GOLF,3667,USAQUEN,-74.02642592299998,4.725494393000076,POINT (-74.02642592299998 4.725494393000076),LOS CEDROS
2023,ALCALDIA,CHICO LICEO FRANCES LOUIS PASTEUR,6160,CIUDAD BOLIVAR,-74.04677355699994,4.666711980000059,POINT (-74.04677355699994 4.666711980000059),EL REFUGIO
2023,ALCALDIA,COVIVIENDA DEL SUR ORIENTE,1837,RAFAEL URIBE URIBE,-74.11013651099995,4.54753987600003,POINT (-74.11013651099995 4.54753987600003),DIANA TURBAY
2023,ALCALDIA,EGIPTO,1274,LA CANDELARIA,-74.07001943899996,4.59294339500002,POINT (-74.07001943899996 4.59294339500002),LA CANDELARIA
2023,ALCALDIA,EGIPTO ESCUELA QUINTA DIAZ,284,LA CANDELARIA,-74.07054775499995,4.593216814000073,POINT (-74.07054775499995 4.593216814000073),LA CANDELARIA
2023,ALCALDIA,FUNDACION UNIVERSITARIA LUIS AMIGO,2214,SUBA,-74.07402013999996,4.71656025300007,POINT (-74.07402013999996 4.71656025300007),NIZA
2023,ALCALDIA,HUNZA SEDE A - IED,248,TUNJUELITO,-74.08725561599994,4.720686158000035,POINT (-74.08725561599994 4.720686158000035),EL RINCON
2023,ALCALDIA,INSTITUTO PEDAGOGICO NACIONAL,3956,USAQUEN,-74.03444790099996,4.704392982000059,POINT (-74.03444790099996 4.704392982000059),COUNTRY CLUB
2023,ALCALDIA,PARQUE FUNDACIONAL DE SUBA,6603,SUBA,-74.08333584699994,4.740931545000024,POINT (-74.08333584699994 4.740931545000024),SUBA
2023,ALCALDIA,CASAVIANCA,852,CIUDAD BOLIVAR,-74.18273609599999,4.59551443700002,POINT (-74.18273609599999 4.59551443700002),ISMAEL PERDOMO
2023,ALCALDIA,CASABLANCA 32,3106,KENNEDY,-74.16793260399999,4.618398016000071,POINT (-74.16793260399999 4.618398016000071),KENNEDY CENTRAL
2023,ALCALDIA,CASABLANCA SUBA,1092,SUBA,-74.0722159,4.7458817,POINT (-74.0722159 4.7458817),CASA BLANCA SUBA
